t[s],center_x,center_y,A_sample,dA_dx,dA_dy,amp,phi_var,phi_max,phi_min,phi_rms,E_micro,sigma_phi,micro_step_time[s],amp_noisy,phi_var_noisy,phi_rms_noisy,E_micro_noisy
0.1666666666666666,20000.0,20000.0,0.9997680800807648,7.991575804856814e-07,7.991575804850969e-07,0.9998840333162464,0.5052500094650313,1.0115975001356574,-1.011597500136714,0.7108094045664983,0.5546382362112557,168246.5674255635,0.5064685344696045,1.00323736550389,0.5053097039404258,0.7093828025426384,0.5549735694300201
0.3333333333333333,20000.0,20000.0,0.9997680800807648,7.991575804856814e-07,7.991575804850969e-07,0.9998840333162464,0.5078514504984144,1.0338005865181303,-1.0338005871100608,0.712636969728104,0.5573994645619893,168234.69039895016,0.2085866928100586,1.0040070527579237,0.5074216759506079,0.7093494366602486,0.557811766506157
0.5,20000.0,20000.0,0.9997680800807648,7.991575804856814e-07,7.991575804850969e-07,0.9998840333162464,0.5103494433946645,1.0578184717502856,-1.0578185216618257,0.7143874603377401,0.559984722714143,168236.56378153845,0.1985809803009033,1.0023566006650326,0.5104892697639583,0.713136225942291,0.5602319794490216
0.6666666666666666,20000.0,20000.0,0.9997680800807648,7.991575804856814e-07,7.991575804850969e-07,0.9998840333162464,0.5126893568842297,1.0755431031153873,-1.0755431031153866,0.7160232935771679,0.5622937995908426,168252.68845827034,0.1598274707794189,1.003067261191596,0.5101081476698721,0.7147137874337088,0.5626121223783775
0.8333333333333333,20000.0,20000.0,0.9997680800807648,7.991575804856814e-07,7.991575804850969e-07,0.9998840333162464,0.5148997395094329,1.0997184845990582,-1.0997184845990602,0.717565146553058,0.5646188819160007,168291.00992035773,0.6289269924163818,1.000554980789739,0.5132021246587389,0.716333459840066,0.56468597666335
1.0,20000.0,20000.0,0.9997680800807648,7.991575804856814e-07,7.991575804850969e-07,0.9998840333162464,0.5170093898201576,1.136729006882947,-1.1367148196548953,0.7190336500052861,0.5667244731255527,168358.07890892267,0.3243014812469482,1.0021320610525204,0.5157127253485975,0.7179217818207984,0.5669492758991801
1.1666666666666663,20000.0,20000.0,0.9997680800807648,7.991575804856814e-07,7.991575804850969e-07,0.9998840333162464,0.5190264707536285,1.184965537290498,-1.1849655372905052,0.7204349177832964,0.5687797256129243,168458.5163105518,0.3130886554718017,1.0020896406029518,0.5197378083202671,0.7210543431622638,0.5690002863415948
1.3333333333333333,20000.0,20000.0,0.9997680800807648,7.991575804856814e-07,7.991575804850969e-07,0.9998840333162464,0.5208610792544165,1.2331231946696972,-1.2331033616662124,0.7217070591702575,0.5706595494127173,168585.90919844885,0.7381782531738281,1.003301818553969,0.5214503329616609,0.7211333466400638,0.5710013279364896
1.5,20000.0,20000.0,0.9997680800807648,7.991575804856814e-07,7.991575804850969e-07,0.9998840333162464,0.5224682333673125,1.2647848777447086,-1.2650625153088717,0.7228196409670254,0.572230523872449,168736.95997419237,0.3805239200592041,1.0017593904913014,0.5233425475131033,0.7218586236661355,0.5724180595899545
1.6666666666666663,20000.0,20000.0,0.9997680800807648,7.991575804856814e-07,7.991575804850969e-07,0.9998840333162464,0.5239096394262819,1.2998642543949452,-1.299832755851956,0.7238160259573629,0.5737002319874588,168917.59471672575,0.2632479667663574,1.001285570338582,0.523541866741262,0.7234626957459513,0.5738403856896923
1.8333333333333333,20000.0,20000.0,0.9997680800807648,7.991575804856814e-07,7.991575804850969e-07,0.9998840333162464,0.5252470527752796,1.3468695986690693,-1.3844642435882804,0.7247392998806534,0.5750166300531105,169132.06848971825,0.5787434577941895,1.0016398679238963,0.5263953302881033,0.7247790434246097,0.5751922135138755
2.0,20000.0,20000.0,0.9997680800807648,7.991575804856814e-07,7.991575804850969e-07,0.9998840333162464,0.5264857509716296,1.4036595352866554,-1.5710441476206505,0.7255933785557781,0.5762470116681596,169378.49918703205,1.460709810256958,1.004638496371418,0.5288453815579027,0.7265804912249358,0.5767224579736768
60.16666666666666,21000.0,21000.0,0.9876029824810136,-1.5004898226071812e-05,-1.5004898226056718e-05,0.9937821604763358,0.4991127376921933,1.004206546707959,-1.0043063752620751,0.7064791137087881,0.5479005737196635,168402.8248265922,0.1975429058074951,0.996806614791184,0.49905647341641723,0.7057933407829204,0.5482030191511483
60.333333333333336,21000.0,21000.0,0.9876029824810136,-1.5004898226071812e-05,-1.5004898226056718e-05,0.9937821604763358,0.5016856904691458,1.025921124948632,-1.028479401068752,0.7082977417300964,0.5506324089975954,168442.52781393426,0.6201932430267334,0.9966380034612892,0.4993631299008707,0.7082062673615654,0.5509179932960907
60.5,21000.0,21000.0,0.9876029824810136,-1.5004898226071812e-05,-1.5004898226056718e-05,0.9937821604763358,0.5041553785906356,1.0496494851978693,-1.119199637657395,0.7100389983002793,0.5531901636419535,168492.19420030565,0.1903271675109863,0.994802734051905,0.5030817482097613,0.7108301366398712,0.5532922209995104
60.66666666666666,21000.0,21000.0,0.9876029824810136,-1.5004898226071812e-05,-1.5004898226056718e-05,0.9937821604763358,0.5064669561802037,1.070852228500913,-1.1638266809748408,0.7116649188503583,0.5554730851244107,168549.38236948784,0.500713586807251,0.9941811486390089,0.5051113579134361,0.7126254150475237,0.555512983940678
60.833333333333336,21000.0,21000.0,0.9876029824810136,-1.5004898226071812e-05,-1.5004898226056718e-05,0.9937821604763358,0.5086492445051912,1.092035458903973,-1.189182382961422,0.7131964982274767,0.5577703342299504,168621.5141513033,0.3445417881011963,0.9950375090062064,0.5081889278880808,0.7124245746080647,0.5578958690829374
61.0,21000.0,21000.0,0.9876029824810136,-1.5004898226071812e-05,-1.5004898226056718e-05,0.9937821604763358,0.5107298181675521,1.1281401534394644,-1.2244322313990617,0.7146536355274173,0.5598482085880848,168714.09855542105,0.4981989860534668,0.9972907956383951,0.5085991492420547,0.7142995858236784,0.5601990721042908
61.16666666666666,21000.0,21000.0,0.9876029824810136,-1.5004898226071812e-05,-1.5004898226056718e-05,0.9937821604763358,0.5127166337169143,1.1802719774168473,-1.2556410200453032,0.7160423411712833,0.5618731799757515,168829.9471347709,0.5921487808227539,0.9984750359243337,0.5104897568807563,0.7181111002948167,0.5623424675205513
61.333333333333336,21000.0,21000.0,0.9876029824810136,-1.5004898226071812e-05,-1.5004898226056718e-05,0.9937821604763358,0.5145210755720551,1.224993656430991,-1.2553817566052918,0.7173012451147217,0.5637219750679895,168960.62221262138,0.6361649036407471,0.9964747931166393,0.5131677931563932,0.7178353476446081,0.5639912383320198
61.5,21000.0,21000.0,0.9876029824810136,-1.5004898226071812e-05,-1.5004898226056718e-05,0.9937821604763358,0.5160971673150022,1.257055041048152,-1.2570550283694997,0.7183990311707924,0.5652605823668416,169100.66458398878,0.5790984630584717,0.9946356146417483,0.5142188464836331,0.7179365285689076,0.5653459277833829
61.66666666666666,21000.0,21000.0,0.9876029824810136,-1.5004898226071812e-05,-1.5004898226056718e-05,0.9937821604763358,0.5175078197740342,1.2923137569072618,-1.2923137564391378,0.7193801640588736,0.5666955547169172,169257.6005115608,0.6453678607940674,0.9965803931445377,0.5163497664744586,0.7181713006276014,0.5669753779837374
61.833333333333336,21000.0,21000.0,0.9876029824810136,-1.5004898226071812e-05,-1.5004898226056718e-05,0.9937821604763358,0.5188166800767837,1.3363407333623625,-1.3363405388190224,0.7202893035166651,0.5679779689493584,169438.5794409437,0.599062442779541,0.9994499402232444,0.5176334369948029,0.7191523047430002,0.5685447469240492
62.0,21000.0,21000.0,0.9876029824810136,-1.5004898226071812e-05,-1.5004898226056718e-05,0.9937821604763358,0.520028838374189,1.3964528506852476,-1.396451923330342,0.7211302511039299,0.5691731240559106,169642.3848326174,0.6002616882324219,0.9988352326796429,0.5193820879389295,0.7204648534919974,0.5696784312762413
120.16666666666669,21000.0,21000.0,0.9850191402502771,8.624572207408017e-06,8.62457220742254e-06,0.9924813047359016,0.4977983954876909,1.0022129869541856,-1.002256243311168,0.7055482943715247,0.5464581462092251,168276.8843214287,0.3895456790924072,0.9947402119946767,0.4988361909059542,0.7055929378062002,0.5466840369351026
120.33333333333331,21000.0,21000.0,0.9850191402502771,8.624572207408017e-06,8.62457220742254e-06,0.9924813047359016,0.5003613082336656,1.024665187992415,-1.0247295759813326,0.7073622186723804,0.5491785354230567,168263.92940834365,0.5635900497436523,0.9957497211155574,0.5019140444161352,0.7089016787427147,0.5495053770610223
120.5,21000.0,21000.0,0.9850191402502771,8.624572207408017e-06,8.62457220742254e-06,0.9924813047359016,0.5028220997817661,1.0505582757905918,-1.0505721148900633,0.7090994993074973,0.5517254762194876,168263.65495265863,0.6100959777832031,0.9959076633630908,0.5017810939139771,0.7106217692579399,0.5520681120822065
120.66666666666669,21000.0,21000.0,0.9850191402502771,8.624572207408017e-06,8.62457220742254e-06,0.9924813047359016,0.5051269137928468,1.0690345332155642,-1.0690345332155609,0.7107228108698409,0.5539998898459734,168276.52489786467,0.5663034915924072,0.9950973332852046,0.5047295976569294,0.7112615431972429,0.5542614927009036
120.83333333333331,21000.0,21000.0,0.9850191402502771,8.624572207408017e-06,8.62457220742254e-06,0.9924813047359016,0.5073040715530247,1.0890269637839327,-1.0890792694330873,0.7122528144015663,0.5562900197877654,168310.79114789068,0.5961182117462158,0.9924585294565775,0.5062959475581835,0.7108045623221502,0.556287742259833
121.0,21000.0,21000.0,0.9850191402502771,8.624572207408017e-06,8.62457220742254e-06,0.9924813047359016,0.5093818756275638,1.1290379646673787,-1.129031794472426,0.7137099380506334,0.5583636926254109,168373.13995450462,0.3745167255401611,0.9930678433569673,0.5105185835363332,0.714047644977801,0.5584223464875174
121.16666666666669,21000.0,21000.0,0.9850191402502771,8.624572207408017e-06,8.62457220742254e-06,0.9924813047359016,0.5113684107757881,1.1787416497578669,-1.1787416497578591,0.7151002802416905,0.560387520662218,168468.2329392974,0.4718236923217773,0.9929977301433911,0.5093152373518872,0.715176993601482,0.5604391632029669
121.33333333333331,21000.0,21000.0,0.9850191402502771,8.624572207408017e-06,8.62457220742254e-06,0.9924813047359016,0.5131752110222065,1.2205318958383864,-1.2204092092544612,0.7163624857821448,0.5622385300201244,168589.8500285063,0.2106413841247558,0.9957445367858877,0.5107654573170433,0.7159151696672956,0.562564853225123
121.5,21000.0,21000.0,0.9850191402502771,8.624572207408017e-06,8.62457220742254e-06,0.9924813047359016,0.5147579239704111,1.257279061924364,-1.2572790619244265,0.7174663225361629,0.5637851085588844,168734.85192398005,0.2377543449401855,0.9948844431130347,0.5123837463815536,0.7163833260660695,0.5640254223965977
121.66666666666669,21000.0,21000.0,0.9850191402502771,8.624572207408017e-06,8.62457220742254e-06,0.9924813047359016,0.5161776199376792,1.2882758907070184,-1.288307938832773,0.7184550229051896,0.5652321295596312,168909.54017071647,0.8289515972137451,0.994867222563929,0.5134734543795526,0.7181761670229356,0.5654707213424339
121.83333333333331,21000.0,21000.0,0.9850191402502771,8.624572207408017e-06,8.62457220742254e-06,0.9924813047359016,0.5174953709727386,1.337533134467741,-1.3375331344677155,0.7193715110950988,0.5665285847204875,169118.54471242995,0.3821251392364502,0.9914698687211888,0.517636875879876,0.7181487118124695,0.5664274411190162
122.0,21000.0,21000.0,0.9850191402502771,8.624572207408017e-06,8.62457220742254e-06,0.9924813047359016,0.5187163918238719,1.4619958576510326,-1.3931287777601555,0.7202196830372849,0.567740627102771,169360.14061419922,0.1797502040863037,0.9928316610275162,0.5189515946122388,0.7193799698304992,0.5677756627319325
180.16666666666663,22000.0,22000.0,0.979261840486182,-7.064382753989921e-06,-7.064382753975142e-06,0.9895765965735964,0.4948952314231454,1.0010571054326498,-1.0010571054326505,0.703487904503476,0.5432708929213171,168371.43262798665,0.3398628234863281,0.9902497583491268,0.4927137330730842,0.7031259656200937,0.5433382090988702
180.33333333333331,22000.0,22000.0,0.979261840486182,-7.064382753989921e-06,-7.064382753975142e-06,0.9895765965735964,0.4974465753363488,1.0231578905639076,-1.0231578905639072,0.7052989265215728,0.5459797229043903,168411.76380754312,0.2252538204193115,0.9904430526149769,0.4942725803058084,0.7060558533637724,0.5460663685085284
180.5,22000.0,22000.0,0.979261840486182,-7.064382753989921e-06,-7.064382753975142e-06,0.9895765965735964,0.4998957321722039,1.1011861234951472,-1.0475204304177337,0.7070330491829224,0.5485160177750297,168463.1513348207,0.2050809860229492,0.9919060436112596,0.4976485942703499,0.7073181812134176,0.548748962478796
180.66666666666663,22000.0,22000.0,0.979261840486182,-7.064382753989921e-06,-7.064382753975142e-06,0.9895765965735964,0.5021883572910103,1.1601120341771345,-1.0632123979345334,0.7086524943772242,0.5507802319299306,168523.21524343127,0.1974985599517822,0.9922702335049471,0.4997380868120423,0.7079518196380787,0.5510495956230657
180.83333333333331,22000.0,22000.0,0.979261840486182,-7.064382753989921e-06,-7.064382753975142e-06,0.9895765965735964,0.5043528321638666,1.198440246883267,-1.0881207897284408,0.7101780288782434,0.5530587175216383,168599.07817694906,0.1789157390594482,0.9914914755642992,0.49992146059630316,0.7109875426483233,0.5532502054207086
181.0,22000.0,22000.0,0.979261840486182,-7.064382753989921e-06,-7.064382753975142e-06,0.9895765965735964,0.5064165760222052,1.2496590617522392,-1.125682357647641,0.7116295220072714,0.5551199038926964,168696.1236729672,0.5352568626403809,0.9901156142501889,0.5044626972578459,0.7128127645555453,0.5551738056603557
181.16666666666663,22000.0,22000.0,0.979261840486182,-7.064382753989921e-06,-7.064382753975142e-06,0.9895765965735964,0.5083874374842815,1.2999215759657563,-1.1727939305049535,0.7130129298187795,0.5571289061513612,168817.13847305544,0.2318158149719238,0.9900709259071001,0.5066999545284185,0.7127735015390178,0.5571783390847116
181.33333333333331,22000.0,22000.0,0.979261840486182,-7.064382753989921e-06,-7.064382753975142e-06,0.9895765965735964,0.5101774385536413,1.3185162806482886,-1.2198991830879535,0.7142670643404473,0.5589632227913939,168953.51121275633,0.670403242111206,0.9891003379146107,0.5086135433247074,0.7158901051468958,0.5589155969254953
181.5,22000.0,22000.0,0.979261840486182,-7.064382753989921e-06,-7.064382753975142e-06,0.9895765965735964,0.5117410377308121,1.300740922906103,-1.2527835392926605,0.7153607749861888,0.5604901503860031,169099.64433974226,0.2075395584106445,0.9895460004874409,0.5080883242964148,0.7151381582674691,0.5604870907773876
181.66666666666663,22000.0,22000.0,0.979261840486182,-7.064382753989921e-06,-7.064382753975142e-06,0.9895765965735964,0.5131403275753361,1.2855068436110122,-1.2855068524536293,0.7163381381984778,0.561914137023473,169262.67853331938,0.2764599323272705,0.9917290763696118,0.5110475085337953,0.7154156932593758,0.5621293850030745
181.83333333333331,22000.0,22000.0,0.979261840486182,-7.064382753989921e-06,-7.064382753975142e-06,0.9895765965735964,0.5144381707859821,1.3337008642222108,-1.333701089721034,0.7172434534184107,0.563186387857717,169449.36694061453,0.4572446346282959,0.9929146330863021,0.5123010022770739,0.7173576411769159,0.5635201915089876
182.0,22000.0,22000.0,0.979261840486182,-7.064382753989921e-06,-7.064382753975142e-06,0.9895765965735964,0.5156396007354082,1.3877390186049674,-1.3877390186049614,0.7180804978749034,0.5643718060175258,169658.33136860203,0.1880273818969726,0.9926491897035079,0.5130561295720931,0.7182034977227214,0.5646790653305169
240.16666666666663,22000.0,22000.0,0.9674264775153416,1.6139003342271148e-05,1.613900334228697e-05,0.983578404355922,0.4889097107341598,0.9946706514457668,-0.9946288228320336,0.6992207884392718,0.5367005086636039,168309.08537671287,0.2133529186248779,0.9839522350914656,0.48296899447997405,0.6998463846570656,0.5367378917371582
240.33333333333331,22000.0,22000.0,0.9674264775153416,1.6139003342271148e-05,1.613900334228697e-05,0.983578404355922,0.4914267576595166,1.0163271204620177,-1.0162647143091037,0.7010183719989521,0.5393722812191477,168295.95807337092,0.4164960384368896,0.9828452024466625,0.4880840982878115,0.7004536847479361,0.5392989610282217
240.5,22000.0,22000.0,0.9674264775153416,1.6139003342271148e-05,1.613900334228697e-05,0.983578404355922,0.4938432987605957,1.038994969846678,-1.0389818699820517,0.7027398515413147,0.5418736279831692,168294.40420995417,0.1984968185424804,0.9846609987450418,0.48927635829446703,0.7027573343892453,0.5419818874220812
240.66666666666663,22000.0,22000.0,0.9674264775153416,1.6139003342271148e-05,1.613900334228697e-05,0.983578404355922,0.496106395246504,1.0595329402697975,-1.059392335961355,0.7043482060649804,0.5441068792584214,168304.80163319298,0.4081850051879883,0.9864416522082347,0.49204612623870636,0.7030258208389051,0.5443932040436527
240.83333333333331,22000.0,22000.0,0.9674264775153416,1.6139003342271148e-05,1.613900334228697e-05,0.983578404355922,0.4982440584874872,1.0815336360944283,-1.0814826014966803,0.7058640510721688,0.5463554906891744,168335.6918756713,0.203855276107788,0.9853089203450355,0.49503193235886556,0.7050926079633899,0.5465285422880858
241.0,22000.0,22000.0,0.9674264775153416,1.6139003342271148e-05,1.613900334228697e-05,0.983578404355922,0.5002840029138501,1.1164225254093458,-1.116428076664281,0.7073075731190824,0.5483912731663972,168393.87548884662,0.2097449302673339,0.9844381816466831,0.49917522956846644,0.7055254420502732,0.5484772508954734
241.16666666666663,22000.0,22000.0,0.9674264775153416,1.6139003342271148e-05,1.613900334228697e-05,0.983578404355922,0.5022342075338085,1.1675267707667094,-1.167466541410873,0.7086848436274177,0.5503778101113845,168484.02297268267,0.5147311687469482,0.9829149367027736,0.5016972493853907,0.7069300900373606,0.5503114633460697
241.33333333333331,22000.0,22000.0,0.9674264775153416,1.6139003342271148e-05,1.613900334228697e-05,0.983578404355922,0.5040078956574044,1.2129560857185866,-1.2130687314921873,0.709935134849372,0.5521945879803801,168600.0677033011,0.4670917987823486,0.9849437054050911,0.5007156201607894,0.7069403138139106,0.552331118085297
241.5,22000.0,22000.0,0.9674264775153416,1.6139003342271148e-05,1.613900334228697e-05,0.983578404355922,0.5055614487579978,1.2427862898048536,-1.2427507764981176,0.7110284444204389,0.5537121554458115,168738.98783357756,0.9203364849090576,0.9870482358732703,0.5032438711135567,0.7079897008251346,0.5540591385975464
241.66666666666663,22000.0,22000.0,0.9674264775153416,1.6139003342271148e-05,1.613900334228697e-05,0.983578404355922,0.5069551415337259,1.2792097442081092,-1.2799414345166398,0.7120078240712799,0.5551320891154476,168907.47805117702,0.4882116317749023,0.9863538900285248,0.5066491060226597,0.7109071829099242,0.5554096376827079
241.83333333333331,22000.0,22000.0,0.9674264775153416,1.6139003342271148e-05,1.613900334228697e-05,0.983578404355922,0.5082492172967153,1.3228647763157886,-1.3228647763158232,0.7129159959612461,0.5564045893101724,169110.58293341633,0.376373291015625,0.9851251025787348,0.5057596717817737,0.7120568674657062,0.5565592591324537
242.0,22000.0,22000.0,0.9674264775153416,1.6139003342271148e-05,1.613900334228697e-05,0.983578404355922,0.5094488100056528,1.3819082411509722,-1.381908241145654,0.713756828343008,0.5575944665328926,169346.7420714155,0.6870918273925781,0.9843104758126373,0.5078424627484703,0.7127412840754612,0.5576676736785641
300.1666666666667,23000.0,23000.0,0.9679078296828884,7.112957935906125e-07,7.112957936012022e-07,0.9838230682815322,0.4891550458762251,0.9923888465743498,-0.9923888465743498,0.6993962011467217,0.5369696947767411,168338.69927239785,0.6942958831787109,0.9850345366787662,0.48798833884368664,0.6978672803773712,0.5370908416164645
300.3333333333333,23000.0,23000.0,0.9679078296828884,7.112957935906125e-07,7.112957936012022e-07,0.9838230682815322,0.491676870410432,1.0145348063824062,-1.0146831124605145,0.7011967418406378,0.5396471103285709,168378.74639901688,0.7097444534301758,0.986013285974612,0.4901901018160847,0.6979582113745448,0.5398661320978789
300.5,23000.0,23000.0,0.9679078296828884,7.112957935906125e-07,7.112957936012022e-07,0.9838230682815322,0.4940979051242601,1.0407612234926389,-1.0722271876531846,0.7029209810010069,0.5421540666640792,168430.9611639169,0.6843662261962891,0.9864520163529972,0.49284972219807854,0.7007312996159186,0.5424169614712256
300.6666666666667,23000.0,23000.0,0.9679078296828884,7.112957935906125e-07,7.112957936012022e-07,0.9838230682815322,0.4963644862395787,1.0601435047849963,-1.1447133072397415,0.7045313951007066,0.5443925388030261,168493.0731122296,0.8320353031158447,0.9871670037401498,0.4928410139464553,0.7025301001574167,0.5447269323488878
300.8333333333333,23000.0,23000.0,0.9679078296828884,7.112957935906125e-07,7.112957936012022e-07,0.9838230682815322,0.4985044699219995,1.079394438576638,-1.1954967750295178,0.7060484901264272,0.5466452031937825,168571.9274369253,0.9593505859375,0.9853041560139664,0.4957761807236994,0.7030048750202371,0.546793311967026
301.0,23000.0,23000.0,0.9679078296828884,7.112957935906125e-07,7.112957936012022e-07,0.9838230682815322,0.5005450455354831,1.118536368849072,-1.2620070305339923,0.7074920819775434,0.5486833415381807,168672.80543262817,0.6715905666351318,0.9856694804610769,0.49864641056518283,0.706592761825926,0.5488679827561351
301.1666666666667,23000.0,23000.0,0.9679078296828884,7.112957935906125e-07,7.112957936012022e-07,0.9838230682815322,0.5024939339600993,1.168751864196487,-1.33062449298021,0.708868065668774,0.5506702116661767,168798.50112778076,1.3957078456878662,0.9865418061246094,0.49999604893725913,0.7071189418630112,0.5509420854504844
301.3333333333333,23000.0,23000.0,0.9679078296828884,7.112957935906125e-07,7.112957936012022e-07,0.9838230682815322,0.5042640691189167,1.21111544867426,-1.3676963491310172,0.7101155326645372,0.5524844726242373,168940.27163528424,0.9230196475982666,0.9854861035135988,0.5013996745357977,0.7069330386194455,0.552650776147444
301.5,23000.0,23000.0,0.9679078296828884,7.112957935906125e-07,7.112957936012022e-07,0.9838230682815322,0.5058105075807707,1.2458937805679624,-1.3666042560116696,0.711203563132171,0.5539951636076769,169092.4240609603,0.4083318710327148,0.9864981380515178,0.5046380852599983,0.7091901657435019,0.5542626705846754
301.6666666666667,23000.0,23000.0,0.9679078296828884,7.112957935906125e-07,7.112957936012022e-07,0.9838230682815322,0.5071943175912523,1.278287854016837,-1.3465595073921204,0.712175763583238,0.5554039962254781,169261.70254230185,0.8990263938903809,0.9851673184185572,0.5078619635789057,0.7122060387763183,0.5555384212391806
301.8333333333333,23000.0,23000.0,0.9679078296828884,7.112957935906125e-07,7.112957936012022e-07,0.9838230682815322,0.5084773549348338,1.3250459054694124,-1.3260669470082098,0.713075981651639,0.5566624299956066,169454.43124851483,1.9328713417053225,0.984922944246,0.5085496752184542,0.7124253391813283,0.5567724175920533
302.0,23000.0,23000.0,0.9679078296828884,7.112957935906125e-07,7.112957936012022e-07,0.9838230682815322,0.5096645836520677,1.3818785475528808,-1.3818785475528808,0.7139079662958691,0.5578347825755573,169669.06586193017,0.9352786540985109,0.982605933244733,0.5092792244256884,0.712952735530897,0.5577130690718773
360.1666666666667,24000.0,24000.0,0.9561126513266922,-1.451442219379346e-05,-1.4514422193791683e-05,0.9778101305093398,0.4831941608103051,0.9887098386698115,-0.9887098386698095,0.6951216879883393,0.5304261786524722,168342.07209266175,0.1907258033752441,0.978885643002121,0.48256806123160517,0.6942489949853283,0.5305337299017503
360.3333333333333,24000.0,24000.0,0.9561126513266922,-1.451442219379346e-05,-1.4514422193791683e-05,0.9778101305093398,0.4856817399062725,1.010665552574188,-1.0106655525741866,0.6969087029005681,0.5330667487991476,168329.68375469628,0.333984375,0.9806116469710516,0.4853009956357911,0.6980858841130921,0.5333469004453189
360.5,24000.0,24000.0,0.9561126513266922,-1.451442219379346e-05,-1.4514422193791683e-05,0.9778101305093398,0.4880697767305244,1.035315501740935,-1.035330865678057,0.6986199087955415,0.535538812152222,168327.76254539206,0.1921696662902832,0.980476651456308,0.4883453348370854,0.6976710623925692,0.5358054642469188
360.6666666666667,24000.0,24000.0,0.9561126513266922,-1.451442219379346e-05,-1.4514422193791683e-05,0.9778101305093398,0.4903058955544966,1.0518963607495595,-1.052032307493439,0.7002184628689916,0.5377454766694677,168336.55400397797,0.4898955821990967,0.977257875920076,0.4897928020342911,0.6988018083694816,0.5376902512105413
360.8333333333333,24000.0,24000.0,0.9561126513266922,-1.451442219379346e-05,-1.4514422193791683e-05,0.9778101305093398,0.4924179725803664,1.074562179569613,-1.07456217956961,0.701724997939916,0.5399672265514015,168364.8626239115,0.4585764408111572,0.9753966375345687,0.49051631220333897,0.7021258710870134,0.5397258772539244
361.0,24000.0,24000.0,0.9561126513266922,-1.451442219379346e-05,-1.4514422193791683e-05,0.9778101305093398,0.4944333066047438,1.112599973585564,-1.1127989600976982,0.7031595172668521,0.5419783724155156,168419.57814868065,0.5343852043151855,0.9776474868799447,0.49367576035626015,0.7035601880025237,0.541962108052576
361.1666666666667,24000.0,24000.0,0.9561126513266922,-1.451442219379346e-05,-1.4514422193791683e-05,0.9778101305093398,0.4963598174005167,1.1601367593555516,-1.160195343207725,0.7045280814061294,0.5439405247317849,168505.34779312622,0.2083935737609863,0.9809516364471172,0.4956829947054575,0.7031067974113777,0.5442546753255626
361.3333333333333,24000.0,24000.0,0.9561126513266922,-1.451442219379346e-05,-1.4514422193791683e-05,0.9778101305093398,0.4981118478521397,1.2045010626288242,-1.2048342174136013,0.7057703932018395,0.5457348294752428,168616.2137358542,0.2407503128051757,0.9794447276360407,0.4981952575217675,0.7049312517031548,0.5458982891879128
361.5,24000.0,24000.0,0.9561126513266922,-1.451442219379346e-05,-1.4514422193791683e-05,0.9778101305093398,0.4996462093536731,1.2385998746921392,-1.2386305907519066,0.7068565691812236,0.5472331355098677,168749.2267196081,0.2184839248657226,0.9790505315918329,0.4993609390691012,0.7059490412433749,0.547357175618117
361.6666666666667,24000.0,24000.0,0.9561126513266922,-1.451442219379346e-05,-1.4514422193791683e-05,0.9778101305093398,0.50102277882597,1.268878088572666,-1.2693369475813463,0.7078296255785724,0.5486350238992489,168911.47881972571,0.1699297428131103,0.9804521378477923,0.5014042602546328,0.706210938291077,0.5488992246330942
361.8333333333333,24000.0,24000.0,0.9561126513266922,-1.451442219379346e-05,-1.4514422193791683e-05,0.9778101305093398,0.5023013830765007,1.3192401770529305,-1.3182329621869735,0.7087322365229668,0.5498915957906786,169108.45484499502,0.2050943374633789,0.9791958464369531,0.5024962252997647,0.7075801730878475,0.5500301673834399
362.0,24000.0,24000.0,0.9561126513266922,-1.451442219379346e-05,-1.4514422193791683e-05,0.9778101305093398,0.5034871054066021,1.370125556187331,-1.370125556191676,0.7095682528194583,0.5510667343007442,169338.76065836247,0.3298280239105224,0.9804582097975134,0.5032836535939915,0.7090565725180076,0.5513315422295615
420.1666666666667,24000.0,24000.0,0.9536647414131842,8.253031935728168e-06,8.253031935741422e-06,0.9765575975912452,0.4819548368627918,0.9879252245992844,-0.9879240998946116,0.6942296717281883,0.5290657558100531,168305.74136139886,0.3392689228057861,0.978234394817626,0.4819358489959012,0.6941975351324957,0.5292334355326912
420.3333333333333,24000.0,24000.0,0.9536647414131842,8.253031935728168e-06,8.253031935741422e-06,0.9765575975912452,0.4844395534236328,1.0096943482466445,-1.0095415533455132,0.6960169205709019,0.5317036931053613,168344.60185680568,0.4419009685516357,0.9785384276374332,0.4840895697800026,0.6944060074347927,0.53190177610998
420.5,24000.0,24000.0,0.9536647414131842,8.253031935728168e-06,8.253031935741422e-06,0.9765575975912452,0.4868251747817584,1.0339003728461336,-1.0326929367739086,0.6977285827083728,0.5341737523868072,168396.72172009526,0.5555641651153564,0.9773321674400729,0.48510995388410594,0.6967292025564032,0.53425120937169
420.6666666666667,24000.0,24000.0,0.9536647414131842,8.253031935728168e-06,8.253031935741422e-06,0.9765575975912452,0.4890588881457975,1.1179589328834048,-1.0510142674208196,0.6993274544381486,0.5363797142551504,168459.984141985,0.6156671047210693,0.9765464543015229,0.4888687348227947,0.7002342777165211,0.5363785999261782
420.8333333333333,24000.0,24000.0,0.9536647414131842,8.253031935728168e-06,8.253031935741422e-06,0.9765575975912452,0.4911679509074051,1.180521029243911,-1.0740540705630155,0.700833754423402,0.5385997635330287,168540.9880635454,0.6675968170166016,0.9781254072007988,0.48998234331718127,0.7009558842685791,0.5387565444939841
421.0,24000.0,24000.0,0.9536647414131842,8.253031935728168e-06,8.253031935741422e-06,0.9765575975912452,0.493179247372898,1.261449991377276,-1.1096981041020175,0.7022672196863022,0.5406087181083424,168644.93925639804,0.6151347160339355,0.9798076805236607,0.49294422749455435,0.7010870549267768,0.540933726401584
421.1666666666667,24000.0,24000.0,0.9536647414131842,8.253031935728168e-06,8.253031935741422e-06,0.9765575975912452,0.4951003533144834,1.347488087555602,-1.158037256788677,0.7036336787211496,0.5425674960621372,168774.67088283942,0.98881196975708,0.9789944751255005,0.4952174819432028,0.7022927554069336,0.5428111838155627
421.3333333333333,24000.0,24000.0,0.9536647414131842,8.253031935728168e-06,8.253031935741422e-06,0.9765575975912452,0.4968453823547045,1.4024196907253783,-1.204428358412574,0.7048726004898674,0.5443563011077777,168921.35517633942,0.7661290168762207,0.9789154345763955,0.4970426522953185,0.7048900077775104,0.5445920848062927
421.5,24000.0,24000.0,0.9536647414131842,8.253031935728168e-06,8.253031935741422e-06,0.9765575975912452,0.4983701426927734,1.4178024019460664,-1.2345388018618595,0.7059533577266167,0.5458463230836307,169079.25015433176,0.8714847564697266,0.9783801041207328,0.49791435005856627,0.7042677261534679,0.5460285737365794
421.6666666666667,24000.0,24000.0,0.9536647414131842,8.253031935728168e-06,8.253031935741422e-06,0.9765575975912452,0.499734493788093,1.413395264381598,-1.2698143781137692,0.7069190154478276,0.5472359472164264,169254.70595980235,0.8044381141662598,0.9791804626526535,0.5002316205608428,0.7065243554527287,0.5474982337225672
421.8333333333333,24000.0,24000.0,0.9536647414131842,8.253031935728168e-06,8.253031935741422e-06,0.9765575975912452,0.5009990830367903,1.409652262775606,-1.3148436064511744,0.7078128874817688,0.548477021600603,169453.59972346315,0.9611203670501708,0.9794092226341407,0.4999700473713504,0.705366362844098,0.5487621841048925
422.0,24000.0,24000.0,0.9536647414131842,8.253031935728168e-06,8.253031935741422e-06,0.9765575975912452,0.502168793605145,1.4047743692526298,-1.3713778522262157,0.7086386909249525,0.5496330894238046,169674.22219962394,0.8036892414093018,0.9782779160367732,0.501841857120586,0.7056857883240629,0.5498051212683575
480.1666666666667,25000.0,25000.0,0.9480443535020948,-6.863519392339642e-06,-6.863519392309574e-06,0.9736756921594042,0.4791187526479996,0.9833822861188168,-0.9833822861188178,0.6921840456113402,0.5259523153164829,168374.71919780114,0.6929643154144287,0.9752480165383939,0.47832607975855,0.6895699857728219,0.5261095477543819
480.3333333333333,25000.0,25000.0,0.9480443535020948,-6.863519392339642e-06,-6.863519392309574e-06,0.9736756921594042,0.4815853682191946,1.0045806468129304,-1.0045806468129317,0.6939635210469909,0.528570716413616,168363.95594895375,0.62198805809021,0.974463009662129,0.48005170870604585,0.6921247805002808,0.5286494481638885
480.5,25000.0,25000.0,0.9480443535020948,-6.863519392339642e-06,-6.863519392309574e-06,0.9736756921594042,0.4839530729384755,1.0290537343854955,-1.0290537346828994,0.6956673581725531,0.5310219619546993,168362.59196671925,0.2027621269226074,0.9722675864730868,0.48353621418127635,0.6947840563015986,0.5308811513860676
480.6666666666667,25000.0,25000.0,0.9480443535020948,-6.863519392339642e-06,-6.863519392309574e-06,0.9736756921594042,0.4861698672600343,1.0492858370557043,-1.0492858429452498,0.6972588238948625,0.5332096201719445,168370.69879381132,0.2251968383789062,0.9760841269358645,0.48610438568521336,0.6969633394430292,0.5334504636495906
480.8333333333333,25000.0,25000.0,0.9480443535020948,-6.863519392339642e-06,-6.863519392309574e-06,0.9736756921594042,0.488263575245609,1.069460955372164,-1.0694609553721657,0.6987585959747743,0.5354121249147108,168397.3082472012,1.1048636436462402,0.9758672075558215,0.48561761767012473,0.6991599990841673,0.5356312764543525
481.0,25000.0,25000.0,0.9480443535020948,-6.863519392339642e-06,-6.863519392309574e-06,0.9736756921594042,0.4902611679163264,1.1059870976531725,-1.1059870976532855,0.7001865237784604,0.537405521199563,168449.37111585602,0.2503094673156738,0.9751078984376216,0.48844826499714084,0.697993145596905,0.5375487418273847
481.1666666666667,25000.0,25000.0,0.9480443535020948,-6.863519392339642e-06,-6.863519392309574e-06,0.9736756921594042,0.4921705267694461,1.1565975230153656,-1.156597523015365,0.7015486632456591,0.5393499910798613,168531.47995905048,0.1944208145141601,0.9739251271464673,0.49030408447463564,0.7010453908435827,0.5393749345785676
481.3333333333333,25000.0,25000.0,0.9480443535020948,-6.863519392339642e-06,-6.863519392309574e-06,0.9736756921594042,0.4939068146173999,1.2000908911004529,-1.1997726812147291,0.7027850416207286,0.5411279123931793,168637.7373919494,0.2037825584411621,0.9733443375060445,0.49345589261194334,0.7020706791469802,0.5410947769278432
481.5,25000.0,25000.0,0.9480443535020948,-6.863519392339642e-06,-6.863519392309574e-06,0.9736756921594042,0.4954271081043268,1.2322730389599912,-1.2322150168301584,0.7038658310918364,0.5426119848454434,168765.21940646658,0.7695627212524414,0.9731731221965267,0.4947394525918664,0.7037303120260353,0.5425617278491556
481.6666666666667,25000.0,25000.0,0.9480443535020948,-6.863519392339642e-06,-6.863519392309574e-06,0.9736756921594042,0.4967910883435831,1.2663546142102704,-1.2659146067897862,0.7048340857180918,0.5440004555050645,168921.4061331132,0.1956944465637207,0.9741354363696382,0.49538373008500836,0.7056574275334966,0.5440464299260879
481.8333333333333,25000.0,25000.0,0.9480443535020948,-6.863519392339642e-06,-6.863519392309574e-06,0.9736756921594042,0.4980583819609693,1.310299537355832,-1.3101266554080715,0.7057325144782359,0.5452451672353954,169112.23317505454,0.1844282150268554,0.9736290876158702,0.4967978701199881,0.7053493941851339,0.545240506781042
482.0,25000.0,25000.0,0.9480443535020948,-6.863519392339642e-06,-6.863519392309574e-06,0.9736756921594042,0.4992340355524708,1.368644282436181,-1.3681224315269216,0.7065649549535783,0.5464092915949993,169336.46873908857,0.3632383346557617,0.9740789086414052,0.5002375615014821,0.7068319445236327,0.5464496132431994
540.1666666666666,25000.0,25000.0,0.9366808800382054,1.5496518384933017e-05,1.5496518384959956e-05,0.9678227523871328,0.4733696442334941,0.9778415107735032,-0.977841867421744,0.6880186366834277,0.5196414472469589,168273.68318594067,0.182558536529541,0.9699650631345684,0.47517026704144283,0.6881490155186897,0.5198556783217025
540.3333333333334,25000.0,25000.0,0.9366808800382054,1.5496518384933017e-05,1.5496518384959956e-05,0.9678227523871328,0.4758100532230929,0.999682157013694,-0.9996823963481088,0.6897898618139493,0.5222322592737854,168310.4949271602,0.2038848400115966,0.9706741640384603,0.47702222577466724,0.6900252397820652,0.5225174004389181
540.5,25000.0,25000.0,0.9366808800382054,1.5496518384933017e-05,1.5496518384959956e-05,0.9678227523871328,0.4781533345087151,1.024643302307804,-1.024643302307808,0.6914863229261224,0.5246582506645887,168361.60096422664,0.2045168876647949,0.9703971505409755,0.4784639290212805,0.6924506686877964,0.524915690479973
540.6666666666666,25000.0,25000.0,0.9366808800382054,1.5496518384933017e-05,1.5496518384959956e-05,0.9678227523871328,0.4803476850922823,1.0421137127097897,-1.0803531754361686,0.6930711979423917,0.5268252620944492,168425.07703457956,0.4456129074096679,0.970521142457429,0.48034665917011854,0.6950301466855354,0.5270951011014788
540.8333333333334,25000.0,25000.0,0.9366808800382054,1.5496518384933017e-05,1.5496518384959956e-05,0.9678227523871328,0.4824197021762814,1.062613988490109,-1.153870735912622,0.6945643976969835,0.5290062273636635,168507.31542933983,0.2170536518096923,0.9706011628851483,0.483222325818444,0.6949644391263968,0.5292840684134651
541.0,25000.0,25000.0,0.9366808800382054,1.5496518384933017e-05,1.5496518384959956e-05,0.9678227523871328,0.4843958895961919,1.1011639952082233,-1.2481668784618032,0.6959855530191413,0.5309801418701392,168613.47569755223,0.1632678508758545,0.9714345005198697,0.4853405865615976,0.6981007068496855,0.5313413166834129
541.1666666666666,25000.0,25000.0,0.9366808800382054,1.5496518384933017e-05,1.5496518384959956e-05,0.9678227523871328,0.4862836629512113,1.1491531989718746,-1.3504736806641828,0.697340421466954,0.5329051235579981,168746.46064757794,0.7346606254577637,0.9689145971436665,0.48427837605949886,0.6973301460164408,0.5330143080336515
541.3333333333334,25000.0,25000.0,0.9366808800382054,1.5496518384933017e-05,1.5496518384959956e-05,0.9678227523871328,0.4879985740698697,1.1909124957475778,-1.422420001328564,0.698568947622342,0.5346632958434464,168897.40716687476,0.3359737396240234,0.9702931034847063,0.4886337367053668,0.6981686219826669,0.5349103309532037
541.5,25000.0,25000.0,0.9366808800382054,1.5496518384933017e-05,1.5496518384959956e-05,0.9678227523871328,0.4894973246911293,1.2260915240647998,-1.453854282255797,0.6996408544644145,0.5361283767069382,169060.57211039902,0.2436800003051757,0.9668778533020306,0.49447043010186237,0.6992099728100488,0.536033886798428
541.6666666666666,25000.0,25000.0,0.9366808800382054,1.5496518384933017e-05,1.5496518384959956e-05,0.9678227523871328,0.4908384039439745,1.2554635142063226,-1.464874927731488,0.7005986044207576,0.537494881027497,169241.92759315358,0.2014527320861816,0.9654831132457705,0.4943930099221877,0.701682927573166,0.5372609171133608
541.8333333333334,25000.0,25000.0,0.9366808800382054,1.5496518384933017e-05,1.5496518384959956e-05,0.9678227523871328,0.4920810725270632,1.304546289906788,-1.4776468679578068,0.7014849058522359,0.5387151868672577,169446.90087679046,0.3421533107757568,0.9685527085219192,0.4930787725849639,0.7018427350699389,0.5387881824807363
542.0,25000.0,25000.0,0.9366808800382054,1.5496518384933017e-05,1.5496518384959956e-05,0.9678227523871328,0.4932301221485042,1.357778549814972,-1.4912510458735575,0.7023034406782195,0.539851876197958,169673.62460602715,0.215339183807373,0.9694884453201578,0.49417605219407873,0.7040201503701452,0.5400184454912605
600.1666666666666,26000.0,26000.0,0.9370731783944092,6.293541061735513e-07,6.293541061969571e-07,0.9680254017299388,0.473576168164156,0.9793540110164138,-0.9798266460405388,0.6881687064667393,0.5198678647136493,168405.913034811,0.3606040477752685,0.9687202773604425,0.4761400726083546,0.689070023850224,0.5199373522766997
600.3333333333334,26000.0,26000.0,0.9370731783944092,6.293541061735513e-07,6.293541061969571e-07,0.9680254017299388,0.4760143248801451,1.0009101801721134,-1.0013428116044192,0.6899379140577099,0.5224561431825934,168397.60553956922,0.6006250381469727,0.9711108636419791,0.47860615678332236,0.6886582300632318,0.5227646893737974
600.5,26000.0,26000.0,0.9370731783944092,6.293541061735513e-07,6.293541061969571e-07,0.9680254017299388,0.4783545176998653,1.0244427264789984,-1.0244427262077862,0.6916317792293742,0.5248791356657173,168397.70432420785,0.767505407333374,0.9689793333137254,0.48271073853432683,0.6915813933585705,0.524974528824096
600.6666666666666,26000.0,26000.0,0.9370731783944092,6.293541061735513e-07,6.293541061969571e-07,0.9680254017299388,0.4805452759132171,1.0406714278448277,-1.0415072943965125,0.6932137305360494,0.5270411892482664,168406.07118941846,0.5972328186035156,0.9700355822650504,0.4826775992146741,0.6939457648076927,0.5272422073017775
600.8333333333334,26000.0,26000.0,0.9370731783944092,6.293541061735513e-07,6.293541061969571e-07,0.9680254017299388,0.4826142687859601,1.06460071700476,-1.0646007170045046,0.6947044472582136,0.5292177940727119,168431.9218887669,0.3260970115661621,0.9679449779293813,0.48362728460461835,0.6956781938768557,0.529209751692656
601.0,26000.0,26000.0,0.9370731783944092,6.293541061735513e-07,6.293541061969571e-07,0.9680254017299388,0.4845880556343849,1.1008656255241316,-1.1008656255239953,0.6961235923661372,0.5311874218319659,168482.23803223242,0.6757874488830566,0.9681157783674503,0.4862472586847207,0.697005248419482,0.531196459495717
601.1666666666666,26000.0,26000.0,0.9370731783944092,6.293541061735513e-07,6.293541061969571e-07,0.9680254017299388,0.4864744488382671,1.1464586028640211,-1.146457727225435,0.6974772032248682,0.5331083339633302,168561.52801916737,0.408884048461914,0.9707857898636089,0.48873072049987487,0.6970606728328576,0.5333843727766973
601.3333333333334,26000.0,26000.0,0.9370731783944092,6.293541061735513e-07,6.293541061969571e-07,0.9680254017299388,0.4881896790009792,1.1936381681065555,-1.1936320527290891,0.6987057171341106,0.5348644690934259,168663.90447036334,0.7057254314422607,0.9707732177289066,0.48646158836402426,0.697030338906704,0.5351392506933227
601.5,26000.0,26000.0,0.9370731783944092,6.293541061735513e-07,6.293541061969571e-07,0.9680254017299388,0.4896912053193268,1.225010467251236,-1.2250745623716863,0.6997793976921407,0.5363297615081282,168786.42042407842,0.7663836479187012,0.9710044752046733,0.48958725886530496,0.6999874477721605,0.5366276688556016
601.6666666666666,26000.0,26000.0,0.9370731783944092,6.293541061735513e-07,6.293541061969571e-07,0.9680254017299388,0.4910383185939185,1.258134596573197,-1.25803367179716,0.7007412637163134,0.537700489919376,168936.92147617147,0.8083388805389404,0.9712608572547684,0.49246446088232965,0.7004869866127532,0.538024035471859
601.8333333333334,26000.0,26000.0,0.9370731783944092,6.293541061735513e-07,6.293541061969571e-07,0.9680254017299388,0.4922902651611969,1.3043255115339447,-1.304505112469163,0.7016339966265218,0.5389293818353259,169121.78918810684,0.9440650939941406,0.9705104856990042,0.494723368023723,0.7009716097799965,0.5391778902322325
602.0,26000.0,26000.0,0.9370731783944092,6.293541061735513e-07,6.293541061969571e-07,0.9680254017299388,0.4934520360491808,1.358896262965447,-1.3582770289618502,0.7024614125268374,0.5400787087000533,169339.94463786477,0.5980126857757568,0.970569815276871,0.49521888668419767,0.7008086199518507,0.5403331500547465
660.1666666666666,27000.0,27000.0,0.9256371812715736,-1.4039684313130112e-05,-1.4039684313110516e-05,0.9621004008270516,0.4677866104646382,0.9725790084293576,-0.9725786202424592,0.6839492748777732,0.5135127512884611,168243.61837264363,0.1883509159088134,0.9646353349732855,0.4694981476743506,0.6848595191263296,0.5137662447030845
660.3333333333334,27000.0,27000.0,0.9256371812715736,-1.4039684313130112e-05,-1.4039684313110516e-05,0.9621004008270516,0.4701981339592509,0.9936714401567528,-0.99366976967126,0.6857099489895697,0.5160728100028159,168277.589103614,0.2146565914154052,0.964987241289063,0.4715499151852317,0.6882440570479735,0.516361494049017
660.5,27000.0,27000.0,0.9256371812715736,-1.4039684313130112e-05,-1.4039684313110516e-05,0.9621004008270516,0.4725138634642232,1.0155832313204118,-1.0155832313204138,0.6873964385214796,0.5184700520456387,168326.79694844907,0.5220353603363037,0.9635213154266781,0.4755739992978546,0.689437645357999,0.5186121435056014
660.6666666666666,27000.0,27000.0,0.9256371812715736,-1.4039684313130112e-05,-1.4039684313110516e-05,0.9621004008270516,0.4746826817753076,1.037343985847647,-1.0365381724693497,0.688972192503309,0.5206117489602855,168389.54253159475,0.6706140041351318,0.9653176518646314,0.47795491250917405,0.6905160626692054,0.5209334740640434
660.8333333333334,27000.0,27000.0,0.9256371812715736,-1.4039684313130112e-05,-1.4039684313110516e-05,0.9621004008270516,0.4767307163083421,1.121249237008431,-1.0575761193503446,0.6904568897634454,0.5227673621555025,168472.05815255063,0.2008147239685058,0.9643233994321735,0.4808906073996605,0.6918410949466858,0.5229896620160146
661.0,27000.0,27000.0,0.9256371812715736,-1.4039684313130112e-05,-1.4039684313110516e-05,0.9621004008270516,0.4786842571560181,1.2281944503827216,-1.0914700959032286,0.691870116072089,0.5247186521008441,168579.48801968,0.2032859325408935,0.9645317891431349,0.48099463016312843,0.6936760277541166,0.5249617909324524
661.1666666666666,27000.0,27000.0,0.9256371812715736,-1.4039684313130112e-05,-1.4039684313110516e-05,0.9621004008270516,0.4805506139882576,1.3459647004401238,-1.1423640054280433,0.6932175808447418,0.5266219392472407,168714.83272683667,0.5138750076293945,0.9647746228753047,0.48369288335038535,0.6964260408139165,0.526889361452066
661.3333333333334,27000.0,27000.0,0.9256371812715736,-1.4039684313130112e-05,-1.4039684313110516e-05,0.9621004008270516,0.4822462553583456,1.4342769308128316,-1.1862451869765058,0.6944395263912236,0.5283605553669946,168869.2445532975,0.3968627452850342,0.963103441726337,0.4849018506371545,0.6974624180571523,0.5284608594569231
661.5,27000.0,27000.0,0.9256371812715736,-1.4039684313130112e-05,-1.4039684313110516e-05,0.9621004008270516,0.4837285128314743,1.4813517315762488,-1.2163372588398076,0.6955059405388765,0.5298099452910806,169037.0271576068,0.2319884300231933,0.9612916955518604,0.48476772274584956,0.7005818545898099,0.5297290747635615
661.6666666666666,27000.0,27000.0,0.9256371812715736,-1.4039684313130112e-05,-1.4039684313110516e-05,0.9621004008270516,0.4850548958190986,1.507510964075233,-1.2512451477500484,0.6964588260235371,0.5311620228559525,169223.80347108195,0.8743038177490234,0.960950507764086,0.48496296791876686,0.7005273392214919,0.5310470335496559
661.8333333333334,27000.0,27000.0,0.9256371812715736,-1.4039684313130112e-05,-1.4039684313110516e-05,0.9621004008270516,0.4862836600353519,1.5364828939056008,-1.2930800295833198,0.6973404194544156,0.5323694073617515,169434.5633800185,0.1967895030975341,0.9608008891789158,0.48616973282845144,0.6999084929187842,0.5322394561969379
662.0,27000.0,27000.0,0.9256371812715736,-1.4039684313130112e-05,-1.4039684313110516e-05,0.9621004008270516,0.4874195395598408,1.5682204778269728,-1.3518931732788897,0.6981543813250479,0.5334941070834287,169667.29362263455,0.242854356765747,0.9615871202855488,0.48717076303124757,0.6999366551365782,0.5334427790292784
720.1666666666666,27000.0,27000.0,0.9233179952255676,7.897893803713431e-06,7.89789380372735e-06,0.9608943725642104,0.466626399576778,0.9697500529036164,-0.9697500529036158,0.6831005782543734,0.512238686655677,168434.5895472699,0.3728847503662109,0.9593964700355095,0.4688688523718527,0.6852303337482287,0.5120888964028069
720.3333333333334,27000.0,27000.0,0.9233179952255676,7.897893803713431e-06,7.89789380372735e-06,0.9608943725642104,0.4690289056903494,0.9915354455881888,-0.9915354455882288,0.6848568508153245,0.5147892072882508,168429.4846784953,0.2314062118530273,0.9603107494571673,0.4715184994418176,0.6859723832645236,0.5147308449775465
720.5,27000.0,27000.0,0.9233179952255676,7.897893803713431e-06,7.89789380372735e-06,0.9608943725642104,0.4713347061318902,1.017424975085612,-1.0168684884845276,0.6865382047053067,0.5171768114661955,168431.90184499684,0.2305634021759033,0.9609244732270683,0.4700881312241908,0.6885321426415631,0.5171798215324813
720.6666666666666,27000.0,27000.0,0.9233179952255676,7.897893803713431e-06,7.89789380372735e-06,0.9608943725642104,0.4734930085465532,1.0360029747475183,-1.0352593392884155,0.6881082828204851,0.5193069454286198,168441.46452138867,0.2901575565338135,0.9613411418462542,0.4732442930203004,0.6888987952595327,0.5193516223568242
720.8333333333334,27000.0,27000.0,0.9233179952255676,7.897893803713431e-06,7.89789380372735e-06,0.9608943725642104,0.4755312215884067,1.0548075589466357,-1.0536858019590245,0.6895877187809295,0.5214512864955441,168467.52274504563,0.600083589553833,0.9617313713566283,0.47332511652187836,0.6916554771600384,0.5215349863747859
721.0,27000.0,27000.0,0.9233179952255676,7.897893803713431e-06,7.89789380372735e-06,0.9608943725642104,0.4774754166842648,1.0939293973560005,-1.0928413910800934,0.6909959601540853,0.523391404162728,168517.0576758268,0.1962993144989013,0.9595254517292636,0.47836527040792143,0.693894367444371,0.5232545120792333
721.1666666666666,27000.0,27000.0,0.9233179952255676,7.897893803713431e-06,7.89789380372735e-06,0.9608943725642104,0.4793333065152976,1.141412729526442,-1.1414134969868237,0.6923390114284038,0.5252831700963592,168594.46692404873,0.1731963157653808,0.9595980596860699,0.4789229171888812,0.6931948062373066,0.5251535388085451
721.3333333333334,27000.0,27000.0,0.9233179952255676,7.897893803713431e-06,7.89789380372735e-06,0.9608943725642104,0.4810224233811547,1.1821445774501305,-1.18214918963104,0.6935578011863227,0.5270123903088237,168693.82234460636,0.1860189437866211,0.9601817939383406,0.48157675989212845,0.6933614716382648,0.5269411324462367
721.5,27000.0,27000.0,0.9233179952255676,7.897893803713431e-06,7.89789380372735e-06,0.9608943725642104,0.4825007263858903,1.2171197384444417,-1.2171246503989643,0.6946227224523599,0.5284546119928131,168812.1066040759,0.3007223606109619,0.9588069079425674,0.4790154886334789,0.6941541028931227,0.5282458655306488
721.6666666666666,27000.0,27000.0,0.9233179952255676,7.897893803713431e-06,7.89789380372735e-06,0.9608943725642104,0.4838269163792174,1.2479155547759635,-1.247998255304343,0.6955766790952449,0.5298035228122048,168957.49569160637,0.2379858493804931,0.9601614896088662,0.48151635464992526,0.6969569590553474,0.5297302345166703
721.8333333333334,27000.0,27000.0,0.9233179952255676,7.897893803713431e-06,7.89789380372735e-06,0.9608943725642104,0.4850596732655269,1.294633930519714,-1.294661391414361,0.6964622555203811,0.5310128577756998,169136.7970560395,0.2238616943359375,0.9602117529267481,0.48296505806019807,0.6995836739520057,0.5309445958119536
722.0,27000.0,27000.0,0.9233179952255676,7.897893803713431e-06,7.89789380372735e-06,0.9608943725642104,0.4862039142691587,1.3492394811916155,-1.3497392964461814,0.6972832382484336,0.5321438147387516,169349.06994829257,0.2473416328430175,0.9604077849088728,0.4866178468188186,0.6983907939361471,0.5320951559732179
780.1666666666666,28000.0,28000.0,0.917832436372169,-6.6675904551939664e-06,-6.6675904551770825e-06,0.95803571769124,0.4638406617147592,0.968981493407663,-0.9689814934076624,0.6810584863379789,0.5091811569199183,168216.5725723357,0.9053609371185304,0.9577054997460058,0.4652854496934088,0.6800750021142883,0.5091481351253948
780.3333333333334,28000.0,28000.0,0.917832436372169,-6.6675904551939664e-06,-6.6675904551770825e-06,0.95803571769124,0.4662316885809207,0.9904342906505722,-0.9904342906505712,0.6828116055809378,0.5117193695190584,168247.00693509306,0.679542064666748,0.9585021781566962,0.4679402468336369,0.6827358744756294,0.511766015565604
780.5,28000.0,28000.0,0.917832436372169,-6.6675904551939664e-06,-6.6675904551770825e-06,0.95803571769124,0.4685278980921903,1.0142935546663383,-1.0142935546663363,0.6844909774911417,0.5140961903082805,168293.4969488704,0.8396031856536865,0.9598675899395298,0.46851436167378757,0.6865316612286968,0.5142793775331095
780.6666666666666,28000.0,28000.0,0.917832436372169,-6.6675904551939664e-06,-6.6675904551770825e-06,0.95803571769124,0.4706786824422596,1.0299933521770142,-1.0299933521770106,0.6860602616790089,0.5162199583255459,168354.59279943173,0.6352362632751465,0.9612709479535758,0.47320578893490695,0.6871983310562293,0.5165434813517795
780.8333333333334,28000.0,28000.0,0.917832436372169,-6.6675904551939664e-06,-6.6675904551770825e-06,0.95803571769124,0.4727098155107194,1.0531906499688972,-1.0812798656466536,0.6875389558180467,0.5183576578176108,168436.41892083563,0.4085392951965332,0.960519578851461,0.47575668082978595,0.6885866415750941,0.5186060439336329
781.0,28000.0,28000.0,0.917832436372169,-6.6675904551939664e-06,-6.6675904551770825e-06,0.95803571769124,0.4746474618666714,1.0899918966624242,-1.2000139296490269,0.6889466323068777,0.5202930361975476,168544.1355905561,0.6323363780975342,0.9619586101340161,0.47514513358883526,0.6900945123448254,0.5206853254418252
781.1666666666666,28000.0,28000.0,0.917832436372169,-6.6675904551939664e-06,-6.6675904551770825e-06,0.95803571769124,0.4764988582367588,1.1360635271697832,-1.332284822742719,0.6902889674500745,0.522181161650047,168680.8659971043,0.9242517948150636,0.9611819619692421,0.47706146428001817,0.691052721942335,0.5224957860778472
781.3333333333334,28000.0,28000.0,0.917832436372169,-6.6675904551939664e-06,-6.6675904551770825e-06,0.95803571769124,0.4781811131226423,1.1806456192410704,-1.4361927457371495,0.69150640887883,0.5239062054398814,168837.82802711584,0.5920684337615967,0.962794969560047,0.4798195656052582,0.6917165598417784,0.5243821306267621
781.5,28000.0,28000.0,0.917832436372169,-6.6675904551939664e-06,-6.6675904551770825e-06,0.95803571769124,0.4796520460864658,1.21320499807086,-1.4984275580276685,0.6925691637124003,0.5253448970197883,169009.4185152147,0.5657303333282471,0.9609784486131622,0.4826425152819952,0.6941414688837426,0.5256391701119805
781.6666666666666,28000.0,28000.0,0.917832436372169,-6.6675904551939664e-06,-6.6675904551770825e-06,0.95803571769124,0.4809684142748395,1.2439523008932392,-1.53939316436657,0.6935188640202093,0.5266872628311383,169200.9519527659,0.4639873504638672,0.9610628193486539,0.48152163730901887,0.696194807815351,0.5269899729968797
781.8333333333334,28000.0,28000.0,0.917832436372169,-6.6675904551939664e-06,-6.6675904551770825e-06,0.95803571769124,0.4821876856117148,1.291389919411249,-1.584202877317133,0.6943973546419033,0.5278860184163197,169417.00824316515,0.7030818462371826,0.9610831434235709,0.48416104162359563,0.6959630618688633,0.5281907609895528
782.0,28000.0,28000.0,0.917832436372169,-6.6675904551939664e-06,-6.6675904551770825e-06,0.95803571769124,0.4833145564545796,1.342699677898643,-1.633673171414163,0.6952082831893509,0.5290028022126058,169655.44538626238,0.403003454208374,0.9594387040952017,0.4853880297346053,0.6952244907697609,0.529143100853002
840.1666666666666,28000.0,28000.0,0.9069212005107022,1.4880372025741268e-05,1.4880372025754453e-05,0.9523241047619776,0.4583413419009904,0.9632493566283508,-0.9632493566283468,0.6770091154234331,0.5031437067598492,168459.77057085803,0.1833322048187255,0.9549370990053775,0.4601020432575651,0.6766932283135219,0.5034050061841892
840.3333333333334,28000.0,28000.0,0.9069212005107022,1.4880372025741268e-05,1.4880372025754453e-05,0.9523241047619776,0.4607013678872351,0.9842624818229562,-0.9842624818229108,0.6787498569742645,0.5056492150884435,168458.50593838186,0.1929471492767334,0.9575518150610629,0.46130607536949486,0.6780751985577654,0.506171986118352
840.5,28000.0,28000.0,0.9069212005107022,1.4880372025741268e-05,1.4880372025754453e-05,0.9523241047619776,0.4629662497339568,1.0065387245527675,-1.0070281952742213,0.6804162330250867,0.5079946534120401,168464.01799183813,0.2108771800994873,0.9572126471070947,0.4642519630468893,0.6804377701119955,0.5084835076465518
840.6666666666666,28000.0,28000.0,0.9069212005107022,1.4880372025741268e-05,1.4880372025754453e-05,0.9523241047619776,0.4650860186369944,1.0253889211803116,-1.025388920742837,0.6819721541392527,0.510086884557812,168475.67142991713,0.2611684799194336,0.9539551495783737,0.4647888781100635,0.6814441247312029,0.5102499890394516
840.8333333333334,28000.0,28000.0,0.9069212005107022,1.4880372025741268e-05,1.4880372025754453e-05,0.9523241047619776,0.4670877157344264,1.0472975576537935,-1.0483165626464954,0.6834381582024999,0.5121929379382442,168502.8963514128,0.4073047637939453,0.9556414857088023,0.46882544415276767,0.6818810243925982,0.5125246760329266
841.0,28000.0,28000.0,0.9069212005107022,1.4880372025741268e-05,1.4880372025754453e-05,0.9523241047619776,0.4689968565517968,1.0815770047146924,-1.0825250068402168,0.6848334519180664,0.5140981244362726,168552.6422145811,0.1883900165557861,0.9541180573290008,0.4729898715843732,0.6842301135958231,0.5142775196929749
841.1666666666666,28000.0,28000.0,0.9069212005107022,1.4880372025741268e-05,1.4880372025754453e-05,0.9523241047619776,0.470821024347285,1.1298961345025245,-1.1313609443489,0.6861639925177855,0.5159554836901951,168629.17299732016,0.3473372459411621,0.9553936955191933,0.47288495947275244,0.688164106691033,0.5162624427659166
841.3333333333334,28000.0,28000.0,0.9069212005107022,1.4880372025741268e-05,1.4880372025754453e-05,0.9523241047619776,0.4724792718144012,1.1745238219045888,-1.1754139024863255,0.687371276728538,0.5176529726090323,168726.4704124496,0.3602406978607178,0.95631316571742,0.47392586791619257,0.6890004240359744,0.5180518787045766
841.5,28000.0,28000.0,0.9069212005107022,1.4880372025741268e-05,1.4880372025754453e-05,0.9523241047619776,0.4739301746523033,1.2031072815735064,-1.2045951054021704,0.6884258673690552,0.5190681206109926,168841.4017415534,0.1711134910583496,0.9572391385597139,0.4765273153295511,0.689288946226697,0.5195596239907663
841.6666666666666,28000.0,28000.0,0.9069212005107022,1.4880372025741268e-05,1.4880372025754453e-05,0.9523241047619776,0.4752316419805021,1.2384894282009848,-1.2392438195160005,0.6893704679983409,0.5203914205702127,168982.42701573615,0.3335659503936767,0.9570280782093371,0.4751164610119076,0.6909542869196965,0.5208618179149487
841.8333333333334,28000.0,28000.0,0.9069212005107022,1.4880372025741268e-05,1.4880372025754453e-05,0.9523241047619776,0.4764415974085432,1.2815840702952566,-1.2815506018620806,0.690247490072663,0.521577717819413,169156.74495227536,0.1990087032318115,0.9567520233868138,0.47577184653704696,0.6931449865548523,0.5220205096818966
842.0,28000.0,28000.0,0.9069212005107022,1.4880372025741268e-05,1.4880372025754453e-05,0.9523241047619776,0.4775648670510963,1.3377399268741157,-1.3381105938729771,0.6910606826932472,0.5226869790375733,169363.53355003224,0.2428169250488281,0.9557541325078173,0.4785703174338947,0.693216028478149,0.5230299818121573
900.1666666666666,29000.0,29000.0,0.9072307077077026,5.529813096922701e-07,5.529813097261249e-07,0.952486591878176,0.4584814887341298,0.961398910559198,-0.9613989105591982,0.6771126116059902,0.5032981848144109,168193.46846429707,0.4589095115661621,0.9563519120012339,0.4564988417184322,0.6787319104691735,0.5036847168267167
900.3333333333334,29000.0,29000.0,0.9072307077077026,5.529813096922701e-07,5.529813097261249e-07,0.952486591878176,0.4608446902483355,0.9820588645218076,-0.982058864521808,0.678855426685362,0.5058067759597945,168219.7917269213,0.642432689666748,0.956210919849138,0.46044712541419597,0.6815610989360988,0.5061792087568907
900.5,29000.0,29000.0,0.9072307077077026,5.529813096922701e-07,5.529813097261249e-07,0.952486591878176,0.4631143130702692,1.0072608653484107,-1.0071953760309524,0.6805250276045235,0.5081558811298781,168262.8369619713,0.1944546699523925,0.9550655014975308,0.4633710953276121,0.6842998246771321,0.5084137720918136
900.6666666666666,29000.0,29000.0,0.9072307077077026,5.529813096922701e-07,5.529813097261249e-07,0.952486591878176,0.465240412750422,1.0268863171750189,-1.0264555105774178,0.6820853413697435,0.5102551388262674,168321.420080506,0.2001576423645019,0.9559582485728801,0.46734208781047,0.6857673687794267,0.5106023044957378
900.8333333333334,29000.0,29000.0,0.9072307077077026,5.529813096922701e-07,5.529813097261249e-07,0.952486591878176,0.4672483596495545,1.0458470747004016,-1.0456228600500554,0.6835556742877156,0.5123683001767358,168401.61346875984,0.2116751670837402,0.9565973043567826,0.4688293927238533,0.6868470757711368,0.5127793714245965
901.0,29000.0,29000.0,0.9072307077077026,5.529813096922701e-07,5.529813097261249e-07,0.952486591878176,0.4691641061666278,1.1600083180352323,-1.082477794903652,0.6849555506817097,0.5142817395497784,168508.6243388047,0.2725718021392822,0.9533839614854736,0.46959605586657327,0.686773785001377,0.5143714765105082
901.1666666666666,29000.0,29000.0,0.9072307077077026,5.529813096922701e-07,5.529813097261249e-07,0.952486591878176,0.470994801590524,1.305300503266261,-1.131525813516001,0.6862906103671494,0.516148796375029,168645.71910809638,0.2415628433227539,0.955626099485788,0.4692324547689404,0.6891585213859099,0.5164627471357902
901.3333333333334,29000.0,29000.0,0.9072307077077026,5.529813096922701e-07,5.529813097261249e-07,0.952486591878176,0.4726584641799759,1.423599973650583,-1.173129819274122,0.6875016105556693,0.5178548774098647,168804.2292546179,0.5368914604187012,0.953523263846782,0.4715230037550627,0.6895365311365768,0.5179585446067253
901.5,29000.0,29000.0,0.9072307077077026,5.529813096922701e-07,5.529813097261249e-07,0.952486591878176,0.4741135329286446,1.50021543694075,-1.2058705712245574,0.6885590267423123,0.5192783582494841,168978.68798821213,0.2512407302856445,0.9548783323053013,0.4726081841500223,0.6903414117585441,0.5195175322921967
901.6666666666666,29000.0,29000.0,0.9072307077077026,5.529813096922701e-07,5.529813097261249e-07,0.952486591878176,0.4754158742102697,1.5554261708199135,-1.2380063641279233,0.6895040787632997,0.5206068487655994,169174.15262084687,0.1864981651306152,0.9531809815515311,0.4727285135328249,0.6926521523963417,0.5206762877329348
901.8333333333334,29000.0,29000.0,0.9072307077077026,5.529813096922701e-07,5.529813097261249e-07,0.952486591878176,0.4766220160099374,1.6154633318374656,-1.2823051230944007,0.6903781691774795,0.5217933352549066,169394.83443335368,0.2018988132476806,0.9534708778394853,0.4747441850867847,0.6909697733193014,0.5218917638510375
902.0,29000.0,29000.0,0.9072307077077026,5.529813096922701e-07,5.529813097261249e-07,0.952486591878176,0.4777366058131067,1.6819900463456492,-1.338153675666813,0.6911849291772518,0.5228988805917852,169638.48423304025,0.2067549228668213,0.953979606517398,0.477153948295578,0.6933460030365249,0.5230481820557075
960.1666666666666,30000.0,30000.0,0.8961434306627184,-1.358020410212116e-05,-1.3580204102091748e-05,0.946648525410946,0.4528957270956623,0.9599614361388226,-0.9568786973941592,0.6729752800713037,0.4971657342955725,168480.5971919238,0.3801014423370361,0.9489764907585342,0.4521193190204098,0.6750702787171107,0.4973985308303313
960.3333333333334,30000.0,30000.0,0.8961434306627184,-1.358020410212116e-05,-1.3580204102091748e-05,0.946648525410946,0.4552279312257095,0.9793581398053444,-0.9781870267391092,0.6747058112346264,0.4996417854781569,168483.6794001374,0.3407890796661377,0.9496777822335597,0.4546045710809928,0.6752416521935768,0.4999447111604183
960.5,30000.0,30000.0,0.8961434306627184,-1.358020410212116e-05,-1.3580204102091748e-05,0.946648525410946,0.4574659936999873,1.0023175490706795,-1.0023175490727063,0.676362324622337,0.5019596331886277,168492.9572525128,0.5746803283691406,0.9507162746933776,0.4545139837413248,0.6777419602034453,0.5023664081168708
960.6666666666666,30000.0,30000.0,0.8961434306627184,-1.358020410212116e-05,-1.3580204102091748e-05,0.946648525410946,0.4595604620571033,1.0188693545847542,-1.0188693549004089,0.6779088895151625,0.5040270330268615,168507.5250508791,0.4958407878875732,0.9488690887084322,0.45829920534353097,0.6783650242816675,0.5042490893566101
960.8333333333334,30000.0,30000.0,0.8961434306627184,-1.358020410212116e-05,-1.3580204102091748e-05,0.946648525410946,0.4615381464140792,1.0399029404944788,-1.0399029404971345,0.6793659888551045,0.5061079600122818,168536.83601408545,0.7019014358520508,0.9490810836738663,0.45946814791197726,0.6788330984669335,0.5063512158385738
961.0,30000.0,30000.0,0.8961434306627184,-1.358020410212116e-05,-1.3580204102091748e-05,0.946648525410946,0.4634241737349384,1.0771542678721264,-1.0771542678726234,0.680752652655834,0.5079901584895926,168587.77773201518,0.3702895641326904,0.951448349849092,0.46299032039095717,0.6822879009356531,0.5084701409334073
961.1666666666666,30000.0,30000.0,0.8961434306627184,-1.358020410212116e-05,-1.3580204102091748e-05,0.946648525410946,0.4652260372742174,1.1249442256144586,-1.1236143310545297,0.6820748035266135,0.5098247898289138,168664.46227297458,0.6521978378295898,0.9482829280200814,0.46722187369544166,0.6837477932338148,0.5099882300898273
961.3333333333334,30000.0,30000.0,0.8961434306627184,-1.358020410212116e-05,-1.3580204102091748e-05,0.946648525410946,0.4668637903221393,1.1655586335864063,-1.165558633591932,0.6832743158005271,0.511501222417686,168760.73491457323,0.3498473167419433,0.9488494156360974,0.4679421172843152,0.6851375934835043,0.5117213114402012
961.5,30000.0,30000.0,0.8961434306627184,-1.358020410212116e-05,-1.3580204102091748e-05,0.946648525410946,0.4682963692292211,1.201217556769817,-1.1992070596786912,0.6843218318102247,0.5128982290510072,168873.30648213025,0.3172328472137451,0.9451206213337471,0.470036745425755,0.6866317049880791,0.5127454386432874
961.6666666666666,30000.0,30000.0,0.8961434306627184,-1.358020410212116e-05,-1.3580204102091748e-05,0.946648525410946,0.4695812098229872,1.2288382921400292,-1.227669721949424,0.6852599580019522,0.5142042328136137,169010.86500699254,0.3264181613922119,0.9452812519935357,0.47205018713562946,0.6876495243394147,0.5140675054718726
961.8333333333334,30000.0,30000.0,0.8961434306627184,-1.358020410212116e-05,-1.3580204102091748e-05,0.946648525410946,0.4707758081671463,1.2788677490409024,-1.2761287214422554,0.6861310431394769,0.5153748721429854,169180.95249369295,0.3100173473358154,0.9454075978543863,0.4732231233111694,0.6886272596409543,0.5152507793873294
962.0,30000.0,30000.0,0.8961434306627184,-1.358020410212116e-05,-1.3580204102091748e-05,0.946648525410946,0.471884926192244,1.3275145951731524,-1.3272929518315162,0.6869388083027589,0.5164692754155206,169382.84219916534,0.6319427490234375,0.945256546297833,0.4725151720322864,0.6908677631733365,0.5163300775042092
1020.1666666666666,30000.0,30000.0,0.8939461479459755,7.558411777437888e-06,7.558411777469796e-06,0.9454872542482926,0.4517668327345883,0.9565612555970444,-0.956561271360605,0.6721360225190253,0.4959272181246423,168175.0942711029,0.1853723526000976,0.9444883792397863,0.4519346077403969,0.6741629755754657,0.4958273306237917
1020.3333333333334,30000.0,30000.0,0.8939461479459755,7.558411777437888e-06,7.558411777469796e-06,0.9454872542482926,0.4540951879645563,0.9775518218638012,-0.9775544495729565,0.6738658531342827,0.4983987426657472,168196.8719419963,0.1973605155944824,0.9459179239386599,0.4539632786780732,0.6769407856910381,0.4984418096347839
1020.5,30000.0,30000.0,0.8939461479459755,7.558411777437888e-06,7.558411777469796e-06,0.9454872542482926,0.456331448109836,1.000241943599412,-1.0003091057724995,0.6755230922724548,0.50071314653542,168235.86294672338,0.2090675830841064,0.9473157027983945,0.4572373009040304,0.6778560427474281,0.5008959913904302
1020.6666666666666,30000.0,30000.0,0.8939461479459755,7.558411777437888e-06,7.558411777469796e-06,0.9454872542482926,0.4584264763391614,1.017072241068064,-1.0170722410680595,0.6770719876449248,0.5027815794655638,168291.15602084115,0.2042896747589111,0.9472293596966646,0.45945820996970516,0.6786246594558518,0.502955790010401
1020.8333333333334,30000.0,30000.0,0.8939461479459755,7.558411777437888e-06,7.558411777469796e-06,0.9454872542482926,0.4604051963216855,1.0398929596178712,-1.040058796593354,0.6785316473618282,0.504863841202107,168368.8291078675,0.8590025901794434,0.9481442831207237,0.4629108516269237,0.6807091654693451,0.5051295440893502
1021.0,30000.0,30000.0,0.8939461479459755,7.558411777437888e-06,7.558411777469796e-06,0.9454872542482926,0.462293261230775,1.074842841850075,-1.1088309340976306,0.6799215112194322,0.5067495412464513,168474.16562150003,0.1951396465301513,0.9456029276187811,0.462599480796991,0.6803635628347657,0.5067611085835002
1021.1666666666666,30000.0,30000.0,0.8939461479459755,7.558411777437888e-06,7.558411777469796e-06,0.9454872542482926,0.4640977192309508,1.1205526779414368,-1.265508950283004,0.6812471794147444,0.5085898305025578,168610.5909643827,0.2241644859313964,0.9470986642154826,0.4657754530706252,0.6813866489118159,0.5087509714992768
1021.3333333333334,30000.0,30000.0,0.8939461479459755,7.558411777437888e-06,7.558411777469796e-06,0.9454872542482926,0.4657377593142537,1.1660287298781036,-1.3968187128473482,0.6824498220304287,0.5102717357771652,168769.59432426916,0.2637398242950439,0.9451534621100077,0.4670911185014588,0.6843243977746984,0.5102383565633367
1021.5,30000.0,30000.0,0.8939461479459755,7.558411777437888e-06,7.558411777469796e-06,0.9454872542482926,0.4671725602697821,1.1959023808553548,-1.4868539931701488,0.6835002272042249,0.5116756158558322,168945.88383978908,0.2007675170898437,0.945881035168626,0.4681879195962224,0.6830275817312667,0.5117149939478656
1021.6666666666666,30000.0,30000.0,0.8939461479459755,7.558411777437888e-06,7.558411777469796e-06,0.9454872542482926,0.4684569752543507,1.229142836389737,-1.55556660866204,0.6844391686742431,0.5129861663879798,169144.31968017848,0.2304246425628662,0.9470563302668694,0.4700248478271754,0.6842018657455861,0.5131430739898375
1021.8333333333334,30000.0,30000.0,0.8939461479459755,7.558411777437888e-06,7.558411777469796e-06,0.9454872542482926,0.4696464584843243,1.273520053230513,-1.630026442874408,0.6853075651786432,0.5141568239414929,169368.79842696252,0.5883820056915283,0.9459891339779137,0.4693865212112476,0.685803970796934,0.514207011914455
1022.0,30000.0,30000.0,0.8939461479459755,7.558411777437888e-06,7.558411777469796e-06,0.9454872542482926,0.4707455976663159,1.3272753796915613,-1.712715415980467,0.6861090278640607,0.5152478724738673,169616.9888836322,0.1609034538269043,0.9469448948265057,0.4704198886101407,0.6858232732973151,0.5153936365316886
1080.1666666666667,31000.0,31000.0,0.8885932834051299,-6.476528450102625e-06,-6.476528450080501e-06,0.9426522600647228,0.449080968591743,0.9525080965771712,-0.9547372092386376,0.6701350379607715,0.4929780453995965,168496.35903671337,0.1839544773101806,0.942532810597207,0.44850697076495877,0.6679242236388256,0.4929661004528449
1080.3333333333333,31000.0,31000.0,0.8885932834051299,-6.476528450102625e-06,-6.476528450080501e-06,0.9426522600647228,0.4513937799488669,0.973100204685665,-0.9738559438297774,0.6718584526993748,0.495433579949873,168504.14641174083,0.262357234954834,0.9422569784590932,0.4501933463086996,0.6706234748325978,0.49539405178931006
1080.5,31000.0,31000.0,0.8885932834051299,-6.476528450102625e-06,-6.476528450080501e-06,0.9426522600647228,0.4536131455752963,0.9956925843580112,-0.999118952962836,0.6735080890953806,0.4977322200453287,168517.73250317553,0.4978759288787842,0.9408105817108348,0.45229163262936267,0.6728034271766219,0.49754805220993986
1080.6666666666667,31000.0,31000.0,0.8885932834051299,-6.476528450102625e-06,-6.476528450080501e-06,0.9426522600647228,0.4556899554795945,1.015767021699733,-1.015767021688926,0.675048113799364,0.4997823384291084,168535.93881729522,0.3913276195526123,0.9437406150643122,0.4536278698190994,0.6748468690985351,0.49989117392906735
1080.8333333333333,31000.0,31000.0,0.8885932834051299,-6.476528450102625e-06,-6.476528450080501e-06,0.9426522600647228,0.4576508531756935,1.03582032920307,-1.0358203292003632,0.6764989679352714,0.5018457448638775,168568.18397440598,0.198826789855957,0.9446777921588001,0.45683557909744765,0.6766433225636925,0.5020482980732852
1081.0,31000.0,31000.0,0.8885932834051299,-6.476528450102625e-06,-6.476528450080501e-06,0.9426522600647228,0.4595206786116886,1.0701472771319982,-1.0701472743524796,0.67787954610035,0.5037118770282991,168621.26564158016,0.574305534362793,0.9452234900255557,0.4611010144535444,0.67740509116304,0.5039690000243824
1081.1666666666667,31000.0,31000.0,0.8885932834051299,-6.476528450102625e-06,-6.476528450080501e-06,0.9426522600647228,0.4613068547440257,1.1195648277502912,-1.119564776793604,0.6791957413923366,0.5055305693142086,168699.13089024488,0.197732925415039,0.9465758954764283,0.46165412533737865,0.6779717637079481,0.5059229328553791
1081.3333333333333,31000.0,31000.0,0.8885932834051299,-6.476528450102625e-06,-6.476528450080501e-06,0.9426522600647228,0.4629301289642255,1.1619412478469138,-1.1619473983051254,0.6803896893164522,0.5071921575908748,168795.4469341469,0.6189451217651367,0.9470896228574172,0.4631232155938518,0.678876622627013,0.5076358938701442
1081.5,31000.0,31000.0,0.8885932834051299,-6.476528450102625e-06,-6.476528450080501e-06,0.9426522600647228,0.4643496543618547,1.1924259215248534,-1.1924244236393478,0.6814320616747759,0.5085762459238571,168906.73241515033,0.1993920803070068,0.947056790078499,0.4646749370649735,0.6826465432530682,0.5090166989252347
1081.6666666666667,31000.0,31000.0,0.8885932834051299,-6.476528450102625e-06,-6.476528450080501e-06,0.9426522600647228,0.4656225561127971,1.2258121509503783,-1.2270749491694366,0.6823654126517307,0.5098698082181707,169041.8395523423,0.5012907981872559,0.9429432026891524,0.46391048456555756,0.6820630279055425,0.5098989024806138
1081.8333333333333,31000.0,31000.0,0.8885932834051299,-6.476528450102625e-06,-6.476528450080501e-06,0.9426522600647228,0.4668060742765763,1.2676615741774548,-1.2683414543178009,0.6832320795471313,0.5110290737582913,169208.59393772972,0.346257209777832,0.9453805560477497,0.4656066528280722,0.6830846383300284,0.511301903356594
1082.0,31000.0,31000.0,0.8885932834051299,-6.476528450102625e-06,-6.476528450080501e-06,0.9426522600647228,0.4679049210582095,1.3246142378518293,-1.3270395115544948,0.6840357602275995,0.5121125692679561,169406.3373340067,0.6414613723754883,0.9466441959086251,0.4676327607382023,0.6841601205504351,0.5125117628523463
1140.1666666666667,31000.0,31000.0,0.8781154914859806,1.4289447921344163e-05,1.4289447921376764e-05,0.9370781672229808,0.4437658289928779,0.9463060529116984,-0.9463060529116982,0.6661575106579685,0.4871441485524597,168162.07685947078,1.0265555381774902,0.9415113957011767,0.44350346386664863,0.6672183028014974,0.4875874714002793
1140.3333333333333,31000.0,31000.0,0.8781154914859806,1.4289447921344163e-05,1.4289447921376764e-05,0.9370781672229808,0.4460526850804939,0.9675012532505678,-0.9675012532505676,0.6678717579811316,0.4895715550404272,168179.02951770512,0.7745730876922607,0.9419852723996854,0.44543033546902944,0.6684051240727065,0.4900622655580977
1140.5,31000.0,31000.0,0.8781154914859806,1.4289447921344163e-05,1.4289447921376764e-05,0.9370781672229808,0.4482491569929195,0.9919290106803772,-0.9919290106803758,0.6695141201213745,0.4918446408201452,168213.49513536814,0.8773608207702637,0.9428128481045316,0.44917168125108486,0.6684740158525659,0.49241810890830023
1140.6666666666667,31000.0,31000.0,0.8781154914859806,1.4289447921344163e-05,1.4289447921376764e-05,0.9370781672229808,0.4503070490918797,1.009336074513277,-1.0093360745132762,0.6710492151594362,0.4938762592457768,168264.8330617517,0.7370967864990234,0.9414755688851019,0.4521006881855668,0.6692514594217694,0.49431599941198895
1140.8333333333333,31000.0,31000.0,0.8781154914859806,1.4289447921344163e-05,1.4289447921376764e-05,0.9370781672229808,0.4522508008881484,1.0282810964671592,-1.0282810964671565,0.6724959486808988,0.4959215813718867,168339.1842237105,0.7590434551239014,0.9402834928596616,0.4550649659103682,0.6707986407981186,0.4962421139355548
1141.0,31000.0,31000.0,0.8781154914859806,1.4289447921344163e-05,1.4289447921376764e-05,0.9370781672229808,0.4541056801281838,1.06602192039638,-1.066021920396378,0.6738736382036972,0.4977740241919203,168441.93490515635,0.9934871196746826,0.9406889621053267,0.4564884601169825,0.6732996952046476,0.4981351036801549
1141.1666666666667,31000.0,31000.0,0.8781154914859806,1.4289447921344163e-05,1.4289447921376764e-05,0.9370781672229808,0.4558786207659824,1.2136032525483316,-1.112923358833346,0.6751878412270337,0.4995821112339431,168576.67983429227,0.7130184173583984,0.9423189447098635,0.4582833561006995,0.6746089849507593,0.5001061889826314
1141.3333333333333,31000.0,31000.0,0.8781154914859806,1.4289447921344163e-05,1.4289447921376764e-05,0.9370781672229808,0.4574902316336401,1.3563890785329449,-1.1523430430086152,0.6763802420601244,0.5012348571750966,168735.10465808926,0.2387917041778564,0.9419402064916637,0.459741205004677,0.6773911172746826,0.5017210611019649
1141.5,31000.0,31000.0,0.8781154914859806,1.4289447921344163e-05,1.4289447921376764e-05,0.9370781672229808,0.4589005398356275,1.4587194187275518,-1.1871011908222235,0.6774219808164447,0.5026149149171835,168912.1250373251,0.1944835186004638,0.940088574288911,0.46263726842028313,0.6771198434343941,0.5029159556237764
1141.6666666666667,31000.0,31000.0,0.8781154914859806,1.4289447921344163e-05,1.4289447921376764e-05,0.9370781672229808,0.4601632779001979,1.5400227892569602,-1.216308799196514,0.6783533579192209,0.5039036012818068,169112.47077078358,0.1580808162689209,0.9417035478034889,0.4627398258227907,0.6775516124649744,0.5043661393398576
1141.8333333333333,31000.0,31000.0,0.8781154914859806,1.4289447921344163e-05,1.4289447921376764e-05,0.9370781672229808,0.4613327101908749,1.6279213355078277,-1.2628889496259448,0.6792147749680597,0.5050549841138015,169339.78839494422,0.2638185024261474,0.9407213489507685,0.46270608129988816,0.6786031758814329,0.5054193022865803
1142.0,31000.0,31000.0,0.8781154914859806,1.4289447921344163e-05,1.4289447921376764e-05,0.9370781672229808,0.4624133539475267,1.7256775050591828,-1.3152561574550363,0.6800098192933106,0.506128370292312,169591.69268389684,0.167771577835083,0.9392653566106298,0.46568558873243604,0.6764697222996153,0.5063470892310769
1200.1666666666667,32000.0,32000.0,0.8783481038576345,4.818461299654056e-07,4.818461299883027e-07,0.9372022747825756,0.4439038319432906,0.9480848098248256,-0.9480848098249288,0.666261084308186,0.4872948217435155,168506.51849356416,0.3651742935180664,0.9403861061780731,0.44771608593085105,0.6644974006301064,0.48761320488306525
1200.3333333333333,32000.0,32000.0,0.8783481038576345,4.818461299654056e-07,4.818461299883027e-07,0.9372022747825756,0.4461902556045119,0.9713428329477564,-0.9690115707097606,0.667974742139061,0.4897224024453418,168519.20886804804,0.2736604213714599,0.9390798149003613,0.44985277174458044,0.665980852852909,0.4899101564571204
1200.5,32000.0,32000.0,0.8783481038576345,4.818461299654056e-07,4.818461299883027e-07,0.9372022747825756,0.4483842476423585,0.9944763083477498,-0.9920640444102669,0.6696149999570093,0.4919948862599361,168537.49867207854,0.2286438941955566,0.9374000287785449,0.45320045405669224,0.6682606906741573,0.492014661659533
1200.6666666666667,32000.0,32000.0,0.8783481038576345,4.818461299654056e-07,4.818461299883027e-07,0.9372022747825756,0.4504371960924991,1.011001680536676,-1.006887189951634,0.6711461812350552,0.4940216011980974,168559.9435189117,0.6599318981170654,0.938025751533268,0.45408500027730825,0.6710428508966175,0.49410394887316667
1200.8333333333333,32000.0,32000.0,0.8783481038576345,4.818461299654056e-07,4.818461299883027e-07,0.9372022747825756,0.452375463925565,1.0330713266929017,-1.030546286009042,0.6725886294032757,0.4960613360567414,168595.87090118445,0.1875314712524414,0.9393081924408525,0.4551671368031494,0.6708326909586871,0.4962719278225691
1201.0,32000.0,32000.0,0.8783481038576345,4.818461299654056e-07,4.818461299883027e-07,0.9372022747825756,0.4542235419778717,1.066086849682424,-1.0660868496827096,0.6739610837633835,0.4979058872558684,168651.96357636072,0.1993136405944824,0.9393533304266433,0.4584071822485231,0.6723208555291482,0.49812099282027517
1201.1666666666667,32000.0,32000.0,0.8783481038576345,4.818461299654056e-07,4.818461299883027e-07,0.9372022747825756,0.4559887535832349,1.1117508036773118,-1.1106700987477405,0.6752693936565398,0.4997033162162284,168731.9961671629,0.4363818168640136,0.9385602249635853,0.4609623023489406,0.6734355130610232,0.49983911123432934
1201.3333333333333,32000.0,32000.0,0.8783481038576345,4.818461299654056e-07,4.818461299883027e-07,0.9372022747825756,0.4575927619393634,1.1553590525693749,-1.1553591178662652,0.6764560313519498,0.5013452135940497,168829.42228022887,0.2053580284118652,0.9364439908137315,0.45986566710710874,0.6751399538277382,0.5012693851971654
1201.5,32000.0,32000.0,0.8783481038576345,4.818461299654056e-07,4.818461299883027e-07,0.9372022747825756,0.4589950689845812,1.1864483919737658,-1.1864495190913142,0.6774917485490982,0.5027124100387077,168940.53920966457,0.204845905303955,0.9372223935705501,0.46133228012764693,0.67710854237511,0.5027144219175051
1201.6666666666667,32000.0,32000.0,0.8783481038576345,4.818461299654056e-07,4.818461299883027e-07,0.9372022747825756,0.460252267304454,1.2175099708601895,-1.2175099708601935,0.6784189469839831,0.5039898023259166,169074.2939627435,0.212735891342163,0.9386599812169669,0.4632355196237533,0.6773472445513986,0.5041355729693557
1201.8333333333333,32000.0,32000.0,0.8783481038576345,4.818461299654056e-07,4.818461299883027e-07,0.9372022747825756,0.4614211252153829,1.2630944009592424,-1.2631078509374143,0.6792798580222048,0.505134294865831,169238.72634505908,0.5432343482971191,0.9395860972219783,0.4633400690987364,0.6772159481201878,0.5053726771097712
1202.0,32000.0,32000.0,0.8783481038576345,4.818461299654056e-07,4.818461299883027e-07,0.9372022747825756,0.4625062886219609,1.3143481440880045,-1.3143481440880127,0.6800781491030867,0.5062036616594611,169433.2175257904,0.2367713451385498,0.93859615447157,0.46665734234075396,0.6787081757982314,0.5063430496283605
1260.1666666666667,33000.0,33000.0,0.8675993578825065,-1.3135513899444026e-05,-1.3135513899407653e-05,0.9314501370886724,0.438450944500085,0.9418948303191812,-0.941894830319178,0.6621562840465679,0.4813097529965634,168154.86034617075,0.1845772266387939,0.9318915395416241,0.43965980038679325,0.6607044456877703,0.48135389324185857
1260.3333333333333,33000.0,33000.0,0.8675993578825065,-1.3135513899444026e-05,-1.3135513899407653e-05,0.9314501370886724,0.4407101300663912,0.9623791085127382,-0.9623791085127356,0.6638600229539725,0.4837077321409996,168166.87318082733,0.5141057968139648,0.9315258326587454,0.44195141650434633,0.6622399011842234,0.4837153016980069
1260.5,33000.0,33000.0,0.8675993578825065,-1.3135513899444026e-05,-1.3135513899407653e-05,0.9314501370886724,0.44288005931379,0.983871060028694,-0.9838710600286916,0.665492343560257,0.4859532437166665,168196.49663149664,0.549135684967041,0.9309947595982685,0.44240421992204615,0.6653048443408157,0.4859077059676261
1260.6666666666667,33000.0,33000.0,0.8675993578825065,-1.3135513899444026e-05,-1.3135513899407653e-05,0.9314501370886724,0.4449131777383775,1.00326846914401,-1.0033205230525888,0.6670181240273036,0.4879602550884198,168243.34921330298,0.1635229587554931,0.9313683414801136,0.4443002415332843,0.6669017374926077,0.4879520755275639
1260.8333333333333,33000.0,33000.0,0.8675993578825065,-1.3135513899444026e-05,-1.3135513899407653e-05,0.9314501370886724,0.446833622029888,1.024147650854408,-1.0241476508544036,0.6684561482221888,0.4899809137623017,168313.69012157642,0.507993221282959,0.930845330854648,0.44625267008799196,0.6667406544296055,0.48992043313889927
1261.0,33000.0,33000.0,0.8675993578825065,-1.3135513899444026e-05,-1.3135513899407653e-05,0.9314501370886724,0.4486664126664113,1.05720284779375,-1.0572028477937494,0.6698256584819746,0.4918111656362962,168413.03166911687,0.4467916488647461,0.9325856729285784,0.44890736274620663,0.6675921966364474,0.4919247192202868
1261.1666666666667,33000.0,33000.0,0.8675993578825065,-1.3135513899444026e-05,-1.3135513899407653e-05,0.9314501370886724,0.4504184177005518,1.1056125762878724,-1.1555985293599855,0.6711321910227842,0.4935977961928902,168545.14248008677,0.6120047569274902,0.929773839281306,0.4503027258219923,0.666770912162426,0.49343016641215354
1261.3333333333333,33000.0,33000.0,0.8675993578825065,-1.3135513899444026e-05,-1.3135513899407653e-05,0.9314501370886724,0.4520112037899427,1.148659072159862,-1.3088817963620731,0.6723177849439959,0.495231180727015,168701.93671940305,0.6436595916748047,0.9315416367925564,0.4529036955590282,0.6687036792049146,0.4952403306974034
1261.5,33000.0,33000.0,0.8675993578825065,-1.3135513899444026e-05,-1.3135513899407653e-05,0.9314501370886724,0.4534053930104503,1.1768731941197272,-1.4227454144212253,0.6733538395315705,0.4965955219085244,168878.56309087572,0.5836820602416992,0.9311856631688269,0.4539860807924463,0.6694143617175098,0.49656907451653987
1261.6666666666667,33000.0,33000.0,0.8675993578825065,-1.3135513899444026e-05,-1.3135513899407653e-05,0.9314501370886724,0.4546539739232731,1.2114149306939808,-1.5159923917973588,0.6742803379646126,0.4978699173069429,169079.69225903467,0.2817115783691406,0.9325888186715175,0.4549687103639225,0.6714192250391464,0.4979837854652274
1261.8333333333333,33000.0,33000.0,0.8675993578825065,-1.3135513899444026e-05,-1.3135513899407653e-05,0.9314501370886724,0.4558103961374199,1.2526964312103164,-1.6166325805518416,0.6751373167150907,0.4990088405117558,169308.79390316785,0.3675136566162109,0.9288928506436611,0.4567668461789907,0.6732455408100338,0.4987531118672547
1262.0,33000.0,33000.0,0.8675993578825065,-1.3135513899444026e-05,-1.3135513899407653e-05,0.9314501370886724,0.4568791356950833,1.3086841416248671,-1.7286789004293188,0.6759283512487573,0.500070952057742,169563.45857741183,0.7064230442047119,0.9298796439020529,0.4578683104928679,0.6735049245412763,0.49991390273908004
1320.1666666666667,33000.0,33000.0,0.8655175246308494,7.233874880914229e-06,7.233874880932009e-06,0.9303319432497464,0.4374197091509766,0.9383823753040276,-0.9468921238053916,0.6613771311966653,0.480176870583536,168510.7290432052,0.8258702754974365,0.9299129987601477,0.43764046823512737,0.6587881048414391,0.4801349761345761
1320.3333333333333,33000.0,33000.0,0.8655175246308494,7.233874880914229e-06,7.233874880932009e-06,0.9303319432497464,0.4396730228341697,0.9594213996389068,-0.9613050127377358,0.6630784443571729,0.4825693473576947,168528.35301428378,0.8455240726470947,0.92906518106217,0.43912008381293266,0.6627026067737829,0.482442671138937
1320.5,33000.0,33000.0,0.8655175246308494,7.233874880914229e-06,7.233874880932009e-06,0.9303319432497464,0.4418352272042658,0.9842024137380104,-0.9842024137380194,0.6647068735482138,0.4848089940631241,168551.5815566271,0.7202053070068359,0.9282154291138902,0.4434682416831398,0.6646301385730954,0.48459734264953847
1320.6666666666667,33000.0,33000.0,0.8655175246308494,7.233874880914229e-06,7.233874880932009e-06,0.9303319432497464,0.4438583605464247,1.002493565889938,-1.006557812386133,0.666226959121318,0.4868064231161945,168578.72035652338,0.9971907138824464,0.9282934657352172,0.4469318828719696,0.6644308338141569,0.48660257536474155
1320.8333333333333,33000.0,33000.0,0.8655175246308494,7.233874880914229e-06,7.233874880932009e-06,0.9303319432497464,0.4457683946144748,1.020657927260422,-1.0227028597294257,0.6676588912892932,0.4888165811511548,168618.95236416502,0.4838743209838867,0.9294787846993371,0.44966551871218596,0.6661626794851463,0.4887312652961138
1321.0,33000.0,33000.0,0.8655175246308494,7.233874880914229e-06,7.233874880932009e-06,0.9303319432497464,0.4475894143624619,1.0577497980223949,-1.0642962308811712,0.669021236467206,0.4906342648263284,168678.82435890066,0.2299468517303466,0.927803092404937,0.4500580309172204,0.6683120290691061,0.4903813797418474
1321.1666666666667,33000.0,33000.0,0.8655175246308494,7.233874880914229e-06,7.233874880932009e-06,0.9303319432497464,0.4493286159329676,1.1052024178918016,-1.1063235354715122,0.6703197866663453,0.4924053367617181,168761.93695077437,0.1855654716491699,0.9297499779181274,0.45154973245207186,0.6708951966041129,0.4923471402285562
1321.3333333333333,33000.0,33000.0,0.8655175246308494,7.233874880914229e-06,7.233874880932009e-06,0.9303319432497464,0.4509087908058426,1.14521824329624,-1.149583117762132,0.6714974246128477,0.49402291813904,168861.5018932998,0.2239482402801513,0.9305818938726624,0.45280642231998636,0.6712227733958122,0.49404791320133157
1321.5,33000.0,33000.0,0.8655175246308494,7.233874880914229e-06,7.233874880932009e-06,0.9303319432497464,0.4522899218396017,1.1781753960131298,-1.178175396013127,0.6725250346666404,0.4953694526084353,168973.5735253873,0.246577501296997,0.9315308760359113,0.4580462781200695,0.6716892096804794,0.4954893458870518
1321.6666666666667,33000.0,33000.0,0.8655175246308494,7.233874880914229e-06,7.233874880932009e-06,0.9303319432497464,0.4535278503496255,1.2087503878602426,-1.20874989944063,0.6734447644169729,0.4966271536143829,169107.12102834773,0.2021379470825195,0.9330431030253075,0.45623964773199455,0.6737492379609902,0.496898269591939
1321.8333333333333,33000.0,33000.0,0.8655175246308494,7.233874880914229e-06,7.233874880932009e-06,0.9303319432497464,0.4546786575297802,1.2530384994218866,-1.2530384994218866,0.674298641464256,0.4977536738530673,169270.32174789475,0.2039771080017089,0.9296946559913213,0.45712292085870676,0.6742144600452593,0.49768994512722475
1322.0,33000.0,33000.0,0.8655175246308494,7.233874880914229e-06,7.233874880932009e-06,0.9303319432497464,0.455746907586607,1.306720244904351,-1.30671880942004,0.6750902961123292,0.4988058932215002,169462.56581035425,0.6671192646026611,0.9294378836545691,0.45673026894788193,0.6726676254135963,0.4987164872619825
1380.1666666666667,34000.0,34000.0,0.8602951757636225,-6.290262525503585e-06,-6.2902625254637286e-06,0.927520984001776,0.4347596161043527,0.9378813819911574,-0.937881550899296,0.6593630381699526,0.4772576023475484,168153.6909401698,0.1853699684143066,0.9274998348557126,0.43624771646243304,0.6567063257895606,0.47725548743294205
1380.3333333333333,34000.0,34000.0,0.8602951757636225,-6.290262525503585e-06,-6.2902625254637286e-06,0.927520984001776,0.436999490618612,0.9587038964127664,-0.9587043642278904,0.661059369965858,0.4796350403178055,168160.81767223796,0.2417888641357422,0.9290150711808642,0.43892996259728506,0.6619561114667615,0.4797844490357143
1380.5,34000.0,34000.0,0.8602951757636225,-6.290262525503585e-06,-6.2902625254637286e-06,0.927520984001776,0.4391508704163706,0.9820683936272058,-0.98206643797608,0.6626845934708474,0.4818612869184077,168185.44736803928,0.7334797382354736,0.9290168992108576,0.43797580203874675,0.6629050935579379,0.48201087843931584
1380.6666666666667,34000.0,34000.0,0.8602951757636225,-6.290262525503585e-06,-6.2902625254637286e-06,0.927520984001776,0.4411666564137221,0.9978074247145684,-0.997756390192208,0.6642037762864084,0.4838510434107631,168227.43741220084,0.1834249496459961,0.9291593379124747,0.43937189579308605,0.6641864787885187,0.484014878801833
1380.8333333333333,34000.0,34000.0,0.8602951757636225,-6.290262525503585e-06,-6.2902625254637286e-06,0.927520984001776,0.4430708042575532,1.019324987599426,-1.0193259699041808,0.6656356392906987,0.4858544249285317,168293.21652289433,0.2301127910614013,0.9288121177594366,0.4428681691985687,0.6676356717311549,0.48598353830429775
1381.0,34000.0,34000.0,0.8602951757636225,-6.290262525503585e-06,-6.2902625254637286e-06,0.927520984001776,0.4448881641842868,1.0562962311317965,-1.0553749840445652,0.6669993734950903,0.4876691222202414,168388.4418989229,0.2150235176086425,0.9294301288043552,0.44581268234333704,0.6678105961997196,0.4878600367004993
1381.1666666666667,34000.0,34000.0,0.8602951757636225,-6.290262525503585e-06,-6.2902625254637286e-06,0.927520984001776,0.446625569445304,1.100421895705355,-1.1004218957053429,0.6683005084018897,0.4894407159150551,168517.0547027323,0.2539906501770019,0.929336487424803,0.4474200879561597,0.6672009621816776,0.48962226625735783
1381.3333333333333,34000.0,34000.0,0.8602951757636225,-6.290262525503585e-06,-6.2902625254637286e-06,0.927520984001776,0.4482052717578167,1.253026576305576,-1.142592475144791,0.6694813454253173,0.4910605780696067,168671.22189020368,0.2466874122619629,0.9268070841368239,0.45054761214700423,0.6703821517610289,0.4909891880831115
1381.5,34000.0,34000.0,0.8602951757636225,-6.290262525503585e-06,-6.2902625254637286e-06,0.927520984001776,0.4495883284740757,1.377537482586359,-1.1748113733764127,0.6705134813144003,0.4924139959395485,168846.3427846727,0.1668915748596191,0.9260132133709722,0.4516432995554916,0.6709478956280642,0.4922632188764681
1381.6666666666667,34000.0,34000.0,0.8602951757636225,-6.290262525503585e-06,-6.2902625254637286e-06,0.927520984001776,0.4508272324087737,1.4819770153368534,-1.203675319132759,0.6714366929184293,0.4936785719544205,169047.10219031328,0.227217435836792,0.9274178524266031,0.45332163693676025,0.6724428205999061,0.49366825879690324
1381.8333333333333,34000.0,34000.0,0.8602951757636225,-6.290262525503585e-06,-6.2902625254637286e-06,0.927520984001776,0.4519748653614021,1.5945497659182046,-1.250351678471413,0.6722907597073662,0.4948090710161969,169276.87216162877,0.2028448581695556,0.9283843894310307,0.4562981421764683,0.673557915577122,0.4948954115591224
1382.0,34000.0,34000.0,0.8602951757636225,-6.290262525503585e-06,-6.2902625254637286e-06,0.927520984001776,0.4530356802802042,1.7199843926667702,-1.2995925326716158,0.6730792527984554,0.4958636957357317,169533.24966511806,0.2040967941284179,0.9275833112257433,0.45459194994392876,0.6731492402697699,0.49586992845812844
1440.1666666666667,34000.0,34000.0,0.8502328530244592,1.3722678757434498e-05,1.3722678757468174e-05,0.9220807193648825,0.4296949655002313,0.9438710554348376,-0.9328049328566,0.6555112249287135,0.4716970443024818,168508.84707310348,0.3529584407806396,0.9237776522020412,0.43209694703613205,0.6528743480551682,0.4718667375861977
1440.3333333333333,34000.0,34000.0,0.8502328530244592,1.3722678757434498e-05,1.3722678757468174e-05,0.9220807193648825,0.4319087758640651,0.9615711078039166,-0.9532118273311242,0.6571976691953993,0.4740476146972342,168531.2669626771,0.8970401287078857,0.9223438107969171,0.43291528256507655,0.6559187804637465,0.47407392384043767
1440.5,34000.0,34000.0,0.8502328530244592,1.3722678757434498e-05,1.3722678757468174e-05,0.9220807193648825,0.4340330932587224,0.9780760543581528,-0.9750509757660256,0.6588118804322196,0.4762480673043951,168559.50081218302,1.1739747524261477,0.9228372545455382,0.43494888270499804,0.6593312486449984,0.4763237208224607
1440.6666666666667,34000.0,34000.0,0.8502328530244592,1.3722678757434498e-05,1.3722678757468174e-05,0.9220807193648825,0.4360207533726581,0.9924183891489706,-0.9924183891780668,0.660318676016022,0.4782106135787304,168591.62886455862,0.7451605796813965,0.922184613273371,0.436991835883647,0.6611167620501516,0.47822100296957926
1440.8333333333333,34000.0,34000.0,0.8502328530244592,1.3722678757434498e-05,1.3722678757468174e-05,0.9220807193648825,0.437897231703272,1.019482273053613,-1.014134266063699,0.6617380389720063,0.4801855807291925,168636.64104499546,0.6790037155151367,0.9196566740051139,0.43784988038987316,0.6622981023741605,0.47994317619321564
1441.0,34000.0,34000.0,0.8502328530244592,1.3722678757434498e-05,1.3722678757468174e-05,0.9220807193648825,0.4396861556367246,1.05310139112262,-1.047756773567879,0.6630883471611877,0.4819713765686971,168700.93172170734,0.6419248580932617,0.9189271325097685,0.4397364539971401,0.6638730755563744,0.4816560178831857
1441.1666666666667,34000.0,34000.0,0.8502328530244592,1.3722678757434498e-05,1.3722678757468174e-05,0.9220807193648825,0.4413945687857951,1.1012806404249862,-1.0934811398999056,0.6643753225985417,0.4837112623483631,168787.93186678106,0.6535441875457764,0.9220871510948035,0.44145117165052444,0.6656530377037988,0.4837119055213552
1441.3333333333333,34000.0,34000.0,0.8502328530244592,1.3722678757434498e-05,1.3722678757468174e-05,0.9220807193648825,0.4429465931537702,1.142729565589009,-1.1372420743810234,0.6655423304675562,0.4853001534786439,168890.59139329332,0.5668387413024902,0.9209011396021475,0.4423597448351157,0.6668569174993644,0.4851821955023704
1441.5,34000.0,34000.0,0.8502328530244592,1.3722678757434498e-05,1.3722678757468174e-05,0.9220807193648825,0.4443028227748688,1.1725827787996017,-1.1656186497774397,0.6665604422916377,0.4866224792089309,169004.70836975676,0.5853927135467529,0.9203695292498882,0.4434414181241321,0.6683445310041276,0.4864513601974315
1441.6666666666667,34000.0,34000.0,0.8502328530244592,1.3722678757434498e-05,1.3722678757468174e-05,0.9220807193648825,0.4455181364569948,1.2029854360346035,-1.198994746688252,0.6674714502293071,0.4878571930051042,169139.20080233354,0.653221607208252,0.9205561744463284,0.445088082510965,0.6690486469710851,0.4877047385132488
1441.8333333333333,34000.0,34000.0,0.8502328530244592,1.3722678757434498e-05,1.3722678757468174e-05,0.9220807193648825,0.4466477173060791,1.246603412350386,-1.2414532840209114,0.6683170787163152,0.4889627597403763,169302.3022262906,0.6061530113220215,0.9219204693318078,0.4482444407575007,0.6691809491320379,0.48894673473706884
1442.0,34000.0,34000.0,0.8502328530244592,1.3722678757434498e-05,1.3722678757468174e-05,0.9220807193648825,0.4476960338010833,1.296749375919451,-1.294907018263343,0.6691009147873861,0.489995033398437,169493.38096943955,0.5692646503448486,0.9214539768154575,0.44990675553044246,0.6707717994891417,0.4899323591434945
1500.1666666666667,35000.0,35000.0,0.8503941206948475,4.156361123217281e-07,4.156361123596596e-07,0.9221681629154456,0.4297562815512573,0.931323903914788,-0.93132372414155,0.6555579925211982,0.4717651818143667,168158.60853912646,0.315457820892334,0.9249595960680832,0.4295456159625038,0.6589361344231547,0.47204432512963046
1500.3333333333333,35000.0,35000.0,0.8503941206948475,4.156361123217281e-07,4.156361123596596e-07,0.9221681629154456,0.4319700894135148,0.9513959188225132,-0.951395417573794,0.6572443148592155,0.4741149223026343,168161.06959144564,0.2973535060882568,0.9247136542656123,0.43139889669900244,0.6580191011244586,0.47436947143765096
1500.5,35000.0,35000.0,0.8503941206948475,4.156361123217281e-07,4.156361123596596e-07,0.9221681629154456,0.4340963962620269,0.9746567222067558,-0.9746569119548376,0.6588599215784087,0.4763151921594289,168180.7243149321,0.1620383262634277,0.92443435880133,0.43186629684667815,0.6597366086615286,0.47654181174801735
1500.6666666666667,35000.0,35000.0,0.8503941206948475,4.156361123217281e-07,4.156361123596596e-07,0.9221681629154456,0.4360886893947706,0.9937818035992456,-0.9937818035992542,0.6603701154654881,0.478281624034398,168217.640510542,0.6412649154663086,0.922373017483535,0.43518406772219326,0.6612640501487665,0.47830210949120694
1500.8333333333333,35000.0,35000.0,0.8503941206948475,4.156361123217281e-07,4.156361123596596e-07,0.9221681629154456,0.4379707017556765,1.012851409572228,-1.0128503514569067,0.6617935492061032,0.4802615985279351,168278.4618900249,0.5654094219207764,0.9197787106690767,0.4379574648713795,0.662409572346587,0.4800226533032982
1501.0,35000.0,35000.0,0.8503941206948475,4.156361123217281e-07,4.156361123596596e-07,0.9221681629154456,0.439767021857685,1.0475221321996055,-1.0475221321996102,0.6631493209589281,0.4820551333004413,168369.0044491599,0.5604770183563232,0.9201980053792151,0.44148677389097285,0.6629521932592333,0.4818581175468183
1501.1666666666667,35000.0,35000.0,0.8503941206948475,4.156361123217281e-07,4.156361123596596e-07,0.9221681629154456,0.4414844322441251,1.0954246424097618,-1.0954234990889984,0.6644429488637017,0.4838061537385087,168493.37464650295,0.1975796222686767,0.9226831414246995,0.4429274928683288,0.6647879372967566,0.4838576515894341
1501.3333333333333,35000.0,35000.0,0.8503941206948475,4.156361123217281e-07,4.156361123596596e-07,0.9221681629154456,0.4430461205961794,1.1362722485601455,-1.1851046694788647,0.6656170976395736,0.4854073947388764,168644.0078854981,0.1640932559967041,0.9230249215275627,0.4446225070298239,0.6657261755422311,0.4854930706000881
1501.5,35000.0,35000.0,0.8503941206948475,4.156361123217281e-07,4.156361123596596e-07,0.9221681629154456,0.444413680127442,1.1670683456309607,-1.3189024103602416,0.6666435931079595,0.4867455353849063,168816.56313948156,0.2234773635864257,0.9192183857947892,0.44775882701216746,0.6660386229022632,0.4864505576728406
1501.6666666666667,35000.0,35000.0,0.8503941206948475,4.156361123217281e-07,4.156361123596596e-07,0.9221681629154456,0.4456390015307911,1.19892808785006,-1.4333708150357647,0.6675619833912504,0.4879962055769526,169015.81216536846,0.3935689926147461,0.9194011785273977,0.44801147765369137,0.6674875617733766,0.4877195071381478
1501.8333333333333,35000.0,35000.0,0.8503941206948475,4.156361123217281e-07,4.156361123596596e-07,0.9221681629154456,0.4467742906533835,1.240875180117167,-1.5566231337965355,0.6684117674199757,0.4891146535744566,169245.111973049,0.4450657367706299,0.9219565086562417,0.44782892731628465,0.6681323247726949,0.4890934881485362
1502.0,35000.0,35000.0,0.8503941206948475,4.156361123217281e-07,4.156361123596596e-07,0.9221681629154456,0.4478239649013742,1.295741581972102,-1.6940489935476544,0.6691965070973276,0.4901584193255384,169502.09635678242,0.3306474685668945,0.9223108998342213,0.45023784635066516,0.668744106221035,0.49017269301741595
1560.1666666666667,36000.0,36000.0,0.8399739841145137,-1.2705158660653224e-05,-1.2705158660608395e-05,0.9165009460521653,0.42450984717039,0.9260210177002782,-0.935486000992667,0.6515442023843262,0.4660051021809908,168500.936773684,0.2046277523040771,0.9129352502304964,0.4265361857773063,0.6518884409139446,0.4656485325988239
1560.3333333333333,36000.0,36000.0,0.8399739841145137,-1.2705158660653224e-05,-1.2705158660608395e-05,0.9165009460521653,0.4266972268577186,0.946699787169643,-0.9723398305742992,0.6532206574951634,0.4683276315972983,168527.85132589674,0.4497194290161133,0.9134345407598858,0.4275887527105978,0.6555503316670848,0.4680209910680703
1560.5,36000.0,36000.0,0.8399739841145137,-1.2705158660653224e-05,-1.2705158660608395e-05,0.9165009460521653,0.428796234823474,0.9703176690000388,-0.9790500230280884,0.6548253472179598,0.470501879315786,168560.98632975263,0.2566652297973633,0.9140159877747186,0.4324147061871398,0.6561843858106534,0.47025338348804135
1560.6666666666667,36000.0,36000.0,0.8399739841145137,-1.2705158660653224e-05,-1.2705158660608395e-05,0.9165009460521653,0.4307602376347338,0.9868245816684634,-0.9868245816401866,0.6563232726033895,0.472441194755274,168598.22875060153,0.239109992980957,0.9129037993140858,0.4357022360131516,0.6570952705939098,0.47208148008146605
1560.8333333333333,36000.0,36000.0,0.8399739841145137,-1.2705158660653224e-05,-1.2705158660608395e-05,0.9165009460521653,0.4326143363009792,1.0063057797758168,-1.010467372691547,0.6577342448362239,0.4743927171601276,168648.3335877083,0.544966459274292,0.9145053315360835,0.43660192483383303,0.6592515241678719,0.47419315570851944
1561.0,36000.0,36000.0,0.8399739841145137,-1.2705158660653224e-05,-1.2705158660608395e-05,0.9165009460521653,0.4343818572191179,1.0427801516118944,-1.045039755508934,0.6590765188809352,0.4761573020858638,168717.53156011016,0.3655734062194824,0.9164200351092647,0.4365486554027957,0.6601909101509555,0.47614921099157376
1561.1666666666667,36000.0,36000.0,0.8399739841145137,-1.2705158660653224e-05,-1.2705158660608395e-05,0.9165009460521653,0.4360697292059972,1.088191547102092,-1.0969583104405345,0.660355759966868,0.4778764675941545,168809.0941632482,0.2759301662445068,0.9161944337185243,0.4379085749246407,0.6612223265494082,0.4778458163607904
1561.3333333333333,36000.0,36000.0,0.8399739841145137,-1.2705158660653224e-05,-1.2705158660608395e-05,0.9165009460521653,0.4376029413774205,1.1278125956606353,-1.133629293829017,0.661515639949144,0.4794462675309603,168915.69841975605,0.7485032081604004,0.916714025955302,0.4387010233942412,0.6619543799379836,0.479467575521274
1561.5,36000.0,36000.0,0.8399739841145137,-1.2705158660653224e-05,-1.2705158660608395e-05,0.9165009460521653,0.4389424851361498,1.161073569188022,-1.170219143617261,0.6625273470766733,0.4807524740620801,169032.88155668802,0.1801774501800537,0.9163703377900977,0.4383283619397245,0.662043105955829,0.4807394132358733
1561.6666666666667,36000.0,36000.0,0.8399739841145137,-1.2705158660653224e-05,-1.2705158660608395e-05,0.9165009460521653,0.4401425498240419,1.1888300530923528,-1.1973118207543871,0.6634324006846324,0.4819717824619788,169169.43882257323,0.2002408504486084,0.91518473535584,0.4381190807554131,0.6633830563276437,0.48184016139234626
1561.8333333333333,36000.0,36000.0,0.8399739841145137,-1.2705158660653224e-05,-1.2705158660608395e-05,0.9165009460521653,0.441257694004412,1.235381364878525,-1.2443477240779792,0.6642723044404968,0.4830631684700497,169333.5766945941,0.3169848918914795,0.9156732437795457,0.44036065923625806,0.6640387440799409,0.48298039824278777
1562.0,36000.0,36000.0,0.8399739841145137,-1.2705158660653224e-05,-1.2705158660608395e-05,0.9165009460521653,0.4422923162874596,1.2857278413312447,-1.2943437323880638,0.6650506121370002,0.4840818191839618,169524.6116943565,0.2538859844207763,0.9177192561576983,0.4422640511702051,0.6667592870091253,0.4842036501945151
1620.1666666666667,36000.0,36000.0,0.8380014930810679,6.923605496191e-06,6.923605496231424e-06,0.9154242148212312,0.4234941317730259,0.926140661860394,-0.9261406617171856,0.650764267454148,0.4648908825804976,168169.44536755467,0.1832714080810547,0.9181687379206234,0.4250616678767106,0.6539339325714408,0.4651653348904368
1620.3333333333333,36000.0,36000.0,0.8380014930810679,6.923605496191e-06,6.923605496231424e-06,0.9154242148212312,0.4256754038056258,0.9465211619039552,-0.9465211476713576,0.65243804595989,0.4672060741014162,168167.62034488813,0.6456630229949951,0.9139895704540089,0.4270185540434013,0.6541977510176631,0.46706260966469393
1620.5,36000.0,36000.0,0.8380014930810679,6.923605496191e-06,6.923605496231424e-06,0.9154242148212312,0.4277703920615198,0.9687548531308076,-0.9687546474064088,0.6540415828249135,0.4693739430008339,168182.48861290386,0.6908969879150391,0.9144128973084291,0.42926418088599533,0.6561219946915948,0.4692728112495537
1620.6666666666667,36000.0,36000.0,0.8380014930810679,6.923605496191e-06,6.923605496231424e-06,0.9154242148212312,0.4297332938843472,0.9841693454347596,-0.9841693454347524,0.65554045938017,0.4713112445884853,168214.2927498353,0.6747922897338867,0.9161929981398037,0.4305205638940935,0.6567640363869145,0.47138812292034254
1620.8333333333333,36000.0,36000.0,0.8380014930810679,6.923605496191e-06,6.923605496231424e-06,0.9154242148212312,0.431587577450835,1.006760245892221,-1.0067602458922098,0.656953253629095,0.4732619453580645,168269.92959265734,0.590444803237915,0.9179013473657476,0.4338453857920615,0.6569552296828426,0.47350965861251615
1621.0,36000.0,36000.0,0.8380014930810679,6.923605496191e-06,6.923605496231424e-06,0.9154242148212312,0.4333574806229756,1.0410220911896335,-1.0410220911896262,0.6582989295406948,0.4750289482195213,168355.3824235956,0.6294336318969727,0.9188388137876402,0.43444754843969374,0.6596702783534552,0.4753704081161622
1621.1666666666667,36000.0,36000.0,0.8380014930810679,6.923605496191e-06,6.923605496231424e-06,0.9154242148212312,0.4350497187972512,1.0843141894835815,-1.0842185369116466,0.6595829885782981,0.4767540902456579,168474.91011479186,0.6175665855407715,0.9165197624925,0.43647010057370295,0.6611464793375451,0.4768636450127848
1621.3333333333333,36000.0,36000.0,0.8380014930810679,6.923605496191e-06,6.923605496231424e-06,0.9154242148212312,0.4365886546744503,1.1287880750017527,-1.12878807500175,0.6607485563478813,0.4783318157845502,168621.22301971278,0.7881534099578857,0.9157193593990379,0.4379505535907568,0.6622147711049683,0.47836133024233085
1621.5,36000.0,36000.0,0.8380014930810679,6.923605496191e-06,6.923605496231424e-06,0.9154242148212312,0.4379365099374748,1.247753123599943,-1.1584096904278351,0.6617677160478312,0.4796504871848137,168790.23993560587,0.5207226276397705,0.9144572507324994,0.4409054813382922,0.6631150939218421,0.4795537907759405
1621.6666666666667,36000.0,36000.0,0.8380014930810679,6.923605496191e-06,6.923605496231424e-06,0.9154242148212312,0.4391444713435717,1.3709671156811425,-1.1897050466492578,0.6626797653753456,0.4808833010745192,168986.88943872927,0.4064462184906006,0.9159935660376743,0.44137552585239637,0.666688084436241,0.48094023619616355
1621.8333333333333,36000.0,36000.0,0.8380014930810679,6.923605496191e-06,6.923605496231424e-06,0.9154242148212312,0.4402639682715095,1.5035187937392414,-1.2334269741172528,0.663523901901284,0.4819861752953047,169214.59660893693,0.6210260391235352,0.9158156210964654,0.4422644268366309,0.6674130286618439,0.4820253159228281
1622.0,36000.0,36000.0,0.8380014930810679,6.923605496191e-06,6.923605496231424e-06,0.9154242148212312,0.4412993699695464,1.6513958691789457,-1.2845170506805967,0.664303673123771,0.4830157901982213,169471.06123409735,0.610177755355835,0.9160244589715051,0.4421748774350093,0.6677450463702397,0.48307581461324867
1680.1666666666667,37000.0,37000.0,0.8329074447990323,-6.108718914456865e-06,-6.108718914399869e-06,0.9126376306064924,0.4209377664976287,0.9225515097745411,-0.9225515097759304,0.6487971693563567,0.462083883080506,168487.26794978903,0.3352153301239013,0.9144540632610038,0.4213065702408121,0.6530249611202249,0.46226552634595713
1680.3333333333333,37000.0,37000.0,0.8329074447990323,-6.108718914456865e-06,-6.108718914399869e-06,0.9126376306064924,0.4231070087035023,0.976483676267004,-0.9425533655759534,0.650466762568573,0.4643871622945603,168518.22260535738,0.2061388492584228,0.913457072856026,0.4215273210264781,0.6527671308239211,0.4644691065195136
1680.5,37000.0,37000.0,0.8329074447990323,-6.108718914456865e-06,-6.108718914399869e-06,0.9126376306064924,0.4251886961614997,1.0018220212893751,-0.9633587935438238,0.6520649482113076,0.4665434424779955,168555.9874449872,0.5758354663848877,0.9124620940337883,0.42306180998887466,0.654260440819917,0.4665258888207251
1680.6666666666667,37000.0,37000.0,0.8329074447990323,-6.108718914456865e-06,-6.108718914399869e-06,0.9126376306064924,0.4271365618543442,0.9942628701845562,-0.9832639978259636,0.6535568547391714,0.4684669353866706,168598.29490799995,0.38667893409729,0.9148534416320261,0.4283516654703516,0.6540289435794763,0.468688516489224
1680.8333333333333,37000.0,37000.0,0.8329074447990323,-6.108718914456865e-06,-6.108718914399869e-06,0.9126376306064924,0.4289754016567605,1.0031817017373144,-1.0031817017482243,0.6549621379812492,0.4704024893470717,168653.631173737,0.4516701698303222,0.9139185887185416,0.4317460081407473,0.6540176333114853,0.4705305851582766
1681.0,37000.0,37000.0,0.8329074447990323,-6.108718914456865e-06,-6.108718914399869e-06,0.9126376306064924,0.4307283463068796,1.0415166483029843,-1.0354106319903005,0.6562989767155397,0.4721526775748164,168728.05765183194,0.1696758270263672,0.9126260083213491,0.43224372180901344,0.6555904579568852,0.47215151534630206
1681.1666666666667,37000.0,37000.0,0.8329074447990323,-6.108718914456865e-06,-6.108718914399869e-06,0.9126376306064924,0.4324022331548912,1.0853307186532677,-1.0836571867785056,0.6575729873457906,0.4738578240725561,168824.70195951514,0.1755938529968261,0.9133843919246648,0.43522274656468224,0.657560890247177,0.47393250020437333
1681.3333333333333,37000.0,37000.0,0.8329074447990323,-6.108718914456865e-06,-6.108718914399869e-06,0.9126376306064924,0.4339226202409864,1.1352147738862073,-1.12523976318507,0.6587280324866894,0.4754146960113274,168935.96648929763,0.2291164398193359,0.9155593872398099,0.43658719075276387,0.659911128801315,0.47570687167465914
1681.5,37000.0,37000.0,0.8329074447990323,-6.108718914456865e-06,-6.108718914399869e-06,0.9126376306064924,0.4352507684555746,1.1600393461807308,-1.15385405399986,0.6597353779912091,0.4767100145894333,169057.1319531951,0.1821017265319824,0.9164026140435746,0.4378736380882141,0.6602362486922738,0.4770865129331415
1681.6666666666667,37000.0,37000.0,0.8329074447990323,-6.108718914456865e-06,-6.108718914399869e-06,0.9126376306064924,0.4364403348919162,1.1993324986931737,-1.186911384353573,0.6606363109767923,0.4779188370023077,169196.80346495568,0.244922399520874,0.9169454559248851,0.4380472084275813,0.6624860748305381,0.47834961953414695
1681.8333333333333,37000.0,37000.0,0.8329074447990323,-6.108718914456865e-06,-6.108718914399869e-06,0.9126376306064924,0.4375454092175864,1.2337781128970466,-1.2265362711773893,0.6614721533821063,0.4790004400070787,169363.07814104433,0.7370491027832031,0.9191083707995581,0.4421235732178538,0.6621320605486848,0.4796475140263853
1682.0,37000.0,37000.0,0.8329074447990323,-6.108718914456865e-06,-6.108718914399869e-06,0.9126376306064924,0.4385703367589247,1.2962872780149288,-1.2824027974151404,0.6622464323949921,0.4800095811587377,169555.19246532692,0.3450894355773926,0.9194822967947444,0.44202541447356686,0.6627666198500088,0.4806940477775629
1740.1666666666667,37000.0,37000.0,0.8232433979152193,1.3179044019813948e-05,1.317904401986666e-05,0.9073276133322624,0.4160368550103953,0.915736151859071,-0.9157333299213748,0.6450091898993194,0.4567046199436428,168185.83170320897,0.1938719749450683,0.9156586486921134,0.41725819390510643,0.6458541494691533,0.4575377234796279
1740.3333333333333,37000.0,37000.0,0.8232433979152193,1.3179044019813948e-05,1.317904401986666e-05,0.9073276133322624,0.4181794614631578,0.9363070246697572,-0.936300842146536,0.6466679685052389,0.4589787713036172,168180.24643907073,0.1980664730072021,0.9157996735667522,0.4190196055170623,0.647663997313183,0.45982597732706615
1740.5,37000.0,37000.0,0.8232433979152193,1.3179044019813948e-05,1.317904401986666e-05,0.9073276133322624,0.4202372158548029,0.9602070668657772,-0.960202520368572,0.6482570600221098,0.461108154924864,168190.68007318588,0.606187105178833,0.915006396634436,0.42107367529296824,0.6491634289071578,0.46187603325508136
1740.6666666666667,37000.0,37000.0,0.8232433979152193,1.3179044019813948e-05,1.317904401986666e-05,0.9073276133322624,0.4221651414897178,0.9775316473112544,-0.9775316473112572,0.6497423654754254,0.4630108345687606,168217.50835331526,0.3210420608520508,0.9115576857141017,0.4219315350246658,0.6502447445149191,0.4634338418069445
1740.8333333333333,37000.0,37000.0,0.8232433979152193,1.3179044019813948e-05,1.317904401986666e-05,0.9073276133322624,0.4239863985401842,0.9950068850814352,-0.9950094177741052,0.6511423796224162,0.4649267095226068,168267.91072980152,0.4490306377410888,0.9098847066559225,0.4287575222357855,0.650409982526846,0.4651824188549728
1741.0,37000.0,37000.0,0.8232433979152193,1.3179044019813948e-05,1.317904401986666e-05,0.9073276133322624,0.4257247893312044,1.031940441619766,-1.0319865496487963,0.6524758917636204,0.4666620990738601,168348.04054947893,0.1996800899505615,0.9097871401783858,0.4311623247486977,0.652831821783285,0.46690805175847244
1741.1666666666667,37000.0,37000.0,0.8232433979152193,1.3179044019813948e-05,1.317904401986666e-05,0.9073276133322624,0.4273869451599357,1.0777721263975844,-1.077854845596503,0.6537483806234398,0.468356340350228,168462.29101197692,0.1682808399200439,0.912483540585493,0.4307083312824924,0.6560015388511989,0.46887193307555103
1741.3333333333333,37000.0,37000.0,0.8232433979152193,1.3179044019813948e-05,1.317904401986666e-05,0.9073276133322624,0.4288986284005398,1.116189670463053,-1.1161896704630383,0.6549035260391087,0.4699059101321389,168603.6445432077,0.4815840721130371,0.9123287087365027,0.4337696851968558,0.6563968136150642,0.4704060196725629
1741.5,37000.0,37000.0,0.8232433979152193,1.3179044019813948e-05,1.317904401986666e-05,0.9073276133322624,0.4302227739994609,1.14928296608871,-1.1651876913559045,0.6559136940442463,0.4712011290355863,168768.27107314457,0.1601769924163818,0.9113204391467572,0.43355767274184304,0.6580576937927476,0.4716004116170358
1741.6666666666667,37000.0,37000.0,0.8232433979152193,1.3179044019813948e-05,1.317904401986666e-05,0.9073276133322624,0.4314097662349143,1.1783049887135906,-1.2957661291809772,0.656817909540077,0.4724123179395699,168961.32052964927,0.6316249370574951,0.9097840888529732,0.4360803286253109,0.6591092131143809,0.47265796549164096
1741.8333333333333,37000.0,37000.0,0.8232433979152193,1.3179044019813948e-05,1.317904401986666e-05,0.9073276133322624,0.4325101636629204,1.2224896958459908,-1.4361331102725563,0.6576550492038254,0.473496240729014,169186.36687706606,0.3871757984161377,0.9099091997781076,0.43651465482816076,0.660533936082647,0.4737543993735985
1742.0,37000.0,37000.0,0.8232433979152193,1.3179044019813948e-05,1.317904401986666e-05,0.9073276133322624,0.4335282746972397,1.2739900565693865,-1.5928045270739906,0.6584286406328966,0.474508531889278,169441.20282225456,0.3097858428955078,0.9107005144905794,0.4379489361113948,0.6613182663842135,0.4748458220051097
1800.1666666666667,38000.0,38000.0,0.8233385438289389,3.5405656899464826e-07,3.540565690516796e-07,0.9073800437682872,0.4161007525163903,0.9177619253876216,-0.9177619253876228,0.645058720545797,0.4567740968998434,168468.30682186945,0.6827130317687988,0.9133975906676802,0.42086788643215284,0.6470960583850529,0.45737585158978267
1800.3333333333333,38000.0,38000.0,0.8233385438289389,3.5405656899464826e-07,3.540565690516796e-07,0.9073800437682872,0.4182453118290192,0.9380763575603048,-0.9707559627299372,0.6467188819763813,0.4590511614401086,168502.7092190867,0.8631718158721924,0.9131283093643474,0.4222434581882651,0.6482794552019744,0.4596259879997146
1800.5,38000.0,38000.0,0.8233385438289389,3.5405656899464826e-07,3.540565690516796e-07,0.9073800437682872,0.4203034245323382,0.9606542123202784,-1.014281992635562,0.6483081250726099,0.4611829598786059,168544.6746650404,0.7879452705383301,0.9105814303081833,0.4227785564652632,0.6502889201188642,0.4615030985325955
1800.6666666666667,38000.0,38000.0,0.8233385438289389,3.5405656899464826e-07,3.540565690516796e-07,0.9073800437682872,0.42222934226095,0.9754868884888738,-1.020755866340808,0.6497917687759049,0.4630848715645576,168591.8250903739,0.917633295059204,0.9103579087568873,0.42456831985270294,0.6509918638018591,0.4633826580634176
1800.8333333333333,38000.0,38000.0,0.8233385438289389,3.5405656899464826e-07,3.540565690516796e-07,0.9073800437682872,0.4240474591917313,0.9975245849944592,-1.0134668878991973,0.6511892656640911,0.4649986845237889,168652.35312054717,0.8417563438415527,0.9091335592117039,0.42720128727252643,0.6525000019369361,0.46517403606813057
1801.0,38000.0,38000.0,0.8233385438289389,3.5405656899464826e-07,3.540565690516796e-07,0.9073800437682872,0.4257806570419438,1.0323482218964883,-1.0323482218964883,0.652518702852322,0.4667293072772079,168732.15096657796,0.6603860855102539,0.9081337461608894,0.43111159758407297,0.6532905708569593,0.46680467751646815
1801.1666666666667,38000.0,38000.0,0.8233385438289389,3.5405656899464826e-07,3.540565690516796e-07,0.9073800437682872,0.4274356593575066,1.0759502936460696,-1.0759502936460634,0.6537856375719078,0.4684154592330549,168834.22286851195,0.2486639022827148,0.9099052374981801,0.42954490906417647,0.6549147763839471,0.4686679786060442
1801.3333333333333,38000.0,38000.0,0.8233385438289389,3.5405656899464826e-07,3.540565690516796e-07,0.9073800437682872,0.4289388061446912,1.1182497617969012,-1.125356199691926,0.6549342002823925,0.4699549073326537,168950.70421463015,0.8229994773864746,0.9109654088809315,0.4327598721452406,0.6560396403772806,0.47031344384391816
1801.5,38000.0,38000.0,0.8233385438289389,3.5405656899464826e-07,3.540565690516796e-07,0.9073800437682872,0.4302517658643048,1.1490349741171535,-1.1555796108060514,0.655935794419806,0.4712357015061833,169076.63227570313,0.5988900661468506,0.9096345935307147,0.43510611265322824,0.6565265402771621,0.4714611564824261
1801.6666666666667,38000.0,38000.0,0.8233385438289389,3.5405656899464826e-07,3.540565690516796e-07,0.9073800437682872,0.4314274575290394,1.1782245937675535,-1.189259314334261,0.6568313771767463,0.4724306902256891,169220.36115166408,0.5892267227172852,0.9091567585744545,0.43347703368789087,0.6595421809848923,0.4726083617063059
1801.8333333333333,38000.0,38000.0,0.8233385438289389,3.5405656899464826e-07,3.540565690516796e-07,0.9073800437682872,0.4325192896696802,1.2230972432660898,-1.2352164652316426,0.6576619877896214,0.4734995228643922,169389.80004749724,0.7502751350402832,0.9077885335661331,0.4338956566258705,0.6590428214676706,0.47354037184417674
1802.0,38000.0,38000.0,0.8233385438289389,3.5405656899464826e-07,3.540565690516796e-07,0.9073800437682872,0.4335315416920309,1.271767480326638,-1.2851616793307814,0.6584311218265246,0.4744963884883386,169584.07992034365,0.4401280879974365,0.9104316345935599,0.43334403915431124,0.6588310506800794,0.47480154757086585
1860.1666666666667,39000.0,39000.0,0.813237357398261,-1.2288695746269225e-05,-1.2288695746227235e-05,0.9017967384052024,0.4109813400762132,0.9121283874230758,-0.9121312481954036,0.6410782636690142,0.4511548817128981,168207.20849593222,0.2635502815246582,0.9034126809593044,0.41367064233077105,0.6424932178010666,0.45131647596830826
1860.3333333333333,39000.0,39000.0,0.813237357398261,-1.2288695746269225e-05,-1.2288695746227235e-05,0.9017967384052024,0.4130976831663044,0.9320219565612716,-0.9320282250572102,0.6427267562646076,0.453401170826144,168198.51710855408,0.243861436843872,0.9039303015181341,0.4129240830421828,0.6432298474809517,0.45361452713743716
1860.5,39000.0,39000.0,0.813237357398261,-1.2288695746269225e-05,-1.2288695746227235e-05,0.9017967384052024,0.4151300911379395,0.9530958657252684,-0.9531004324948266,0.6443058987553085,0.4555044041204275,168205.01923123153,0.3943777084350586,0.9038694332944645,0.41388750871187757,0.6441962714537993,0.45571167360935366
1860.6666666666667,39000.0,39000.0,0.813237357398261,-1.2288695746269225e-05,-1.2288695746227235e-05,0.9017967384052024,0.4170341402216738,0.9710137092961802,-0.9710188690933094,0.6457818054404366,0.4573834388857022,168227.17762648375,0.1988651752471923,0.9033195281537123,0.41702624891462714,0.6468554851285166,0.4575357178605532
1860.8333333333333,39000.0,39000.0,0.813237357398261,-1.2288695746269225e-05,-1.2288695746227235e-05,0.9017967384052024,0.4188328348816428,0.9917314263337078,-0.9917294447890064,0.6471729559305547,0.4592755185972405,168272.47419427574,0.4389402866363525,0.9048787775158974,0.42049327067636977,0.6494539725647711,0.45958372250831
1861.0,39000.0,39000.0,0.813237357398261,-1.2288695746269225e-05,-1.2288695746227235e-05,0.9017967384052024,0.4205496638322216,1.0241919309868088,-1.024148644398522,0.6484980060362627,0.4609892385644232,168347.2293185646,0.485975980758667,0.9037868232587101,0.4226197312324481,0.6510678729205504,0.46118824704977396
1861.1666666666667,39000.0,39000.0,0.813237357398261,-1.2288695746269225e-05,-1.2288695746227235e-05,0.9017967384052024,0.4221912133638059,1.070027659596346,-1.070002241396761,0.6497624284030509,0.462662229570503,168455.94785166768,0.4223115444183349,0.901847077932504,0.425054230698612,0.6523609861176619,0.4626672635232332
1861.3333333333333,39000.0,39000.0,0.813237357398261,-1.2288695746269225e-05,-1.2288695746227235e-05,0.9017967384052024,0.4236842254793401,1.112864333546155,-1.112203261158884,0.6509103052522012,0.4641924215926751,168591.87212851015,0.243906021118164,0.9023499398614435,0.4252902649287713,0.6530326096456275,0.4642477417382992
1861.5,39000.0,39000.0,0.813237357398261,-1.2288695746269225e-05,-1.2288695746227235e-05,0.9017967384052024,0.4249921120002758,1.13921091064,-1.1392109106422297,0.6519141906835146,0.4654714222871354,168751.40594963482,0.1827309131622314,0.9066107097661026,0.42618919020322327,0.6527219964523346,0.4659528194232254
1861.6666666666667,39000.0,39000.0,0.813237357398261,-1.2288695746269225e-05,-1.2288695746227235e-05,0.9017967384052024,0.4261647863073906,1.2141699713431078,-1.1727875221593551,0.6528129796023087,0.4666676986989239,168939.9775844938,0.2054893970489502,0.9044215043608113,0.4279719623994924,0.6547081473976617,0.4669301752944848
1861.8333333333333,39000.0,39000.0,0.813237357398261,-1.2288695746269225e-05,-1.2288695746227235e-05,0.9017967384052024,0.427252275448136,1.3627321112745916,-1.2135062759608155,0.6536453744154793,0.467738658689458,169161.38563742847,0.3128950595855713,0.9023308762180724,0.4274183676247687,0.6549657769178675,0.467792072470745
1862.0,39000.0,39000.0,0.813237357398261,-1.2288695746269225e-05,-1.2288695746227235e-05,0.9017967384052024,0.4282588510236949,1.525848112663042,-1.26678581973816,0.6544148921690217,0.4687391884309941,169413.5395032608,0.2102332115173339,0.902662348232794,0.4267141997797837,0.6545640483943784,0.46882574941375327
1920.1666666666667,39000.0,39000.0,0.8113684290109001,6.626957748149295e-06,6.626957748197216e-06,0.900759917520146,0.4100499784942801,0.9091456611344948,-0.909145661134496,0.6403514495116956,0.4501319169149403,168444.7001300355,0.1819546222686767,0.9025003026773514,0.4103417248788902,0.640580211379849,0.4503059554306609
1920.3333333333333,39000.0,39000.0,0.8113684290109001,6.626957748149295e-06,6.626957748197216e-06,0.900759917520146,0.4121635635937143,0.955335915395402,-0.9286783557178322,0.6419996604626312,0.4523760728861531,168481.84030437836,0.1600029468536377,0.9031050915755531,0.41226510843734715,0.641950116124815,0.4526105902916938
1920.5,39000.0,39000.0,0.8113684290109001,6.626957748149295e-06,6.626957748197216e-06,0.900759917520146,0.4141920853817766,1.0163750027737686,-0.9525305305884344,0.6435775678610738,0.4544771258958998,168527.43385457378,0.2978668212890625,0.9016170244349411,0.4145771216947887,0.6442327277675307,0.4545628365873793
1920.6666666666667,39000.0,39000.0,0.8113684290109001,6.626957748149295e-06,6.626957748197216e-06,0.900759917520146,0.4160904608684037,1.0366341312288263,-0.9707087074187932,0.6450507432384497,0.4563519082481528,168579.03998683608,0.1987030506134033,0.9010531079573972,0.41662057134683084,0.6471825147512245,0.4563812272918779
1920.8333333333333,39000.0,39000.0,0.8113684290109001,6.626957748149295e-06,6.626957748197216e-06,0.900759917520146,0.4178825947765593,1.04160118197672,-0.9887966376916631,0.6464383924883335,0.4582384198492422,168644.5430408319,0.4036030769348144,0.8997518949735597,0.4179556065371424,0.6469071683340656,0.45813761759458355
1921.0,39000.0,39000.0,0.8113684290109001,6.626957748149295e-06,6.626957748197216e-06,0.900759917520146,0.4195910679783505,1.051294278346156,-1.023725887076438,0.6477584955035619,0.4599444944610809,168729.67190772036,0.7406909465789795,0.8994046464587087,0.42026212814902697,0.6472556925357827,0.45980896735493715
1921.1666666666667,39000.0,39000.0,0.8113684290109001,6.626957748149295e-06,6.626957748197216e-06,0.900759917520146,0.4212224702914066,1.0700789649876237,-1.0700789663672738,0.6490165412561989,0.4616068527017536,168837.33215295055,0.1957767009735107,0.898769367021387,0.4209697209208022,0.6490884049096433,0.4614077976518777
1921.3333333333333,39000.0,39000.0,0.8113684290109001,6.626957748149295e-06,6.626957748197216e-06,0.900759917520146,0.4227041312142212,1.109380760532266,-1.1093807678845526,0.6501570054762603,0.4631245440394581,168959.4088881761,0.1939847469329834,0.901309215405368,0.42349646608287045,0.6495237888958671,0.4631794738279803
1921.5,39000.0,39000.0,0.8113684290109001,6.626957748149295e-06,6.626957748197216e-06,0.900759917520146,0.4239982610359534,1.144617964334491,-1.1404111888234096,0.6511514889648581,0.4643873105587199,169090.717315998,0.4078931808471679,0.8990790395867947,0.423796098802187,0.6510024052947738,0.4642192227653848
1921.6666666666667,39000.0,39000.0,0.8113684290109001,6.626957748149295e-06,6.626957748197216e-06,0.900759917520146,0.4251568481445709,1.1707456065362012,-1.170745606762135,0.6520405268654176,0.4655652526756808,169239.30821108673,0.1765651702880859,0.8997301839903434,0.4246609486850229,0.652409430860904,0.4654622793227005
1921.8333333333333,39000.0,39000.0,0.8113684290109001,6.626957748149295e-06,6.626957748197216e-06,0.900759917520146,0.4262324185341369,1.224701653035143,-1.2127092379406277,0.6528647785484774,0.4666184648728469,169412.83074405167,0.5211813449859619,0.8987372544753786,0.4254820700718459,0.6530273080994983,0.4664161985683702
1922.0,39000.0,39000.0,0.8113684290109001,6.626957748149295e-06,6.626957748197216e-06,0.900759917520146,0.4272291742574824,1.2683079636923258,-1.2654649344445117,0.6536277034998502,0.4676004319437763,169610.2884700508,0.4042420387268066,0.9010093150778044,0.426408276814617,0.6524432387271832,0.46762537169954216
1980.1666666666667,40000.0,40000.0,0.8064004366488056,-5.931821343823212e-06,-5.931821343789911e-06,0.897998015949259,0.4075275957359334,0.9077284861327016,-0.907728486133727,0.6383788811063197,0.4473634785518502,168232.8464476058,0.7255361080169678,0.8987277439447054,0.40805926395240233,0.6385284869538495,0.44743645135139487
1980.3333333333333,40000.0,40000.0,0.8064004366488056,-5.931821343823212e-06,-5.931821343789911e-06,0.897998015949259,0.4096259612964309,0.9279379650213544,-0.9279379655746244,0.6400202820064868,0.4495907133968311,168221.80901803513,0.8304409980773926,0.8953518636789956,0.4097159288549148,0.6399984330448273,0.44932609816980473
1980.5,40000.0,40000.0,0.8064004366488056,-5.931821343823212e-06,-5.931821343789911e-06,0.897998015949259,0.4116409604444893,0.9508089884184544,-0.9508090345802565,0.6415925190524462,0.451676041031831,168225.0168843178,0.97064208984375,0.89778911301549,0.41347771944145323,0.6425335043060472,0.45165515073845414
1980.6666666666667,40000.0,40000.0,0.8064004366488056,-5.931821343823212e-06,-5.931821343789911e-06,0.897998015949259,0.4135285361557971,0.9664804818385484,-0.9664749377248338,0.6430618447647792,0.4535387607995105,168242.97069930722,0.7276656627655029,0.896922826749378,0.4162287943244511,0.6445471930948128,0.4534312418795224
1980.8333333333333,40000.0,40000.0,0.8064004366488056,-5.931821343823212e-06,-5.931821343789911e-06,0.897998015949259,0.4153116415645204,0.986492861366247,-0.9864928613662456,0.644446771723889,0.4554144039268323,168283.46431934132,0.8225843906402588,0.8989186562229635,0.4184174839889813,0.6456722487901968,0.45550646795420274
1981.0,40000.0,40000.0,0.8064004366488056,-5.931821343823212e-06,-5.931821343789911e-06,0.897998015949259,0.4170135290355741,1.0218113421566335,-1.021798757386034,0.6457658469170299,0.45711307630805,168352.97643665245,0.5669746398925781,0.8988457294381157,0.4187652666402152,0.6472733337341682,0.45719784765693566
1981.1666666666667,40000.0,40000.0,0.8064004366488056,-5.931821343823212e-06,-5.931821343789911e-06,0.897998015949259,0.4186407654043263,1.0658571636926182,-1.065884467912782,0.6470245477619172,0.4587712287411219,168456.09706501977,0.6214988231658936,0.8996520755680361,0.41895206888331815,0.646926847395572,0.4589366347029996
1981.3333333333333,40000.0,40000.0,0.8064004366488056,-5.931821343823212e-06,-5.931821343789911e-06,0.897998015949259,0.42012079303276,1.1057190135206791,-1.1057015274633268,0.6481672569891039,0.4602878593684,168586.3074106819,0.9179272651672364,0.8982923323696577,0.42127471709860126,0.646120463407169,0.4603172910104399
1981.5,40000.0,40000.0,0.8064004366488056,-5.931821343823212e-06,-5.931821343789911e-06,0.897998015949259,0.4214173357809717,1.1375959478877915,-1.137834482791545,0.6491666471589257,0.4615554049709447,168740.21989868893,0.5486593246459961,0.8983970291331056,0.4226940702737024,0.6476653841874177,0.4615953062893294
1981.6666666666667,40000.0,40000.0,0.8064004366488056,-5.931821343823212e-06,-5.931821343789911e-06,0.897998015949259,0.4225800662792833,1.164661465770095,-1.1671784169626025,0.6500615865364563,0.4627411671041838,168923.58863598565,0.7367491722106934,0.8970923761465477,0.42426081499294827,0.6497851862122566,0.46265060312391265
1981.8333333333333,40000.0,40000.0,0.8064004366488056,-5.931821343823212e-06,-5.931821343789911e-06,0.897998015949259,0.4236587186054448,1.210587838333292,-1.2831966783451365,0.6508907117383272,0.4638030743545319,169140.50497432135,0.8264274597167969,0.8965758485361803,0.42574983542268147,0.6505719224398728,0.463660857613224
1982.0,40000.0,40000.0,0.8064004366488056,-5.931821343823212e-06,-5.931821343789911e-06,0.897998015949259,0.4246575429858519,1.259022981559345,-1.449429147068404,0.6516575350778354,0.464795457587715,169389.0147989724,0.7999358177185059,0.897013600930094,0.42774900084557116,0.6508710129239471,0.4646970160857985
2040.1666666666667,40000.0,40000.0,0.797118218066255,1.265756787007399e-05,1.2657567870105442e-05,0.8928147725403378,0.4028467207770773,0.9032693236696988,-0.9033536433946108,0.6347020727325058,0.4422246065826802,168417.2530821281,0.479882001876831,0.8913406490545395,0.406970193878807,0.6339582082599223,0.44207719423410036
2040.3333333333333,40000.0,40000.0,0.797118218066255,1.265756787007399e-05,1.2657567870105442e-05,0.8928147725403378,0.4049233485629513,0.92308613276607,-0.93055269154056,0.6363358774746665,0.4444294888373499,168456.32767640922,0.3590283393859863,0.8935191801660376,0.40742893795876933,0.6348517292738404,0.44449992959991985
2040.5,40000.0,40000.0,0.797118218066255,1.265756787007399e-05,1.2657567870105442e-05,0.8928147725403378,0.4069165523190166,0.9444922375704172,-1.008209662170399,0.6379001118928144,0.446493837618249,168504.85307890532,0.3237595558166504,0.8908570506305505,0.4105178031935692,0.6358455776500866,0.4462980654272703
2040.6666666666667,40000.0,40000.0,0.797118218066255,1.265756787007399e-05,1.2657567870105442e-05,0.8928147725403378,0.408782053841273,0.9604510253455216,-1.0418289571084314,0.6393606605765935,0.4483361998118877,168560.37569554598,0.1987080574035644,0.889951602670874,0.41215890198536964,0.6382546216835449,0.44804988282494135
2040.8333333333333,40000.0,40000.0,0.797118218066255,1.265756787007399e-05,1.2657567870105442e-05,0.8928147725403378,0.4105431907729358,0.9819630689922468,-1.0588053345397712,0.6407364444542322,0.4501901077261045,168630.46735275304,0.3152320384979248,0.8897766273093276,0.4108443699233525,0.6389454153936353,0.4498862932030035
2041.0,40000.0,40000.0,0.797118218066255,1.265756787007399e-05,1.2657567870105442e-05,0.8928147725403378,0.4122221926663381,1.0149340093810877,-1.0833114970476898,0.6420453201788913,0.4518668768560955,168720.7050692679,0.6672732830047607,0.8903677920698512,0.41180835744150796,0.6405909274232517,0.4516221788090468
2041.1666666666667,40000.0,40000.0,0.797118218066255,1.265756787007399e-05,1.2657567870105442e-05,0.8928147725403378,0.413825498244891,1.058176901546993,-1.102853782364295,0.6432927006908178,0.4535008540173509,168833.9237967054,0.1999721527099609,0.8925681873871008,0.4126900767375146,0.6409359402278129,0.4534761955020272
2041.3333333333333,40000.0,40000.0,0.797118218066255,1.265756787007399e-05,1.2657567870105442e-05,0.8928147725403378,0.4152816270231305,1.1010787552161934,-1.1010787546858407,0.6444234846499741,0.4549926483948184,168961.78362594172,0.2305953502655029,0.8931227752853658,0.41517989731979266,0.64238484422374,0.4550234486693212
2041.5,40000.0,40000.0,0.797118218066255,1.265756787007399e-05,1.2657567870105442e-05,0.8928147725403378,0.4165534594405604,1.1292358379688543,-1.129235836967332,0.6454095288908053,0.4562340368031218,169098.9066332613,0.1950669288635254,0.8916544063158557,0.4154007115417308,0.6442190044251144,0.4561180001806736
2041.6666666666667,40000.0,40000.0,0.797118218066255,1.265756787007399e-05,1.2657567870105442e-05,0.8928147725403378,0.4176918771147421,1.1606908772281823,-1.1606908746382807,0.6462908614933408,0.4573918693750017,169252.99830076532,0.1948459148406982,0.8919645958952178,0.41898289369276076,0.6454110018811675,0.4573068517104897
2041.8333333333333,40000.0,40000.0,0.797118218066255,1.265756787007399e-05,1.2657567870105442e-05,0.8928147725403378,0.4187483365060198,1.2025392091681015,-1.2025392073602412,0.6471076703698482,0.4584267603201303,169431.38452399426,0.432873010635376,0.8926753062870295,0.4193334519182227,0.6480936009409303,0.45841281369479947
2042.0,40000.0,40000.0,0.797118218066255,1.265756787007399e-05,1.2657567870105442e-05,0.8928147725403378,0.4197269521207258,1.2533721541747251,-1.2547967507391813,0.647863374997014,0.4593913577788045,169632.92394061203,0.1929953098297119,0.8930504696850604,0.42131444946041374,0.6493453728145054,0.4594149274932768
2100.1666666666665,41000.0,41000.0,0.7971521559969681,2.9682958472465185e-07,2.968295847633172e-07,0.8928337784811728,0.4028553879261577,0.9021378089701436,-0.9021378089692904,0.6347089002608132,0.4422344999904813,168261.87090108154,0.3307576179504394,0.8908287482671299,0.4025700725583305,0.636130880572011,0.442033996969077
2100.333333333333,41000.0,41000.0,0.7971521559969681,2.9682958472465185e-07,2.968295847633172e-07,0.8928337784811728,0.4049295448558954,0.9216366494464368,-0.9216366489418926,0.6363407459648164,0.4444360788424069,168249.32753597636,0.1978616714477539,0.8913709024549411,0.404847681021426,0.6373514495531607,0.4442897912397837
2100.5,41000.0,41000.0,0.7971521559969681,2.9682958472465185e-07,2.968295847633172e-07,0.8928337784811728,0.4069211374695212,0.943115383213894,-0.9431280657038432,0.6379037055556857,0.4464973195942661,168249.99078709024,0.2236862182617187,0.889009714275344,0.4074566230331166,0.6387215685497848,0.4461149131736832
2100.6666666666665,41000.0,41000.0,0.7971521559969681,2.9682958472465185e-07,2.968295847633172e-07,0.8928337784811728,0.4087865948043645,0.9620934416010726,-0.9620934416010688,0.6393642114381198,0.4483381788375569,168264.34878238192,0.3058772087097168,0.8898928412543538,0.4099573644463321,0.6397137108183233,0.448044085114875
2100.833333333333,41000.0,41000.0,0.7971521559969681,2.9682958472465185e-07,2.968295847633172e-07,0.8928337784811728,0.4105487595418391,0.981049004529782,-0.9810490045297806,0.6407407896996047,0.4501917802490737,168300.50618820137,0.3740124702453613,0.8905646614145152,0.41317430488146767,0.6402843898863666,0.4499648685424079
2101.0,41000.0,41000.0,0.7971521559969681,2.9682958472465185e-07,2.968295847633172e-07,0.8928337784811728,0.4122305656465643,1.0136431740421552,-1.0136373919236707,0.6420518403305401,0.4518702925110338,168365.0858740657,0.4887154102325439,0.889599584986756,0.4128016961512482,0.6435315386348329,0.4515468731615921
2101.1666666666665,41000.0,41000.0,0.7971521559969681,2.9682958472465185e-07,2.968295847633172e-07,0.8928337784811728,0.4138385395501832,1.0604127436849309,-1.06041274368492,0.6433028365886071,0.4535085695163966,168462.73361106295,0.1595404148101806,0.8900731432904332,0.4142694344810787,0.644111181053952,0.4532325059973227
2101.333333333333,41000.0,41000.0,0.7971521559969681,2.9682958472465185e-07,2.968295847633172e-07,0.8928337784811728,0.4153010441297595,1.1005076854980205,-1.1005256999334156,0.6444385495414067,0.4550069848945772,168587.14028018338,0.2138905525207519,0.8924596700779648,0.41876209658190483,0.6465924227647295,0.45496957405425636
2101.5,41000.0,41000.0,0.7971521559969681,2.9682958472465185e-07,2.968295847633172e-07,0.8928337784811728,0.4165822020613379,1.129447418059628,-1.1294474180596823,0.6454317950501386,0.4562590945486068,168735.09456124075,0.5241057872772217,0.8930507546944615,0.41881669110473785,0.6465830253540885,0.45628079216993567
2101.6666666666665,41000.0,41000.0,0.7971521559969681,2.9682958472465185e-07,2.968295847633172e-07,0.8928337784811728,0.4177313252168108,1.1610138528136449,-1.161042371948568,0.6463213792055453,0.4574305567109278,168912.71277242524,0.2612380981445312,0.8911641741033904,0.4208065221115875,0.6470497682089997,0.45726359627314955
2101.833333333333,41000.0,41000.0,0.7971521559969681,2.9682958472465185e-07,2.968295847633172e-07,0.8928337784811728,0.4187977439239648,1.2051984651362293,-1.2007096908888186,0.6471458444045827,0.458479982430888,169124.43714200475,0.3559935092926025,0.8918375668338713,0.41977688648954364,0.6491309765566234,0.45838036126615783
2102.0,41000.0,41000.0,0.7971521559969681,2.9682958472465185e-07,2.968295847633172e-07,0.8928337784811728,0.4197856726688981,1.3591885309354466,-1.2546557105274638,0.6479086916260894,0.4594609677243617,169368.46520505947,0.1721398830413818,0.8910956761279305,0.41974808133226893,0.6484066368887809,0.4592871574890374
2160.1666666666665,42000.0,42000.0,0.7873605179271654,-1.1885694702954016e-05,-1.1885694702916784e-05,0.8873333747398243,0.3979137712062881,0.8966183824483976,-0.8961083424070628,0.6308040674534293,0.4368095300447277,168386.9018966927,0.8520669937133789,0.8868546045113749,0.4000074749768386,0.6308331274761544,0.4367616530218828
2160.333333333333,42000.0,42000.0,0.7873605179271654,-1.1885694702954016e-05,-1.1885694702916784e-05,0.8873333747398243,0.3999650984927251,0.9161749255076852,-0.916174925507682,0.6324279396481137,0.4389875045229646,168427.04155705374,0.6000823974609375,0.8888248933027009,0.4021838508935509,0.6331290472623375,0.43913665637925225
2160.5,42000.0,42000.0,0.7873605179271654,-1.1885694702954016e-05,-1.1885694702916784e-05,0.8873333747398243,0.4019341823562828,0.9942507880212152,-0.93928707704834,0.6339827937326704,0.4410267251780478,168477.70255230367,0.5845649242401123,0.8859095613359438,0.4027405594572426,0.6349612722506358,0.44088434383765973
2160.6666666666665,42000.0,42000.0,0.7873605179271654,-1.1885694702954016e-05,-1.1885694702916784e-05,0.8873333747398243,0.4037773115728847,1.0408338585218233,-0.9557342895129451,0.6354347425098998,0.4428470128903617,168536.4688520971,0.6162831783294678,0.8871839456899465,0.4050626215294254,0.6357257253476264,0.44283206998537394
2160.833333333333,42000.0,42000.0,0.7873605179271654,-1.1885694702954016e-05,-1.1885694702916784e-05,0.8873333747398243,0.4055173830071834,1.0695409523479098,-0.9737395743304044,0.6368024681597753,0.4446787476586867,168610.60619232192,0.6037571430206299,0.8865780239264102,0.40804321629423784,0.6359297266518819,0.4446032125773453
2161.0,42000.0,42000.0,0.7873605179271654,-1.1885694702954016e-05,-1.1885694702916784e-05,0.8873333747398243,0.4071764111258534,1.1084956009054547,-1.009446738653733,0.6381037624060717,0.4463356755946832,168705.55634652925,0.8848145008087158,0.8869112581613497,0.4093079983018099,0.6396958250126917,0.4462934639368357
2161.1666666666665,42000.0,42000.0,0.7873605179271654,-1.1885694702954016e-05,-1.1885694702916784e-05,0.8873333747398243,0.4087607220926784,1.1452555144106291,-1.0538266996376182,0.6393439783002662,0.4479505347898043,168824.11411455818,0.7000734806060791,0.8866441268584618,0.4108674934097394,0.6407552466730423,0.44788161000166804
2161.333333333333,42000.0,42000.0,0.7873605179271654,-1.1885694702954016e-05,-1.1885694702916784e-05,0.8873333747398243,0.410199621838792,1.1537342123104772,-1.0912277542222857,0.6404682836547446,0.4494249346707809,168957.74748748628,0.8677361011505127,0.8873698907187985,0.4125142018859102,0.6418032983367884,0.44942858626867827
2161.5,42000.0,42000.0,0.7873605179271654,-1.1885694702954016e-05,-1.1885694702916784e-05,0.8873333747398243,0.4114564727009702,1.1305798191134766,-1.1240900769662856,0.6414487300123597,0.4506521049640878,169100.92093810387,0.3524773120880127,0.8877312081785452,0.4135179644653209,0.6437179990418496,0.4506918883079599
2161.6666666666665,42000.0,42000.0,0.7873605179271654,-1.1885694702954016e-05,-1.1885694702916784e-05,0.8873333747398243,0.412581313823732,1.1516910607328634,-1.1516910607607995,0.6423249289550889,0.4517965712235831,169260.96445688573,0.4704532623291015,0.8882516350755127,0.41614064109990967,0.6448116465895892,0.4518883972571519
2161.833333333333,42000.0,42000.0,0.7873605179271654,-1.1885694702954016e-05,-1.1885694702916784e-05,0.8873333747398243,0.4136247892280805,1.195867568166583,-1.195867756739641,0.643136680478971,0.4528192153869732,169444.8284555596,0.3582720756530761,0.8884043651979406,0.4160341446567577,0.6463751687010396,0.4529263144327848
2162.0,42000.0,42000.0,0.7873605179271654,-1.1885694702954016e-05,-1.1885694702916784e-05,0.8873333747398243,0.4145909510521615,1.245394673853576,-1.2453955360274067,0.6438873749378218,0.4537721594780114,169651.21409396993,0.3161003589630127,0.8873890688580944,0.4155447837396594,0.6471615017971842,0.4537777288898384
2220.1666666666665,42000.0,42000.0,0.7855896823979853,6.343315969281784e-06,6.343315969318701e-06,0.8863349718915446,0.3970137488751837,0.8966737431780502,-0.8966355545677529,0.6300902705633447,0.4358217740642529,168293.29168762962,0.4225757122039795,0.88732781937588,0.3991451923662634,0.632484410515898,0.4359210588126864
2220.333333333333,42000.0,42000.0,0.7855896823979853,6.343315969281784e-06,6.343315969318701e-06,0.8863349718915446,0.3990577236151906,0.9164793190378104,-0.9164224079173372,0.6317101580419233,0.4379913664483859,168280.13385273036,0.1695983409881591,0.8875998263403914,0.40172104055669117,0.6335410802154666,0.43811785189327057
2220.5,42000.0,42000.0,0.7855896823979853,6.343315969281784e-06,6.343315969318701e-06,0.8863349718915446,0.4010201666637715,0.9382162355972986,-0.9382041489808932,0.6332615311171365,0.4400225958924534,168279.08893450384,0.179316759109497,0.8873437541482401,0.40351965691338465,0.6344951306912399,0.44012347411812297
2220.6666666666665,42000.0,42000.0,0.7855896823979853,6.343315969281784e-06,6.343315969318701e-06,0.8863349718915446,0.4028581083788692,0.9524033730001986,-0.9522753725228544,0.6347110432904189,0.4418362941689801,168290.58255262757,0.2577347755432129,0.8886675969962652,0.4054332034834972,0.6354938416473219,0.4420695566794522
2220.833333333333,42000.0,42000.0,0.7855896823979853,6.343315969281784e-06,6.343315969318701e-06,0.8863349718915446,0.4045942177181761,0.9746740791627512,-0.9746276900008568,0.6360772105568893,0.4436624975098415,168323.01842533943,0.2252063751220703,0.8886036788950298,0.40648427355341726,0.6370185656735392,0.44388936821019
2221.0,42000.0,42000.0,0.7855896823979853,6.343315969281784e-06,6.343315969318701e-06,0.8863349718915446,0.4062510336539048,1.0082070844249649,-1.0082123389210769,0.6373782501017926,0.4453159722004014,168383.14455005503,0.1818714141845703,0.8922334492903484,0.407251582681206,0.6356278234200131,0.4459058199402818
2221.1666666666665,42000.0,42000.0,0.7855896823979853,6.343315969281784e-06,6.343315969318701e-06,0.8863349718915446,0.4078350205953667,1.050337488876959,-1.050337488876972,0.6386196212353387,0.4469295764334621,168475.63114201947,0.7107765674591064,0.8888870322070933,0.4100011835082552,0.6384203607588558,0.447184782465017
2221.333333333333,42000.0,42000.0,0.7855896823979853,6.343315969281784e-06,6.343315969318701e-06,0.8863349718915446,0.409275669427225,1.092673562158755,-1.0927790933777957,0.63974656657665,0.448405344930858,168594.34239667357,0.204298734664917,0.8893038401711079,0.4114311052131839,0.638736020909543,0.4487022317588143
2221.5,42000.0,42000.0,0.7855896823979853,6.343315969281784e-06,6.343315969318701e-06,0.8863349718915446,0.4105375855281779,1.1220238853478006,-1.1220238853478108,0.6407320700069352,0.4496382357677661,168736.20485933966,0.1962702274322509,0.8882136611956838,0.41171398505310663,0.6413741959226783,0.44982610469818
2221.6666666666665,42000.0,42000.0,0.7855896823979853,6.343315969281784e-06,6.343315969318701e-06,0.8863349718915446,0.4116695960075408,1.1514659278246904,-1.1521544253254958,0.6416148346231577,0.4507917935371809,168907.72106333944,0.640021562576294,0.8891706074526944,0.4122992541446104,0.642001091851163,0.4510753570932959
2221.833333333333,42000.0,42000.0,0.7855896823979853,6.343315969281784e-06,6.343315969318701e-06,0.8863349718915446,0.4127205141781845,1.1945205326399388,-1.194520532639965,0.6424332760515084,0.4518254585729291,169113.73027335573,0.199782133102417,0.8858766111968398,0.41284645044382184,0.6414361555175173,0.4517796225034586
2222.0,42000.0,42000.0,0.7855896823979853,6.343315969281784e-06,6.343315969318701e-06,0.8863349718915446,0.4136945044279139,1.243063928629936,-1.2564545260941462,0.643190877136048,0.4527919244453134,169352.59167045954,0.1966569423675537,0.8866519591879549,0.41601803544000965,0.6434638680188901,0.45282362317495445
2280.1666666666665,43000.0,43000.0,0.7807454780507933,-5.759491411603205e-06,-5.759491411573167e-06,0.8835980296779714,0.3945689823956628,0.8934866880836404,-0.8934866880836444,0.6281472619222281,0.433137859091518,168354.6818760326,0.190152883529663,0.886120321506188,0.39659235157855594,0.6293994242466581,0.4333900882743396
2280.333333333333,43000.0,43000.0,0.7807454780507933,-5.759491411603205e-06,-5.759491411573167e-06,0.8835980296779714,0.3966031486255467,0.9129139149251302,-0.9129139149251336,0.6297643598483961,0.4352975584855219,168394.98090040052,0.4629416465759277,0.884995658032694,0.3981597015256465,0.6310127341987595,0.4354373213209941
2280.5,43000.0,43000.0,0.7807454780507933,-5.759491411603205e-06,-5.759491411573167e-06,0.8835980296779714,0.3985559308089779,0.9332815979117768,-0.973867526698441,0.6313128631338413,0.4373197305046274,168446.90837425683,0.3789844512939453,0.8842721535350534,0.39727854893822445,0.6314758177366973,0.4373871428903356
2280.6666666666665,43000.0,43000.0,0.7807454780507933,-5.759491411603205e-06,-5.759491411573167e-06,0.8835980296779714,0.4003840209023757,0.9517474491310228,-1.0329727949126426,0.6327590546794082,0.4391251607759547,168508.13491938816,0.2535152435302734,0.8847886934937474,0.39956958567458933,0.6315897076946979,0.4392442271575323
2280.833333333333,43000.0,43000.0,0.7807454780507933,-5.759491411603205e-06,-5.759491411573167e-06,0.8835980296779714,0.4021099652718372,0.9715167795839628,-1.0730998535562526,0.6341214124148704,0.4409420030953619,168585.6370378381,0.2956550121307373,0.8838077460686989,0.39971567543234665,0.6340025454850915,0.4409629747344347
2281.0,43000.0,43000.0,0.7807454780507933,-5.759491411603205e-06,-5.759491411573167e-06,0.8835980296779714,0.4037556602613102,1.0028416381161989,-1.1260964802297215,0.6354177056872443,0.4425856995573458,168684.7424995206,0.2011542320251464,0.8869844397593623,0.3999092178650095,0.6345109653597854,0.44292434056548485
2281.1666666666665,43000.0,43000.0,0.7807454780507933,-5.759491411603205e-06,-5.759491411573167e-06,0.8835980296779714,0.4053273477396465,1.048842176685374,-1.1796534269169232,0.6366532401621531,0.4441879160416593,168808.23777808086,0.2098724842071533,0.8874877044452197,0.4026691164635541,0.6364210514516957,0.44457688351838415
2281.333333333333,43000.0,43000.0,0.7807454780507933,-5.759491411603205e-06,-5.759491411573167e-06,0.8835980296779714,0.4067548394150245,1.0896361862847863,-1.2048751402606768,0.637773345257563,0.445650875632981,168947.43822778735,0.5439627170562744,0.8847286675803331,0.4063815893580175,0.6385698450962071,0.4457639394232172
2281.5,43000.0,43000.0,0.7807454780507933,-5.759491411603205e-06,-5.759491411573167e-06,0.8835980296779714,0.4080018527508386,1.1164680618010292,-1.1966591097144177,0.6387502276074313,0.4468688586289717,169096.69161038386,0.2114012241363525,0.8861084254916055,0.4061033468312096,0.6396880145404665,0.4471198982103351
2281.6666666666665,43000.0,43000.0,0.7807454780507933,-5.759491411603205e-06,-5.759491411573167e-06,0.8835980296779714,0.4091177680756805,1.1491808727025434,-1.171903189199199,0.6396231457666918,0.448004715722009,169262.93501800922,0.1959459781646728,0.8872651606821164,0.4087991885017438,0.6428948136584787,0.4483714288224235
2281.833333333333,43000.0,43000.0,0.7807454780507933,-5.759491411603205e-06,-5.759491411573167e-06,0.8835980296779714,0.4101525920568595,1.1882849748122608,-1.1882847595139296,0.6404315674628772,0.4490194169725314,169452.70397463982,0.2009651660919189,0.8854718039083592,0.40965743914865443,0.6411879932531379,0.44920679439557015
2282.0,43000.0,43000.0,0.7807454780507933,-5.759491411603205e-06,-5.759491411573167e-06,0.8835980296779714,0.4111103328555047,1.2414658371015497,-1.241465837101566,0.6411788622612834,0.449964776628291,169664.53498198927,0.3410015106201172,0.8867570919146487,0.41377522281867907,0.6421977714668429,0.4502806828519587
2340.1666666666665,43000.0,43000.0,0.7718293520227691,1.215731712013829e-05,1.2157317120166184e-05,0.8785381904179062,0.3900613953574169,0.8860955018976127,-0.8861299274530745,0.6245489537097932,0.4281897601735484,168326.0369133001,0.3181736469268799,0.8786059298642229,0.3906137222028784,0.6247920815561573,0.42819653411818004
2340.333333333333,43000.0,43000.0,0.7718293520227691,1.215731712013829e-05,1.2157317120166184e-05,0.8785381904179062,0.3920695191926284,0.9060526393713888,-0.906052639371402,0.626154549125825,0.4303213565997242,168313.17701658444,0.6238322257995605,0.8807454028371934,0.3935014251450483,0.6246206666148947,0.43054207784165294
2340.5,43000.0,43000.0,0.7718293520227691,1.215731712013829e-05,1.2157317120166184e-05,0.8785381904179062,0.3939973699572814,0.9294356541868126,-0.9294496134419602,0.6276920981864483,0.4323169534824554,168311.31863659897,0.6383605003356934,0.8790822213175392,0.3943188987342567,0.6251461171988073,0.4323713565724187
2340.6666666666665,43000.0,43000.0,0.7718293520227691,1.215731712013829e-05,1.2157317120166184e-05,0.8785381904179062,0.3958026900360983,0.9466732871055276,-0.9467972355254006,0.6291285164162951,0.434098476990465,168320.7770404928,0.5751116275787354,0.8765506334106952,0.39645795572084236,0.626435098190615,0.4338997212897439
2340.833333333333,43000.0,43000.0,0.7718293520227691,1.215731712013829e-05,1.2157317120166184e-05,0.8785381904179062,0.3975079077880714,0.963789527552952,-0.9638345909246612,0.6304822819819965,0.4358922174753697,168350.233033091,1.0005745887756348,0.8764457824567642,0.39789468933080496,0.6284822279750232,0.43568297667925554
2341.0,43000.0,43000.0,0.7718293520227691,1.215731712013829e-05,1.2157317120166184e-05,0.8785381904179062,0.3991350970698024,0.9988893235697204,-0.9990706279087516,0.6317713962726523,0.4375160521562346,168406.53642347033,0.8693816661834717,0.8783338455809707,0.40057062665064436,0.6298198942998215,0.4374956176725411
2341.1666666666665,43000.0,43000.0,0.7718293520227691,1.215731712013829e-05,1.2157317120166184e-05,0.8785381904179062,0.4006906383068092,1.0436793832405855,-1.0437326397214504,0.6330012941248586,0.4391004664381426,168494.34971887415,1.10329270362854,0.8761204194154747,0.40209029607372704,0.6309700386187541,0.43885868933789945
2341.333333333333,43000.0,43000.0,0.7718293520227691,1.215731712013829e-05,1.2157317120166184e-05,0.8785381904179062,0.4021053436084512,1.08151141732034,-1.0814152515369029,0.6341177679657158,0.4405494180251643,168607.66814616157,0.6614809036254883,0.876234127705869,0.4012811901102777,0.6320797277768091,0.44031901175396054
2341.5,43000.0,43000.0,0.7718293520227691,1.215731712013829e-05,1.2157317120166184e-05,0.8785381904179062,0.4033443822035868,1.1126716572259014,-1.112701287386419,0.6350939947961638,0.4417595419168725,168743.51301785454,0.4306190013885498,0.8752716871963558,0.40384511873352563,0.6345511359319543,0.4414328915947175
2341.6666666666665,43000.0,43000.0,0.7718293520227691,1.215731712013829e-05,1.2157317120166184e-05,0.8785381904179062,0.4044559688548539,1.1420423755259843,-1.1414209055791067,0.6359685282027129,0.4428918099813358,168908.78389255484,0.8923816680908203,0.8784683495208399,0.40351856758432647,0.6356347646555981,0.4428848258916292
2341.833333333333,43000.0,43000.0,0.7718293520227691,1.215731712013829e-05,1.2157317120166184e-05,0.8785381904179062,0.4054882839367835,1.1843171373128198,-1.1833918009809217,0.6367796196018006,0.4439066215861202,169108.74967941194,0.7200417518615723,0.8794458824999362,0.40543895958124315,0.6380657536738109,0.4439973907943232
2342.0,43000.0,43000.0,0.7718293520227691,1.215731712013829e-05,1.2157317120166184e-05,0.8785381904179062,0.4064454276104872,1.2339455323531932,-1.2339455323575126,0.6375307267972723,0.4448556139977498,169341.93569326587,1.2943260669708252,0.8801446428008025,0.407780265194783,0.6379775307694591,0.44501625923603944
2400.1666666666665,44000.0,44000.0,0.7718067036150675,2.4369307774392005e-07,2.436930777813388e-07,0.8785253004979808,0.3900498288922249,0.88835917785633,-0.8883581485083938,0.6245396937835116,0.4281770309868434,168321.6920971046,0.2367968559265136,0.8803214252704411,0.39070967114448274,0.6237273767210746,0.4283566434640894
2400.333333333333,44000.0,44000.0,0.7718067036150675,2.4369307774392005e-07,2.436930777813388e-07,0.8785253004979808,0.3920607306628557,0.9082120742736556,-0.9080769112909236,0.6261475312776987,0.4303119680764493,168361.2393257421,0.1948156356811523,0.8778909632204382,0.3924626599455695,0.6257148334019319,0.43024853434869503
2400.5,44000.0,44000.0,0.7718067036150675,2.4369307774392005e-07,2.436930777813388e-07,0.8785253004979808,0.3939913511839236,0.9438964118016666,-0.930185769296154,0.6276873039070079,0.4323110121368607,168413.52094824356,0.6695775985717773,0.8784287259812918,0.3923358914599458,0.6275912092175846,0.43230135468519176
2400.6666666666665,44000.0,44000.0,0.7718067036150675,2.4369307774392005e-07,2.436930777813388e-07,0.8785253004979808,0.3957989236221882,1.0148053977049345,-0.9450115509097302,0.6291255232101327,0.4340961500386755,168476.34037859348,0.2161436080932617,0.876001520948077,0.39408198912203407,0.6295336911852248,0.43384377208368513
2400.833333333333,44000.0,44000.0,0.7718067036150675,2.4369307774392005e-07,2.436930777813388e-07,0.8785253004979808,0.3975055809373151,1.0658356683365455,-0.965505845061386,0.6304804368943365,0.4358926463722379,168556.41160457247,0.1990919113159179,0.8763806518040624,0.39723838020840646,0.6298113856306842,0.43567818150284604
2401.0,44000.0,44000.0,0.7718067036150675,2.4369307774392005e-07,2.436930777813388e-07,0.8785253004979808,0.3991330427581362,1.1322021165969711,-0.9996202811752218,0.6317697706911599,0.437518192641054,168658.97352536712,0.4120898246765136,0.8769127737093527,0.3989360763019609,0.6300587420073396,0.4373569399621912
2401.1666666666665,44000.0,44000.0,0.7718067036150675,2.4369307774392005e-07,2.436930777813388e-07,0.8785253004979808,0.4006874520380517,1.2018509591711417,-1.0422560927712772,0.6329987776231772,0.439102995692819,168786.83639407883,0.2066471576690673,0.8775103900798069,0.39921191446217347,0.6305144093825946,0.43900150465100163
2401.333333333333,44000.0,44000.0,0.7718067036150675,2.4369307774392005e-07,2.436930777813388e-07,0.8785253004979808,0.4020993395823943,1.2433959379676176,-1.0822705145640032,0.6341130341322089,0.4405501963204928,168931.20758837744,0.217940092086792,0.8764790379871265,0.40137463844393906,0.6320719224147651,0.4403455700694074
2401.5,44000.0,44000.0,0.7718067036150675,2.4369307774392005e-07,2.436930777813388e-07,0.8785253004979808,0.4033329032379306,1.2500525799818671,-1.112737702226278,0.6350849578836164,0.4417554579923224,169086.36302741565,0.7135305404663086,0.8759659186963561,0.40221992546158414,0.6341502787749084,0.44149951981215996
2401.6666666666665,44000.0,44000.0,0.7718067036150675,2.4369307774392005e-07,2.436930777813388e-07,0.8785253004979808,0.4044367099366958,1.2393140144300907,-1.140141513284529,0.6359533870045874,0.4428794748546816,169258.842880606,0.4980218410491943,0.876551618208207,0.40529950924925984,0.6364511889871345,0.44268210662570423
2401.833333333333,44000.0,44000.0,0.7718067036150675,2.4369307774392005e-07,2.436930777813388e-07,0.8785253004979808,0.4054599610256231,1.2286890310548584,-1.1842990618913134,0.6367573804499967,0.4438834065499396,169454.74252162722,0.3225047588348388,0.8750830392681621,0.4041106718399307,0.637506214442181,0.4435391804269577
2402.0,44000.0,44000.0,0.7718067036150675,2.4369307774392005e-07,2.436930777813388e-07,0.8785253004979808,0.4064066112375823,1.2308784358721396,-1.230878435872213,0.6375002837525686,0.444818610970875,169672.43223397987,0.198282241821289,0.878350474542067,0.4056588332757808,0.6363200913899413,0.4448011283752836
2460.1666666666665,45000.0,45000.0,0.762315464545501,-1.1495737038867518e-05,-1.1495737038832604e-05,0.8731067887409312,0.3852550386224009,0.8832532275569621,-0.8832532275569258,0.6206891644651152,0.4229135144490126,168358.9895304292,0.2001509666442871,0.8721940259367855,0.383860948233906,0.6197292511115963,0.42282223816859804
2460.333333333333,45000.0,45000.0,0.762315464545501,-1.1495737038867518e-05,-1.1495737038832604e-05,0.8731067887409312,0.3872384089843233,0.902571862383106,-0.9025718623830904,0.6222848296592826,0.4250189000759257,168347.32979343762,0.5579328536987305,0.873216255659162,0.38611223515731874,0.6228482018899835,0.4250298467677488
2460.5,45000.0,45000.0,0.762315464545501,-1.1495737038867518e-05,-1.1495737038832604e-05,0.8731067887409312,0.3891423267400972,0.9232449542842952,-0.9232314292234012,0.6238127338794796,0.4269899043553092,168345.58039186086,0.2181031703948974,0.8725862865442069,0.38827069315069546,0.6242515920183054,0.4269378541356368
2460.6666666666665,45000.0,45000.0,0.762315464545501,-1.1495737038867518e-05,-1.1495737038832604e-05,0.8731067887409312,0.3909250060328569,0.9397409214592688,-0.9397409267037524,0.6252399588992666,0.4287491256224361,168353.90216861345,0.3125579357147217,0.8752052995602504,0.39116343002668097,0.6257186572309321,0.42895897670436806
2460.833333333333,45000.0,45000.0,0.762315464545501,-1.1495737038867518e-05,-1.1495737038832604e-05,0.8731067887409312,0.3926087496354392,0.9602668006515692,-0.9602668006515624,0.6265849900679026,0.4305203299376259,168381.22159618672,0.5495343208312988,0.8741236250303749,0.3903089898499132,0.6257658703981398,0.43062201356657026
2461.0,45000.0,45000.0,0.762315464545501,-1.1495737038867518e-05,-1.1495737038832604e-05,0.8731067887409312,0.3942152832613345,0.9922467711920538,-0.9920721391537436,0.6278656571071924,0.4321235031042196,168434.46350911047,0.5198163986206055,0.8751934034189268,0.3937429855743944,0.6284999425440662,0.4323321645720192
2461.1666666666665,45000.0,45000.0,0.762315464545501,-1.1495737038867518e-05,-1.1495737038832604e-05,0.8731067887409312,0.3957509337998481,1.0354454068121306,-1.03544540681215,0.6290873817590598,0.4336874719726979,168518.2508147715,0.2036259174346923,0.8726038122703027,0.394412716530868,0.6290685981027578,0.4336371743256351
2461.333333333333,45000.0,45000.0,0.762315464545501,-1.1495737038867518e-05,-1.1495737038832604e-05,0.8731067887409312,0.3971474472584808,1.0771336083421916,-1.076842063804916,0.6301963561691811,0.4351175704456952,168626.66301015415,0.1993758678436279,0.8738806882067458,0.3950224238539264,0.6312678414943663,0.4351949603922767
2461.5,45000.0,45000.0,0.762315464545501,-1.1495737038867518e-05,-1.1495737038832604e-05,0.8731067887409312,0.3983703498116079,1.1037520780841286,-1.1037268538568556,0.6311658655672766,0.4363115287575732,168756.76983953867,0.2072010040283203,0.8721694258179404,0.3979452983472834,0.6320329336495419,0.4362177924652741
2461.6666666666665,45000.0,45000.0,0.762315464545501,-1.1495737038867518e-05,-1.1495737038832604e-05,0.8731067887409312,0.3994675098811937,1.1357306590495535,-1.1353283100870593,0.6320344214577709,0.4374286207389081,168915.86513197652,0.1955749988555908,0.8722898133925435,0.3990027393753155,0.6316619212188522,0.4373469232040693
2461.833333333333,45000.0,45000.0,0.762315464545501,-1.1495737038867518e-05,-1.1495737038832604e-05,0.8731067887409312,0.4004867525109094,1.1755493838271212,-1.1764252871818115,0.6328402266975357,0.438429994407969,169109.66537801526,0.4518008232116699,0.873798455456935,0.40030244476613985,0.6330083634430407,0.4384991610795694
2462.0,45000.0,45000.0,0.762315464545501,-1.1495737038867518e-05,-1.1495737038832604e-05,0.8731067887409312,0.40143213354101,1.226637446219314,-1.2261602826332714,0.6335867214103867,0.4393665129989838,169336.86084751238,0.3492765426635742,0.874227339789127,0.39974949283035466,0.6345588369589602,0.4394785681038034
2520.1666666666665,45000.0,45000.0,0.7606375449731576,6.072093240745933e-06,6.072093240791206e-06,0.8721453691748627,0.3844035621417109,0.8807683652091443,-0.8807693489755833,0.6200028728286967,0.4219789129315958,168289.05792368925,0.4661469459533691,0.8734150634213138,0.3830991979404159,0.620330707404961,0.4221058823562409
2520.333333333333,45000.0,45000.0,0.7606375449731576,6.072093240745933e-06,6.072093240791206e-06,0.8721453691748627,0.3863853398665709,0.8997462737819155,-0.8998848466342902,0.621599018726012,0.4240828622802342,168326.9678188063,0.6457445621490479,0.8711659025184845,0.38496810929284025,0.6236472533234432,0.42398491561459634
2520.5,45000.0,45000.0,0.7606375449731576,6.072093240745933e-06,6.072093240791206e-06,0.8721453691748627,0.3882881654176405,0.9218241214652344,-0.9218241214652928,0.6231277282154852,0.4260529418710493,168378.67915890878,0.7410762310028076,0.8694202479818851,0.38802296630496175,0.6252077438815125,0.42578042975175157
2520.6666666666665,45000.0,45000.0,0.7606375449731576,6.072093240745933e-06,6.072093240791206e-06,0.8721453691748627,0.3900699437583854,0.9398770107101894,-0.9866775671812388,0.6245557973820348,0.4278125541356499,168442.16976871368,0.6390578746795654,0.8694595147593279,0.3911037651619159,0.6277707198592366,0.4275439686940964
2520.833333333333,45000.0,45000.0,0.7606375449731576,6.072093240745933e-06,6.072093240791206e-06,0.8721453691748627,0.3917523407787129,0.9578740097046448,-1.0479570199089332,0.625901223118815,0.4295834501305903,168523.9267971677,0.6815986633300781,0.8695916394146012,0.3916835159104064,0.6291278013564663,0.4293280771545641
2521.0,45000.0,45000.0,0.7606375449731576,6.072093240745933e-06,6.072093240791206e-06,0.8721453691748627,0.3933568400068464,0.9907386618086156,-1.1268532042021455,0.6271816645629474,0.4311860961097495,168629.12844096063,0.7514886856079102,0.8709126785577785,0.39365991603651984,0.6316020878433343,0.4310628270480411
2521.1666666666665,45000.0,45000.0,0.7606375449731576,6.072093240745933e-06,6.072093240791206e-06,0.8721453691748627,0.3948894726552278,1.0360115698109815,-1.2116855965093314,0.6284023178252198,0.4327488665531699,168760.64002589654,0.7158849239349365,0.8679632210455158,0.39438730713073783,0.6309785419136811,0.4323306517402352
2521.333333333333,45000.0,45000.0,0.7606375449731576,6.072093240745933e-06,6.072093240791206e-06,0.8721453691748627,0.3962816970453563,1.074602160066647,-1.2689248596347422,0.6295090924518566,0.4341761205729536,168909.60928969624,0.3985047340393066,0.8687438283989873,0.3971138189646537,0.6305170518634415,0.4338359664953661
2521.5,45000.0,45000.0,0.7606375449731576,6.072093240745933e-06,6.072093240791206e-06,0.8721453691748627,0.3974983089395007,1.103793208952209,-1.2901945233488852,0.6304746699094127,0.4353652167120015,169070.2876248561,0.6794357299804688,0.8715205790235533,0.3964270088884181,0.6310208942422163,0.43530273769687056
2521.6666666666665,45000.0,45000.0,0.7606375449731576,6.072093240745933e-06,6.072093240791206e-06,0.8721453691748627,0.3985869241438678,1.13387022750651,-1.293399520369544,0.6313374094900015,0.436474242841457,169248.82777223038,0.4654417037963867,0.8704142746135394,0.39666934035606394,0.6333931243919533,0.43630113338532467
2521.833333333333,45000.0,45000.0,0.7606375449731576,6.072093240745933e-06,6.072093240791206e-06,0.8721453691748627,0.399595787378577,1.17360959398114,-1.297705827617941,0.6321358935277982,0.4374646565640522,169450.87468979167,0.4777014255523681,0.8729014017676914,0.39572370743096213,0.6354624214712723,0.43754025982333505
2522.0,45000.0,45000.0,0.7606375449731576,6.072093240745933e-06,6.072093240791206e-06,0.8721453691748627,0.4005287912169923,1.2254424144465663,-1.3019061663405784,0.6328734405433503,0.4383872109444489,169674.63655102398,1.5421972274780271,0.8733849979548072,0.39753092451333166,0.6357852022577597,0.4385111738224433
2580.1666666666665,46000.0,46000.0,0.7559148433328726,-5.591648934006423e-06,-5.591648933978445e-06,0.8694336336563433,0.3820219676047515,0.8784953063038046,-0.8789376680277917,0.6180792569769965,0.4193643449553422,168391.0254458785,0.59104323387146,0.8688090028825554,0.38058762178067873,0.6215351167503897,0.4193018818779634
2580.333333333333,46000.0,46000.0,0.7559148433328726,-5.591648934006423e-06,-5.591648933978445e-06,0.8694336336563433,0.3839887318118868,0.8981085810721788,-0.8985123884215633,0.6196682435731925,0.421452171859173,168381.4271256351,0.1979987621307373,0.8681408983522892,0.3806625724938808,0.6202027029187516,0.42132289832876757
2580.5,46000.0,46000.0,0.7559148433328726,-5.591648934006423e-06,-5.591648933978445e-06,0.8694336336563433,0.3858765470336012,0.92049493238206,-0.9204949321275177,0.6211896226486947,0.4234066912023176,168380.70540229126,0.4621438980102539,0.8695257180991158,0.38474195511756304,0.6237728020466506,0.4234158996465949
2580.6666666666665,46000.0,46000.0,0.7559148433328726,-5.591648934006423e-06,-5.591648933978445e-06,0.8694336336563433,0.3876439222816604,0.936118952018318,-0.9361189467320395,0.6226105704971037,0.4251508717705037,168388.8278989739,0.4874231815338135,0.8703800203240382,0.38607021934686697,0.6238353454906371,0.4252455104372732
2580.833333333333,46000.0,46000.0,0.7559148433328726,-5.591648934006423e-06,-5.591648933978445e-06,0.8694336336563433,0.389313113938567,0.9546641910206408,-0.9546641910204527,0.6239496086403925,0.4269068399433119,168414.92695953973,0.50372314453125,0.8693781697804278,0.3887413359555029,0.6261897105541048,0.4269012935557204
2581.0,46000.0,46000.0,0.7559148433328726,-5.591648934006423e-06,-5.591648933978445e-06,0.8694336336563433,0.3909055859234243,0.989235600766901,-0.9892356007668855,0.6252244285660462,0.4284959580552147,168465.97310262616,0.2207307815551757,0.8685971626422299,0.38864588787526644,0.6262800594373563,0.42841231095380333
2581.1666666666665,46000.0,46000.0,0.7559148433328726,-5.591648934006423e-06,-5.591648933978445e-06,0.8694336336563433,0.3924276323118414,1.0322835185071804,-1.0322835185071542,0.6264404460420027,0.4300459182640788,168546.519094998,0.2491431236267089,0.8672177533490099,0.389201399859553,0.6280431459058242,0.42982433023334543
2581.333333333333,46000.0,46000.0,0.7559148433328726,-5.591648934006423e-06,-5.591648933978445e-06,0.8694336336563433,0.3938116457926107,1.069948147158068,-1.069942030596774,0.6275441386055944,0.4314630215025354,168650.6790625892,0.3352820873260498,0.866505644419803,0.3933765941582019,0.6286107102805983,0.4311702225788814
2581.5,46000.0,46000.0,0.7559148433328726,-5.591648934006423e-06,-5.591648933978445e-06,0.8694336336563433,0.3950233558331067,1.1014449992395188,-1.1014998311704405,0.6285088351875723,0.4326456675981869,168775.5231918032,0.2233123779296875,0.8671685072521345,0.39347553861940476,0.6301117610141296,0.432419154957766
2581.6666666666665,46000.0,46000.0,0.7559148433328726,-5.591648934006423e-06,-5.591648933978445e-06,0.8694336336563433,0.3961104744379999,1.1277210411115268,-1.1281048501975792,0.6293730805243111,0.4337520650324237,168928.72335672317,0.2443616390228271,0.8677390486288408,0.39517714519697467,0.6297134303303562,0.43358260652967345
2581.833333333333,46000.0,46000.0,0.7559148433328726,-5.591648934006423e-06,-5.591648933978445e-06,0.8694336336563433,0.3971206726500302,1.1719484707768222,-1.172106582657621,0.6301751127157144,0.4347439524149812,169116.44627830133,0.3759100437164306,0.86875396169612,0.3976801144531644,0.6323985475350783,0.4346759852189589
2582.0,46000.0,46000.0,0.7559148433328726,-5.591648934006423e-06,-5.591648933978445e-06,0.8694336336563433,0.3980579758427835,1.219650631993414,-1.2201058569799743,0.63091835911199,0.4356716283972598,169337.54037121046,0.2059292793273925,0.8674535429302497,0.39662329874281854,0.6346075231982236,0.43547361932465045
2640.1666666666665,46000.0,46000.0,0.7473497535762887,1.1677399301754756e-05,1.1677399301788628e-05,0.8644939291726048,0.3776867281938438,0.8746173168590309,-0.8746169823603326,0.6145622249420994,0.4146055754374613,168257.89261801407,0.2195947170257568,0.8659987481239659,0.37809098280048614,0.6179427192628324,0.4147560573325974
2640.333333333333,46000.0,46000.0,0.7473497535762887,1.1677399301754756e-05,1.1677399301788628e-05,0.8644939291726048,0.379633816530135,0.8938603454620986,-0.8938594681952814,0.6161443148310065,0.4166726270940718,168293.33547256794,0.3049848079681396,0.8669244912096921,0.38055267622838906,0.6184508093446075,0.41691568329778056
2640.5,46000.0,46000.0,0.7473497535762887,1.1677399301754756e-05,1.1677399301788628e-05,0.8644939291726048,0.38150348944922,0.914836792248851,-0.9148367922487792,0.6176596875741213,0.4186081992286505,168343.57152839712,0.2249963283538818,0.8654433032077112,0.3801737117118851,0.617977154674564,0.41870313663216113
2640.6666666666665,46000.0,46000.0,0.7473497535762887,1.1677399301754756e-05,1.1677399301788628e-05,0.8644939291726048,0.3832544455234072,0.9490866254791552,-0.9294579432847414,0.6190754766265862,0.4203373009647568,168406.78869787464,0.2028484344482422,0.8626761843978902,0.38167742908893626,0.6200752273580936,0.4201555264872853
2640.833333333333,46000.0,46000.0,0.7473497535762887,1.1677399301754756e-05,1.1677399301788628e-05,0.8644939291726048,0.3849078390071071,1.019835940124214,-0.95075598916338,0.6204094126313079,0.4220775879178481,168489.29070973335,0.1968781948089599,0.8626212303777568,0.3827089606367393,0.6214734087851819,0.4218903180383633
2641.0,46000.0,46000.0,0.7473497535762887,1.1677399301754756e-05,1.1677399301788628e-05,0.8644939291726048,0.3864848575677162,1.1102691352769838,-0.9830809666307008,0.6216790634060054,0.4236527942114927,168596.22530163612,0.3299276828765869,0.8634960130250479,0.38647188046170255,0.6216132396070834,0.423553002596737
2641.1666666666665,46000.0,46000.0,0.7473497535762887,1.1677399301754756e-05,1.1677399301788628e-05,0.8644939291726048,0.3879914095156432,1.2091903304432785,-1.023951336439644,0.6228895647402215,0.4251891051095852,168730.54228834005,0.2100813388824463,0.8636282416327538,0.38767455804045287,0.6242476800817687,0.4251025363556001
2641.333333333333,46000.0,46000.0,0.7473497535762887,1.1677399301754756e-05,1.1677399301788628e-05,0.8644939291726048,0.3893600820783561,1.2812981797722474,-1.0660021013421537,0.6239872454360275,0.4265923916568048,168883.38013545013,0.7006430625915527,0.8656497347201014,0.38594447898590667,0.624548223702707,0.42670797221155443
2641.5,46000.0,46000.0,0.7473497535762887,1.1677399301754756e-05,1.1677399301788628e-05,0.8644939291726048,0.3905563772363562,1.3167337940522486,-1.0939235059586436,0.6249450997111228,0.4277619958329026,169049.01386064128,0.1918461322784423,0.86423524258765,0.38705734664836616,0.6255030902538198,0.4277361271744071
2641.6666666666665,46000.0,46000.0,0.7473497535762887,1.1677399301754756e-05,1.1677399301788628e-05,0.8644939291726048,0.3916268395746788,1.3336274559403616,-1.1235439119913535,0.6258009587848936,0.4288529842618137,169233.2314669327,0.2038905620574951,0.8657401759798543,0.38871988105425254,0.6258452560349087,0.4289776089425386
2641.833333333333,46000.0,46000.0,0.7473497535762887,1.1677399301754756e-05,1.1677399301788628e-05,0.8644939291726048,0.392618623949521,1.352583316626797,-1.1647756445263484,0.6265928697518481,0.4298272268232526,169441.2325748531,0.2556436061859131,0.8666058473632197,0.3898697034395745,0.6261735791396623,0.43003841864231407
2642.0,46000.0,46000.0,0.7473497535762887,1.1677399301754756e-05,1.1677399301788628e-05,0.8644939291726048,0.3935355527134164,1.3731807769830129,-1.213095797651144,0.6273241213384133,0.430734724747516,169671.07287928712,0.2129044532775879,0.8655604299107056,0.3908308421586484,0.626590667017509,0.43084137482132606
2700.1666666666665,47000.0,47000.0,0.7472748644717079,1.943999130712324e-07,1.943999131041802e-07,0.864450614246822,0.3776570441082209,0.8742186485839688,-0.8738163504211082,0.6145380740385418,0.4145726900298716,168421.0518656678,0.6680402755737305,0.8635311918297098,0.37517579150610303,0.6129219489943071,0.4144807477881604
2700.333333333333,47000.0,47000.0,0.7472748644717079,1.943999130712324e-07,1.943999131041802e-07,0.864450614246822,0.3796014199775949,0.8931268174941632,-0.8927573958416295,0.6161180246487075,0.4166368212427745,168414.30587723647,0.5901353359222412,0.8642924315660525,0.37710331581631595,0.6166409166380767,0.41662100297469756
2700.5,47000.0,47000.0,0.7472748644717079,1.943999130712324e-07,1.943999131041802e-07,0.864450614246822,0.3814675971928135,0.9130686694310456,-0.9125422159109038,0.6176306319203616,0.4185691196694934,168415.4954493539,0.7853872776031494,0.8658531493348844,0.3793234660429486,0.6164924882223467,0.41870937317829965
2700.6666666666665,47000.0,47000.0,0.7472748644717079,1.943999130712324e-07,1.943999131041802e-07,0.864450614246822,0.3832144983700798,0.9320695419262074,-0.9313622104855652,0.6190432122429333,0.4202931759660506,168424.3627884601,0.6928613185882568,0.8664528362699869,0.3811879331669372,0.6191699275710056,0.42049339816836706
2700.833333333333,47000.0,47000.0,0.7472748644717079,1.943999130712324e-07,1.943999131041802e-07,0.864450614246822,0.3848642513765538,0.9501916412645216,-0.9501916412647164,0.6203742834789554,0.4220287825350965,168450.19929770543,0.6438384056091309,0.8661673770964903,0.38509031866449117,0.618945734603566,0.42220045882006335
2701.0,47000.0,47000.0,0.7472748644717079,1.943999130712324e-07,1.943999131041802e-07,0.864450614246822,0.3864379950869321,0.9818256952360456,-0.9807924480534026,0.6216413719179845,0.4235992149496605,168499.99028478042,0.5805628299713135,0.8666805144923186,0.3852055071808265,0.6239366132499946,0.4238222049742102
2701.1666666666665,47000.0,47000.0,0.7472748644717079,1.943999130712324e-07,1.943999131041802e-07,0.864450614246822,0.387941966488789,1.026462192664655,-1.0264629282942508,0.6228498748929097,0.4251306519662845,168578.1902308197,0.5451209545135498,0.8670444613261562,0.3884036618995856,0.624704092117292,0.42539003667421793
2701.333333333333,47000.0,47000.0,0.7472748644717079,1.943999130712324e-07,1.943999131041802e-07,0.864450614246822,0.3893093945882754,1.0658088188069883,-1.0658136097889912,0.6239466281127354,0.4265306115648806,168678.89706696937,0.5491886138916016,0.8661633493418753,0.3876487639754839,0.6263726175600434,0.42670188507438594
2701.5,47000.0,47000.0,0.7472748644717079,1.943999130712324e-07,1.943999131041802e-07,0.864450614246822,0.3905063040804603,1.0929778399947248,-1.0929820565145842,0.6249050361387224,0.4276984627140839,168799.13341757472,0.6963374614715576,0.8636224930555844,0.38740549634530924,0.6273813176919267,0.42761565059496015
2701.6666666666665,47000.0,47000.0,0.7472748644717079,1.943999130712324e-07,1.943999131041802e-07,0.864450614246822,0.3915800956567064,1.124235879879277,-1.1243179993824215,0.6257636101101196,0.428790853608777,168946.92006248955,0.6456248760223389,0.8646212964699925,0.3915222082843607,0.6278094232778443,0.42880792183109406
2701.833333333333,47000.0,47000.0,0.7472748644717079,1.943999130712324e-07,1.943999131041802e-07,0.864450614246822,0.3925781427311369,1.1618763898490454,-1.1618019797212304,0.6265605659432362,0.4297702186017757,169128.86122152995,1.0798590183258057,0.8664474872071771,0.3919375886948417,0.6278751244659992,0.42996990589781126
2702.0,47000.0,47000.0,0.7472748644717079,1.943999130712324e-07,1.943999131041802e-07,0.864450614246822,0.393504425542983,1.2146925003073843,-1.2151928288074934,0.6272993110054897,0.4306861489963715,169343.95124030733,0.3582785129547119,0.8652289908325056,0.3929055079023942,0.6284502791923815,0.4307639866549398
2760.1666666666665,48000.0,48000.0,0.738075122402301,-1.1118415994210556e-05,-1.1118415994183864e-05,0.8591129858186879,0.3729981900637106,0.8671130170878618,-0.8671130170878663,0.6107357776964278,0.4094587930173796,168229.25936125917,0.1906459331512451,0.859861511411173,0.3714773602845343,0.6136779279507917,0.4095336455766281
2760.333333333333,48000.0,48000.0,0.738075122402301,-1.1118415994210556e-05,-1.1118415994183864e-05,0.8591129858186879,0.3749210034113526,0.8865843462941208,-0.8865843462941191,0.6123079319574728,0.4115000038503467,168261.48960634135,0.3148369789123535,0.8596885386270984,0.3766256686233295,0.6138302230725059,0.41155755913118774
2760.5,48000.0,48000.0,0.738075122402301,-1.1118415994210556e-05,-1.1118415994183864e-05,0.8591129858186879,0.3767675055627996,0.9091977861229344,-0.909197786122898,0.6138139015392915,0.4134114120388709,168309.39567600514,0.197495698928833,0.8595559426015399,0.37597826627908265,0.6146486174321529,0.41345570771715606
2760.6666666666665,48000.0,48000.0,0.738075122402301,-1.1118415994210556e-05,-1.1118415994183864e-05,0.8591129858186879,0.3784969693826076,0.9255714961340435,-0.925571496133965,0.6152210737401915,0.415119200708375,168371.40408711313,0.6639761924743652,0.8618086354751633,0.37967710724012044,0.6180853705797166,0.41538876567402255
2760.833333333333,48000.0,48000.0,0.738075122402301,-1.1118415994210556e-05,-1.1118415994183864e-05,0.8591129858186879,0.3801301705149333,0.9421740835146571,-0.9860169717988562,0.6165469736706406,0.4168381402156527,168453.68483250562,0.196918249130249,0.8606429693835568,0.3818054886088201,0.6169160801113469,0.4169911385721396
2761.0,48000.0,48000.0,0.738075122402301,-1.1118415994210556e-05,-1.1118415994183864e-05,0.8591129858186879,0.3816881120277436,0.977123997811624,-1.087272263483686,0.6178091228612,0.4183942751059214,168561.38647804604,0.1684165000915527,0.8593788780852999,0.38050842095743026,0.6181946909079514,0.41842086433258263
2761.1666666666665,48000.0,48000.0,0.738075122402301,-1.1118415994210556e-05,-1.1118415994183864e-05,0.8591129858186879,0.383176617019244,1.0204897790839291,-1.1994782956303427,0.6190126148304603,0.4199122779702193,168697.56986590574,0.4962160587310791,0.8612713300784337,0.3822189479547575,0.6167290331691347,0.42012811239619385
2761.333333333333,48000.0,48000.0,0.738075122402301,-1.1118415994210556e-05,-1.1118415994183864e-05,0.8591129858186879,0.3845290518771301,1.056824514154318,-1.2857999690349708,0.6201040656363099,0.4212990575343358,168853.4148744921,0.1932644844055175,0.8609906914273092,0.3852748210397312,0.6171100556158818,0.4214868280951979
2761.5,48000.0,48000.0,0.738075122402301,-1.1118415994210556e-05,-1.1118415994183864e-05,0.8591129858186879,0.3857114463773923,1.0882235253118575,-1.334977271621263,0.6210567178208988,0.4224553948559381,169023.2674944037,0.4870572090148926,0.8610946978244797,0.3846250643489919,0.61917957532943,0.42265356605651727
2761.6666666666665,48000.0,48000.0,0.738075122402301,-1.1118415994210556e-05,-1.1118415994183864e-05,0.8591129858186879,0.3867695436056991,1.1156493351324916,-1.365253703201406,0.621907986769521,0.4235342007029737,169212.5861085925,0.2675795555114746,0.8609383333951878,0.38526673254017,0.620652515606308,0.4237167354606237
2761.833333333333,48000.0,48000.0,0.738075122402301,-1.1118415994210556e-05,-1.1118415994183864e-05,0.8591129858186879,0.3877496709104392,1.15755305376775,-1.3985264923466163,0.6226954884593422,0.4244975676431815,169426.14524806256,0.2624647617340088,0.8574204599247178,0.3874493510340506,0.6230941425347345,0.4243283150537845
2762.0,48000.0,48000.0,0.738075122402301,-1.1118415994210556e-05,-1.1118415994183864e-05,0.8591129858186879,0.3886556036804208,1.2062588463607369,-1.435152487493026,0.6234224924935116,0.4253950037847283,169661.86295118756,0.3539223670959472,0.8575505657265189,0.38957785893247515,0.6222908862669212,0.4252387617755114
2820.1666666666665,48000.0,48000.0,0.7364852188116902,5.81273000579721e-06,5.812730005827928e-06,0.8581871700344221,0.3722055347504156,0.8680198572389886,-0.8680198572389966,0.6100864980589435,0.4085882436292334,168448.04456811622,0.3498499393463135,0.8556657985652817,0.3711617941330871,0.6101591791401371,0.4083361064823194
2820.333333333333,48000.0,48000.0,0.7364852188116902,5.81273000579721e-06,5.812730005827928e-06,0.8581871700344221,0.3741219680233575,0.8872291112596975,-0.8872291112596908,0.6116551057386349,0.410622781053291,168444.84450962133,0.3597803115844726,0.8578994342665539,0.3726083994972555,0.6128632705091459,0.41059400747650415
2820.5,48000.0,48000.0,0.7364852188116902,5.81273000579721e-06,5.812730005827928e-06,0.8581871700344221,0.3759611964275632,0.90856413060254,-0.9090328547486286,0.6131567472987383,0.4125273475360105,168448.76376982348,0.5302283763885498,0.8539245081650908,0.3769679049397057,0.6134865891359336,0.41210108134907736
2820.6666666666665,48000.0,48000.0,0.7364852188116902,5.81273000579721e-06,5.812730005827928e-06,0.8581871700344221,0.3776826727483695,0.9225576626320722,-0.9231799887347076,0.6145589256049684,0.4142264082294664,168459.29463663264,0.5067136287689209,0.8551862419645673,0.37843616238342825,0.6155815670446345,0.4139263154224809
2820.833333333333,48000.0,48000.0,0.7364852188116902,5.81273000579721e-06,5.812730005827928e-06,0.8581871700344221,0.3793083119829501,0.9434639227799876,-0.9444237847334788,0.6158801119119165,0.4159367460265614,168485.83534463088,0.3928508758544922,0.8586946973069232,0.38107791542777625,0.6167808271566967,0.41598749875381147
2821.0,48000.0,48000.0,0.7364852188116902,5.81273000579721e-06,5.812730005827928e-06,0.8581871700344221,0.3808588706788643,0.9763697120972176,-0.977281961737632,0.6171376434092853,0.4174840705311324,168535.35459559318,0.2339112758636474,0.8582778462894328,0.38119372100561294,0.6192601702112162,0.41749313815663347
2821.1666666666665,48000.0,48000.0,0.7364852188116902,5.81273000579721e-06,5.812730005827928e-06,0.8581871700344221,0.3823405047594124,1.0175766683675478,-1.0175760320378795,0.6183368863053069,0.4189926858756859,168612.18379829757,0.6305010318756104,0.8606217789079018,0.3825441009222248,0.620394508302707,0.41923614676303383
2821.333333333333,48000.0,48000.0,0.7364852188116902,5.81273000579721e-06,5.812730005827928e-06,0.8581871700344221,0.3836874587860492,1.0576528267993082,-1.0585159392879455,0.6194251036022406,0.4203715606318146,168710.35442063736,0.1982531547546386,0.8593852285326273,0.3832574532661621,0.6194176213615705,0.4204913664816351
2821.5,48000.0,48000.0,0.7364852188116902,5.81273000579721e-06,5.812730005827928e-06,0.8581871700344221,0.3848661450285275,1.0867237837278498,-1.0867191933094629,0.6203758096335709,0.4215213287223007,168826.79514624338,0.2114851474761963,0.8594731655710325,0.3839959176753949,0.620077478049908,0.4216499282759617
2821.6666666666665,48000.0,48000.0,0.7364852188116902,5.81273000579721e-06,5.812730005827928e-06,0.8581871700344221,0.3859234940138372,1.114390782168189,-1.11513948019384,0.6212274093523175,0.4225965921021608,168969.83460730515,0.4957118034362793,0.8585648225964194,0.38670245753948573,0.6197179616517301,0.4226343573583605
2821.833333333333,48000.0,48000.0,0.7364852188116902,5.81273000579721e-06,5.812730005827928e-06,0.8581871700344221,0.386906432993185,1.1568044758214029,-1.15677702074476,0.6220180327696493,0.4235605706311912,169146.4868454358,0.2075047492980957,0.8617168235820929,0.3850822381027934,0.6206388521851363,0.42391353598595827
2822.0,48000.0,48000.0,0.7364852188116902,5.81273000579721e-06,5.812730005827928e-06,0.8581871700344221,0.3878188829366454,1.2028781343830597,-1.2032757903910996,0.6227510602251191,0.424462016957797,169355.8749329527,0.1952111721038818,0.8618705573446224,0.3862884131615843,0.6214608681478562,0.42483035568881705
2880.1666666666665,49000.0,49000.0,0.7318817225360046,-5.428212264819749e-06,-5.428212264796669e-06,0.8555008606284418,0.3698670044982781,0.8652884820468327,-0.8652884820468338,0.6081669216269999,0.4060215867285483,168204.13497894662,0.3745849132537842,0.856146165900253,0.36920924774528324,0.60674321387614,0.40608611725572946
2880.333333333333,49000.0,49000.0,0.7318817225360046,-5.428212264819749e-06,-5.428212264796669e-06,0.8555008606284418,0.3717735332019743,0.8841563335503959,-0.8841563335503877,0.6097323456171492,0.4080454416581914,168232.5166235935,0.6469540596008301,0.8544165400594509,0.37134835937632393,0.609112840372345,0.4079370096012923
2880.5,49000.0,49000.0,0.7318817225360046,-5.428212264819749e-06,-5.428212264796669e-06,0.8555008606284418,0.3736045165249607,0.9041289776933866,-0.904128977693412,0.6112319663141802,0.4099406207337696,168277.3174636328,0.5803282260894775,0.8541394995191104,0.3736740107422393,0.6098430590300107,0.4098044846228364
2880.6666666666665,49000.0,49000.0,0.7318817225360046,-5.428212264819749e-06,-5.428212264796669e-06,0.8555008606284418,0.375319632407586,0.9215691485968188,-0.921188876593262,0.6126333589974259,0.4116341378804458,168337.2230020434,0.6379718780517578,0.8549023013833843,0.37545291591630714,0.613064685762264,0.41157428195594004
2880.833333333333,49000.0,49000.0,0.7318817225360046,-5.428212264819749e-06,-5.428212264796669e-06,0.8555008606284418,0.3769393862560281,0.9462417140170738,-0.940798026023494,0.6139538960204951,0.4133388193047684,168418.32375338383,0.4628255367279053,0.8554339393293424,0.37618427358137435,0.6148521348804861,0.41333212717485845
2881.0,49000.0,49000.0,0.7318817225360046,-5.428212264819749e-06,-5.428212264796669e-06,0.8555008606284418,0.3784846798142258,1.057429125228728,-0.9715302220119488,0.6152110857512936,0.4148822801322042,168525.80037497557,0.526435136795044,0.8572631669264078,0.38050489015885686,0.6154058585124688,0.4150585107620008
2881.1666666666665,49000.0,49000.0,0.7318817225360046,-5.428212264819749e-06,-5.428212264796669e-06,0.8555008606284418,0.3799612813170563,1.1820505760704616,-1.01508808316641,0.6164099947037095,0.4163881983842667,168662.8474938659,0.6011233329772949,0.8612435648874349,0.38061775940487985,0.617582110288294,0.416962468810166
2881.333333333333,49000.0,49000.0,0.7318817225360046,-5.428212264819749e-06,-5.428212264796669e-06,0.8555008606284418,0.3813030713831526,1.2818756735324413,-1.0550993750142927,0.6174974264538169,0.417764165178548,168820.73567824485,0.6267552375793457,0.8583056547520814,0.3821882019084974,0.6183302445403105,0.41804464459091195
2881.5,49000.0,49000.0,0.7318817225360046,-5.428212264819749e-06,-5.428212264796669e-06,0.8555008606284418,0.382476469808819,1.3443312369637022,-1.080671089747417,0.6184468207830174,0.4189119779300326,168993.92682248275,0.3384068012237549,0.8574498399726084,0.38313371502370497,0.619742368604077,0.4191068758644493
2881.6666666666665,49000.0,49000.0,0.7318817225360046,-5.428212264819749e-06,-5.428212264796669e-06,0.8555008606284418,0.3835266338593595,1.387653916998208,-1.1125872424869114,0.619295272240337,0.4199830672469483,169187.5960428919,0.7197155952453613,0.858026067080864,0.3851758978743381,0.6187046544889676,0.4202355878921905
2881.833333333333,49000.0,49000.0,0.7318817225360046,-5.428212264819749e-06,-5.428212264796669e-06,0.8555008606284418,0.3844992717207541,1.4348778690408408,-1.151160820611579,0.6200800529909111,0.4209396110798586,169406.12751001448,0.2024791240692138,0.8587003794459941,0.38641325961908496,0.6214144092986065,0.4212595629616138
2882.0,49000.0,49000.0,0.7318817225360046,-5.428212264819749e-06,-5.428212264796669e-06,0.8555008606284418,0.3853981301955319,1.4871269760440489,-1.2017729237514092,0.6208044222010337,0.4218308184464137,169647.3211103123,1.1967337131500244,0.8578905547178939,0.3858611560428704,0.6222991880791634,0.42206978785535887
2940.1666666666665,49000.0,49000.0,0.7236532614271841,1.1216960825741836e-05,1.1216960825768604e-05,0.8506781185778697,0.3657216443632813,0.8604956915552822,-0.8585570145290526,0.6047492412136316,0.4014705112000976,168471.0828346865,0.2100052833557129,0.8534930562596267,0.36760705978521946,0.6056506394340416,0.4017520049682733
2940.333333333333,49000.0,49000.0,0.7236532614271841,1.1216960825741836e-05,1.1216960825768604e-05,0.8506781185778697,0.3676048527740897,0.8779582053654379,-0.8769987065184996,0.6063042579051587,0.4034698425477796,168472.00133427454,0.4727373123168945,0.8533177124812447,0.36809287580987654,0.6083337057344038,0.40373380193811714
2940.5,49000.0,49000.0,0.7236532614271841,1.1216960825741836e-05,1.1216960825768604e-05,0.8506781185778697,0.3694120873644982,0.8996009854982199,-0.8996009855009535,0.6077927999954783,0.4053414343909706,168479.37553696666,0.5471837520599365,0.8505753109336112,0.37041693020188976,0.6082112186959598,0.40533115362654476
2940.6666666666665,49000.0,49000.0,0.7236532614271841,1.1216960825741836e-05,1.1216960825768604e-05,0.8506781185778697,0.3711034445337589,0.9167344510222316,-0.9167344513582376,0.6091826038720316,0.4070108764869932,168492.43183851437,0.233198881149292,0.8493982316388522,0.37115282706870095,0.6099309641157571,0.40688288779309145
2940.833333333333,49000.0,49000.0,0.7236532614271841,1.1216960825741836e-05,1.1216960825768604e-05,0.8506781185778697,0.3727005415202142,0.9346448533321922,-0.9337803346722726,0.6104920489432826,0.4086912930385801,168520.61944463497,0.1861424446105957,0.8508196784689649,0.37337180151304006,0.6115191734869825,0.4087054490276896
2941.0,49000.0,49000.0,0.7236532614271841,1.1216960825741836e-05,1.1216960825768604e-05,0.8506781185778697,0.3742237014720388,0.9668391355950482,-0.9668391355953724,0.6117382624495245,0.4102113276252755,168570.85962653387,0.1785066127777099,0.8520667569176518,0.3750176916180169,0.6120911630148201,0.4103501914592537
2941.1666666666665,49000.0,49000.0,0.7236532614271841,1.1216960825741836e-05,1.1216960825768604e-05,0.8506781185778697,0.3756789760380558,1.0118368366207895,-1.0105854005122352,0.6129265667962343,0.4116930688601157,168647.34013940796,0.365790843963623,0.8509667315641815,0.3772406657958722,0.6131596615157223,0.41172193015874686
2941.333333333333,49000.0,49000.0,0.7236532614271841,1.1216960825741836e-05,1.1216960825768604e-05,0.8506781185778697,0.377001793309618,1.0483909868567642,-1.04766180794789,0.6140047178467999,0.4130471525820838,168743.9779932168,0.7054309844970703,0.8510385469151241,0.3784919514423719,0.6130273996913157,0.41308319541580923
2941.5,49000.0,49000.0,0.7236532614271841,1.1216960825741836e-05,1.1216960825768604e-05,0.8506781185778697,0.3781590452666974,1.078933602565073,-1.0770307279397573,0.6149463760826989,0.4141757668596981,168857.56476195145,0.2144758701324463,0.8515727853767983,0.3794322637828349,0.6149919874602714,0.41426523353959094
2941.6666666666665,49000.0,49000.0,0.7236532614271841,1.1216960825741836e-05,1.1216960825768604e-05,0.8506781185778697,0.3791970319549533,1.1062254131557028,-1.1056254384161657,0.6157897629143173,0.41523099617472,168996.6853702536,0.5196566581726074,0.8515767892380394,0.3802937324653207,0.6151368210958778,0.41532086324073697
2941.833333333333,49000.0,49000.0,0.7236532614271841,1.1216960825741836e-05,1.1216960825768604e-05,0.8506781185778697,0.3801620830039018,1.1479223544359352,-1.14532271282173,0.616572853066702,0.416176920561852,169168.72200667424,0.3648340702056885,0.8516243229532509,0.37896017609744853,0.6156029367533585,0.4162715409993901
2942.0,49000.0,49000.0,0.7236532614271841,1.1216960825741836e-05,1.1216960825768604e-05,0.8506781185778697,0.3810580467436478,1.195351998355915,-1.195088518770041,0.6172989930766816,0.4170613346339443,169372.90486085913,0.1972477436065673,0.851630440924526,0.381436144402215,0.6168585862179922,0.4171565668686099
3000.1666666666665,50000.0,50000.0,0.7235302165234145,1.4871706500736793e-07,1.4871706503424485e-07,0.8506057938454302,0.3656454263313431,0.8598470179259466,-0.8598470326407791,0.6046862214142703,0.4013873924409306,168183.37660954107,0.4179582595825195,0.8532150440603498,0.36764404619025903,0.6046664315532506,0.4016483174624225
3000.333333333333,50000.0,50000.0,0.7235302165234145,1.4871706500736793e-07,1.4871706503424485e-07,0.8506057938454302,0.3675300179325394,0.8789863708338976,-0.8789887152460831,0.6062425405649329,0.403387895917896,168207.40494427437,0.1854417324066162,0.8521277203420685,0.3680530755737323,0.6063547699898965,0.4035400885675598
3000.5,50000.0,50000.0,0.7235302165234145,1.4871706500736793e-07,1.4871706503424485e-07,0.8506057938454302,0.3693400293741572,0.9006320110406064,-0.9006915564882875,0.6077335184577427,0.4052612205729829,168248.43122077145,0.2038800716400146,0.8508793998281624,0.367899742392472,0.6077800812198387,0.40528858117125616
3000.6666666666665,50000.0,50000.0,0.7235302165234145,1.4871706500736793e-07,1.4871706503424485e-07,0.8506057938454302,0.3710356612529221,0.915435512027972,-0.9158264236250756,0.609126966536834,0.4069353854184001,168305.41147637158,0.1676480770111084,0.851620705328715,0.3696073932234874,0.6085696594717771,0.40703687656672854
3000.833333333333,50000.0,50000.0,0.7235302165234145,1.4871706500736793e-07,1.4871706503424485e-07,0.8506057938454302,0.3726371124011668,0.9344611447449498,-0.9345993440657157,0.6104400974224674,0.4086206927427246,168384.41372831646,0.5143280029296875,0.8520720859282163,0.3725100708612685,0.610524058918198,0.40876732195100324
3001.0,50000.0,50000.0,0.7235302165234145,1.4871706500736793e-07,1.4871706503424485e-07,0.8506057938454302,0.3741651148577847,0.9678743959401086,-1.0172659972660218,0.611690375132692,0.4101468196930743,168490.68089718604,0.4264717102050781,0.8503517975402269,0.37562240050967804,0.6125827050274678,0.410121420062554
3001.1666666666665,50000.0,50000.0,0.7235302165234145,1.4871706500736793e-07,1.4871706503424485e-07,0.8506057938454302,0.3756253710310827,1.0095589112671992,-1.1529288539183076,0.6128828364686877,0.4116360810312551,168627.5595962625,0.5719943046569824,0.8526625120230492,0.3791314970453296,0.6137292741360367,0.411841752849017
3001.333333333333,50000.0,50000.0,0.7235302165234145,1.4871706500736793e-07,1.4871706503424485e-07,0.8506057938454302,0.3769524850485106,1.0473886721456402,-1.2651215187906777,0.6139645635485842,0.4129970583010903,168786.45727492232,0.5978784561157227,0.8503138163906783,0.3778865023302685,0.6153654971638471,0.4129678605556151
3001.5,50000.0,50000.0,0.7235302165234145,1.4871706500736793e-07,1.4871706503424485e-07,0.8506057938454302,0.3781133661778546,1.0775252720548432,-1.3400968678982357,0.6149092343245497,0.4141328405145179,168961.99271433282,0.4151477813720703,0.8496737150014787,0.377287762497082,0.6125811775630957,0.4140396326301227
3001.6666666666665,50000.0,50000.0,0.7235302165234145,1.4871706500736793e-07,1.4871706503424485e-07,0.8506057938454302,0.3791524833293462,1.1032257919505075,-1.3959016932261636,0.6157535900366379,0.4151929742761612,169159.1137797502,1.0632095336914062,0.8513574040215205,0.379567244430406,0.6139988046683105,0.4152681352937702
3001.833333333333,50000.0,50000.0,0.7235302165234145,1.4871706500736793e-07,1.4871706503424485e-07,0.8506057938454302,0.380114812848463,1.146665935704598,-1.4564645794986508,0.616534519065264,0.4161398624354059,169381.862311632,0.6191668510437012,0.8547188733899482,0.38235621398549047,0.6180807602593157,0.41655117038985773
3002.0,50000.0,50000.0,0.7235302165234145,1.4871706500736793e-07,1.4871706503424485e-07,0.8506057938454302,0.3810040643336968,1.1925227553357225,-1.5236575661471556,0.6172552670643445,0.4170222537151014,169627.94356554863,0.5877149105072021,0.8532966187276978,0.38299993924402154,0.6170413238618284,0.41729133620332814
3060.1666666666665,51000.0,51000.0,0.7146133117209003,-1.0753336307919452e-05,-1.0753336307896367e-05,0.8453480417679455,0.3611539054508646,0.8552439934664413,-0.8576113696569284,0.6009608189003032,0.3964562421992172,168489.3808480409,0.3577988147735595,0.8461849095678955,0.36210373749854535,0.6008499577647075,0.3965399289792122
3060.333333333333,51000.0,51000.0,0.7146133117209003,-1.0753336307919452e-05,-1.0753336307896367e-05,0.8453480417679455,0.3630137824650188,0.874003089006881,-0.8748603517550669,0.6025062513100775,0.3984308645249126,168494.85003864486,0.4246437549591064,0.8440184073936429,0.3647607624040199,0.60276488919051,0.39829790108748236
3060.5,51000.0,51000.0,0.7146133117209003,-1.0753336307919452e-05,-1.0753336307896367e-05,0.8453480417679455,0.3647985444855104,0.8942522267463991,-0.8942522267455332,0.6039855502204957,0.4002793192728355,168506.28656646897,0.5515904426574707,0.843167346958562,0.3690631173871697,0.6035466336291021,0.40006124979189717
3060.6666666666665,51000.0,51000.0,0.7146133117209003,-1.0753336307919452e-05,-1.0753336307896367e-05,0.8453480417679455,0.3664687254432917,0.9094251083605892,-0.9094251083578228,0.6053666044647704,0.4019279760195394,168522.64403155042,0.4391143321990967,0.8448682821578439,0.36748028479780454,0.6045954183610369,0.40188000005852925
3060.833333333333,51000.0,51000.0,0.7146133117209003,-1.0753336307919452e-05,-1.0753336307896367e-05,0.8453480417679455,0.3680457322820784,0.9297581287101224,-0.9297581287077434,0.6066677283487413,0.4035873672663563,168553.3650236723,0.2331249713897705,0.8436695255807475,0.3669589224063764,0.605239285669485,0.4034195156476365
3061.0,51000.0,51000.0,0.7146133117209003,-1.0753336307919452e-05,-1.0753336307896367e-05,0.8453480417679455,0.3695495697949836,0.960945950726895,-0.9609459507266112,0.6079058891846043,0.4050881919061048,168605.29417938323,0.4803946018218994,0.8430855408603853,0.3705240328229376,0.6095962678675264,0.4048619418153488
3061.1666666666665,51000.0,51000.0,0.7146133117209003,-1.0753336307919452e-05,-1.0753336307896367e-05,0.8453480417679455,0.3709862110988811,1.0019651010092538,-1.001965041428989,0.6090863743225127,0.4065509680538197,168682.45992736734,0.6484227180480957,0.8423032467615916,0.3716642898787769,0.6095001675531881,0.4062464885531843
3061.333333333333,51000.0,51000.0,0.7146133117209003,-1.0753336307919452e-05,-1.0753336307896367e-05,0.8453480417679455,0.3722919144740702,1.0425474929664238,-1.042547492961514,0.610157286890019,0.4078874936884458,168778.6207388117,0.2405023574829101,0.8434036028579501,0.3743234005876087,0.6100843709358018,0.40769304979744625
3061.5,51000.0,51000.0,0.7146133117209003,-1.0753336307919452e-05,-1.0753336307896367e-05,0.8453480417679455,0.3734338806099631,1.0691580088081476,-1.070848020567459,0.6110923668666213,0.4090010173203603,168890.3925928899,0.1596548557281494,0.8451541755047636,0.3748081422266342,0.6111672998539923,0.40898163069404214
3061.6666666666665,51000.0,51000.0,0.7146133117209003,-1.0753336307919452e-05,-1.0753336307896367e-05,0.8453480417679455,0.3744579867094258,1.0990057109243463,-1.1000961680301036,0.6119297238290773,0.4100418564776609,169026.5564071396,0.6486306190490723,0.8463794178924934,0.374674641157586,0.6127131093880387,0.4101449940901157
3061.833333333333,51000.0,51000.0,0.7146133117209003,-1.0753336307919452e-05,-1.0753336307896367e-05,0.8453480417679455,0.3754101799636779,1.138573449517692,-1.1408682342479293,0.6127072548449007,0.4109747298435488,169194.80827202433,0.2279691696166992,0.8480003376423447,0.37827777703577425,0.6123948606786946,0.41123995943098873
3062.0,51000.0,51000.0,0.7146133117209003,-1.0753336307919452e-05,-1.0753336307896367e-05,0.8453480417679455,0.3762942539812343,1.1867867034625892,-1.1889682064344058,0.6134282795327402,0.4118467431160988,169394.46021736372,0.4084343910217285,0.8471849307845153,0.3780116048849314,0.6136149076940242,0.4120304320177558
3120.1666666666665,51000.0,51000.0,0.7131067859874977,5.564692751822346e-06,5.564692751842768e-06,0.8444565033129283,0.3603770446963549,0.8532267733770508,-0.8532267598903033,0.6003141217011534,0.3956040585530853,168167.69245453703,0.185044527053833,0.8457946977295602,0.3604799956963279,0.5998565225022378,0.39573787799474847
3120.333333333333,51000.0,51000.0,0.7131067859874977,5.564692751822346e-06,5.564692751842768e-06,0.8444565033129283,0.3622342800889953,0.8716667250046994,-0.871664362606937,0.6018590201381333,0.3975754653480722,168187.01127716093,0.5972168445587158,0.8449832704049253,0.363160815319445,0.6017771863232422,0.39762814205727187
3120.5,51000.0,51000.0,0.7131067859874977,5.564692751822346e-06,5.564692751842768e-06,0.8444565033129283,0.3640180874056234,0.8920552538349712,-0.8920552538349812,0.6033391148083088,0.3994215445189794,168223.72240644565,0.2579591274261474,0.8443101273595764,0.36360744098610676,0.6042411042236343,0.39940690692364417
3120.6666666666665,51000.0,51000.0,0.7131067859874977,5.564692751822346e-06,5.564692751842768e-06,0.8444565033129283,0.3656893000864524,0.9099714591452148,-0.9099714591452228,0.6047224984743667,0.4010714798341564,168277.05473192735,0.202700138092041,0.846109908470624,0.3656572011834765,0.60467624534326,0.40123682034992597
3120.833333333333,51000.0,51000.0,0.7131067859874977,5.564692751822346e-06,5.564692751842768e-06,0.8444565033129283,0.3672677787744832,0.9280234548438316,-0.9278640866603312,0.6060262196270567,0.402732497442093,168353.11153337295,0.239344835281372,0.8475354601025369,0.3673375926466577,0.6089546738511686,0.40304039312105383
3121.0,51000.0,51000.0,0.7131067859874977,5.564692751822346e-06,5.564692751842768e-06,0.8444565033129283,0.3687740171526852,0.968252756206435,-0.9587581451636727,0.607267665270145,0.4042368041414185,168457.22604426584,0.5468215942382812,0.8466687410454491,0.3689881445904363,0.6085554286579258,0.40445802791467056
3121.1666666666665,51000.0,51000.0,0.7131067859874977,5.564692751822346e-06,5.564692751842768e-06,0.8444565033129283,0.3702136413144916,1.1126152399884972,-1.0029701815786416,0.6084518398987258,0.4057049953770044,168592.909888662,0.2660286426544189,0.8447022050818604,0.3677648488924638,0.6080654196485245,0.4057295655538976
3121.333333333333,51000.0,51000.0,0.7131067859874977,5.564692751822346e-06,5.564692751842768e-06,0.8444565033129283,0.3715221812366114,1.2358901303820256,-1.040853019044771,0.6095261942140441,0.4070469418242889,168751.7489294758,0.6122686862945557,0.8434709095553988,0.37066879907205824,0.6100219984313366,0.406948382448536
3121.5,51000.0,51000.0,0.7131067859874977,5.564692751822346e-06,5.564692751842768e-06,0.8444565033129283,0.3726671265690817,1.3224713760436733,-1.0682884723892785,0.6104646810422392,0.4081672808976891,168928.5544728125,0.352895975112915,0.8473009430466112,0.3735980939215819,0.6118665390681833,0.4084517248710574
3121.6666666666665,51000.0,51000.0,0.7131067859874977,5.564692751822346e-06,5.564692751842768e-06,0.8444565033129283,0.3736921670576671,1.3900372898618214,-1.0980922849961146,0.6113036621213764,0.4092132944529443,169128.11090761566,0.2398345470428466,0.8473013471765415,0.374216868827105,0.6106469328943089,0.4094977788393056
3121.833333333333,51000.0,51000.0,0.7131067859874977,5.564692751822346e-06,5.564692751842768e-06,0.8444565033129283,0.3746414482075922,1.4631592528338513,-1.1357038890240163,0.6120796096171492,0.4101477532436687,169354.17744439858,0.2001206874847412,0.8467130091391399,0.37460019909296155,0.6119735705950798,0.41037340382628984
3122.0,51000.0,51000.0,0.7131067859874977,5.564692751822346e-06,5.564692751842768e-06,0.8444565033129283,0.3755186339157876,1.5444290193050016,-1.1866161057471332,0.6127957524759273,0.411018786478833,169604.39144408086,0.22391939163208,0.845848921706464,0.3758485688851581,0.6112424479757907,0.41115802831818654
3180.1666666666665,52000.0,52000.0,0.7086201906313866,-5.269098588580262e-06,-5.269098588556547e-06,0.841795812909156,0.3581257086579761,0.8501551075929701,-0.8501551075930579,0.5984360526176531,0.3931320145740457,168502.3144876052,0.2325887680053711,0.8415962704188206,0.3601599526610806,0.5981567583896805,0.3931120603250121
3180.333333333333,52000.0,52000.0,0.7086201906313866,-5.269098588580262e-06,-5.269098588556547e-06,0.841795812909156,0.3599702034581588,0.8710535614232231,-0.8691885815912045,0.5999751693852037,0.3950903597139208,168512.61127439982,0.1974635124206543,0.842040789044821,0.36153836738166695,0.6009347891380264,0.3951148573274873
3180.5,52000.0,52000.0,0.7086201906313866,-5.269098588580262e-06,-5.269098588556547e-06,0.841795812909156,0.3617401490328709,0.8936996066576514,-0.8910967268069746,0.6014483763764163,0.3969235813625101,168528.57892756278,0.4588611125946045,0.8414957932018634,0.3642959701562997,0.6040096811575284,0.3968935793917808
3180.6666666666665,52000.0,52000.0,0.7086201906313866,-5.269098588580262e-06,-5.269098588556547e-06,0.841795812909156,0.3633963530281198,0.9066659079569632,-0.9066659079764432,0.6028236503436656,0.3985585622124721,168548.9006504167,0.5530674457550049,0.84365156372751,0.3631258521671619,0.6037924484509011,0.3987441372943075
3180.833333333333,52000.0,52000.0,0.7086201906313866,-5.269098588580262e-06,-5.269098588556547e-06,0.841795812909156,0.3649600770097615,0.9266248578463258,-0.9238097358075696,0.6041192575803431,0.4002040909782467,168582.9550659119,0.622528076171875,0.8437265759332052,0.36468685505724213,0.6034559133750123,0.40039716728065167
3181.0,52000.0,52000.0,0.7086201906313866,-5.269098588580262e-06,-5.269098588556547e-06,0.841795812909156,0.3664511025727671,0.9576557695271064,-0.9576557703310304,0.6053520487439267,0.4016922207322973,168637.48358704284,0.5837717056274414,0.8433752189019517,0.36664642482068394,0.6071468728354301,0.4018501613315769
3181.1666666666665,52000.0,52000.0,0.7086201906313866,-5.269098588580262e-06,-5.269098588556547e-06,0.841795812909156,0.3678753441008122,0.999728063654692,-0.9997280943959856,0.6065272825073422,0.4031424191529136,168716.34508562775,0.3660991191864013,0.8406600360314813,0.36657265288428803,0.6097933575455436,0.4030288414651461
3181.333333333333,52000.0,52000.0,0.7086201906313866,-5.269098588580262e-06,-5.269098588556547e-06,0.841795812909156,0.3691696032834577,1.0352798602573283,-1.0352799117134983,0.6075932879781623,0.404467233679647,168813.10083236627,0.2984747886657715,0.8416865609424683,0.3693236146363206,0.6093634049649445,0.4044563084829782
3181.5,52000.0,52000.0,0.7086201906313866,-5.269098588580262e-06,-5.269098588556547e-06,0.841795812909156,0.3703012547357893,1.0664075825948882,-1.0664087540627292,0.6085238327387263,0.4055705829840205,168924.1587235347,0.3503549098968506,0.8420776173635814,0.3692103594467989,0.6115287662137652,0.40559876342946305
3181.6666666666665,52000.0,52000.0,0.7086201906313866,-5.269098588580262e-06,-5.269098588556547e-06,0.841795812909156,0.3713159108126499,1.09370912440008,-1.0925395690709985,0.6093569652110578,0.4066016104968596,169058.42869482137,0.4324522018432617,0.8423984464729372,0.37191029679725934,0.613396772157538,0.4066618738532377
3181.833333333333,52000.0,52000.0,0.7086201906313866,-5.269098588580262e-06,-5.269098588556547e-06,0.841795812909156,0.3722593006341176,1.1345137373275824,-1.1345263401523358,0.6101305604978042,0.4075254862546388,169223.8557814221,0.3552918434143066,0.8436662252999652,0.371604552277408,0.6126162563914953,0.4077125274937197
3182.0,52000.0,52000.0,0.7086201906313866,-5.269098588580262e-06,-5.269098588556547e-06,0.841795812909156,0.3731351772683266,1.1835990588263718,-1.1814449813043275,0.6108479168011842,0.4083888481815634,169419.80577274144,0.4321773052215576,0.8448914305700455,0.3744091273887143,0.612052414801118,0.40869840994765233
3240.1666666666665,52000.0,52000.0,0.7007145698650006,1.0775185227118594e-05,1.077518522714399e-05,0.8370869547812824,0.3541140036293591,0.8468230282097108,-0.8468230282097143,0.5950747882699446,0.3887288251971683,168157.61760926375,0.3345639705657959,0.8402296116142111,0.3555776535899136,0.5975748678128733,0.38904309088046113
3240.333333333333,52000.0,52000.0,0.7007145698650006,1.0775185227118594e-05,1.077518522714399e-05,0.8370869547812824,0.3559387421832338,0.8655065772056422,-0.8655065772056486,0.5966060192434409,0.390665687873562,168172.03138410923,0.6541569232940674,0.8392243387322289,0.35671502448230996,0.5980801192294424,0.3908794262686566
3240.5,52000.0,52000.0,0.7007145698650006,1.0775185227118594e-05,1.077518522714399e-05,0.8370869547812824,0.3576913787685814,0.8860595776998308,-0.8860595776998169,0.5980730547320257,0.3924794097680869,168204.03398283265,0.1909675598144531,0.8383793369567282,0.3564228961985688,0.5992674911555431,0.39260864798563144
3240.6666666666665,52000.0,52000.0,0.7007145698650006,1.0775185227118594e-05,1.077518522714399e-05,0.8370869547812824,0.3593334817822853,0.8994111310047834,-0.8994581178981287,0.5994443108646206,0.3941004852889295,168253.1201526821,0.220463752746582,0.8400919837656522,0.3589603867314157,0.6000549281322952,0.39440098818736646
3240.833333333333,52000.0,52000.0,0.7007145698650006,1.0775185227118594e-05,1.077518522714399e-05,0.8370869547812824,0.3608845458577369,0.9204857948134936,-0.9204857948134616,0.6007366693692604,0.3957325420719457,168325.4850020747,0.2005486488342285,0.8408593245271081,0.36134648768219463,0.6025907471259208,0.3961097790465283
3241.0,52000.0,52000.0,0.7007145698650006,1.0775185227118594e-05,1.077518522714399e-05,0.8370869547812824,0.3623647584239647,0.95217075622155,-0.9521707562214876,0.6019674065229473,0.3972107575043897,168426.57704633696,0.3736879825592041,0.8379551089545623,0.3638517062503964,0.6031109119159285,0.3972975729217177
3241.1666666666665,52000.0,52000.0,0.7007145698650006,1.0775185227118594e-05,1.077518522714399e-05,0.8370869547812824,0.363779659084001,0.9919290182793926,-1.0617799140852764,0.6031414918605923,0.3986536674965748,168560.08032283417,0.2638256549835205,0.8402356892023367,0.36552492569815304,0.6054014863152308,0.3989685409386803
3241.333333333333,52000.0,52000.0,0.7007145698650006,1.0775185227118594e-05,1.077518522714399e-05,0.8370869547812824,0.3650658967408942,1.0319813161621154,-1.1947241303997749,0.6042068328738094,0.3999727171577032,168717.79456537828,0.3679509162902832,0.8389118040188699,0.3663571130856427,0.6064505144321816,0.400155202081462
3241.5,52000.0,52000.0,0.7007145698650006,1.0775185227118594e-05,1.077518522714399e-05,0.8370869547812824,0.3661916233198403,1.0596520626138073,-1.2918581828798232,0.60513768970634,0.4010743296196409,168894.75268259484,0.3712248802185058,0.8375693822792598,0.3667391882928562,0.6100094692710407,0.40112257236943866
3241.6666666666665,52000.0,52000.0,0.7007145698650006,1.0775185227118594e-05,1.077518522714399e-05,0.8370869547812824,0.3671996693422383,1.087520849943994,-1.3703204021797033,0.605970023647314,0.4021031652905672,169095.64495239058,0.2015635967254638,0.8363888752938323,0.36700615862749014,0.6081442046469924,0.4020333573418222
3241.833333333333,52000.0,52000.0,0.7007145698650006,1.0775185227118594e-05,1.077518522714399e-05,0.8370869547812824,0.3681332634927898,1.1281305604737115,-1.4550682346451165,0.6067398649701824,0.4030225064516805,169324.01729668202,0.2014338970184326,0.8364122841505883,0.36877213760286687,0.6082237785612912,0.40295503938861105
3242.0,52000.0,52000.0,0.7007145698650006,1.0775185227118594e-05,1.077518522714399e-05,0.8370869547812824,0.3689960155742735,1.174044199654753,-1.549375708934405,0.6074504225535193,0.4038797077985739,169577.46822406325,0.3874654769897461,0.8353228074191713,0.37140710144065425,0.6091824515211383,0.4037032930623628
3300.1666666666665,53000.0,53000.0,0.7005472077542136,1.0642482639037687e-07,1.064248264286963e-07,0.8369869818307891,0.3540460944927862,0.8463351820296839,-0.8468882034004465,0.5950177265521014,0.3886536064973153,168509.44261003117,0.1907064914703369,0.8355390279999171,0.3558487240265227,0.5946540482089196,0.3885088111142281
3300.333333333333,53000.0,53000.0,0.7005472077542136,1.0642482639037687e-07,1.064248264286963e-07,0.8369869818307891,0.3558698049839031,0.8647331376624281,-0.8670519888686745,0.596548242319194,0.3905899296056512,168524.67923197345,0.2050070762634277,0.8371950003088053,0.3567969664347693,0.5954969114055538,0.3906107314534528
3300.5,53000.0,53000.0,0.7005472077542136,1.0642482639037687e-07,1.064248264286963e-07,0.8369869818307891,0.3576197792802093,0.8840073044041187,-0.8856969042105465,0.5980131935906059,0.3924025507870174,168545.4922457572,0.2049448490142822,0.8382511949978234,0.35865432565536637,0.5970337350049945,0.39252897210372084
3300.6666666666665,53000.0,53000.0,0.7005472077542136,1.0642482639037687e-07,1.064248264286963e-07,0.8369869818307891,0.359257219976632,0.9015606747973168,-0.905235871309438,0.5993806973723501,0.3940191296243586,168570.3060751314,0.27490234375,0.8375491072661272,0.3579807698745768,0.6012165162157546,0.3940753421678924
3300.833333333333,53000.0,53000.0,0.7005472077542136,1.0642482639037687e-07,1.064248264286963e-07,0.8369869818307891,0.3608031542158513,0.9202517966389896,-0.9219248934144476,0.6006689226277938,0.3956460493848831,168608.38021495598,0.4020938873291015,0.8381730386680228,0.35839261341536466,0.601211196893007,0.3957646550686065
3301.0,53000.0,53000.0,0.7005472077542136,1.0642482639037687e-07,1.064248264286963e-07,0.8369869818307891,0.3622770937145698,0.949893739441921,-0.9553322064615458,0.6018945871910636,0.3971172324674061,168666.32978624207,0.1967315673828125,0.8385594963672959,0.36067346769862896,0.601611618914172,0.3972744839210568
3301.1666666666665,53000.0,53000.0,0.7005472077542136,1.0642482639037687e-07,1.064248264286963e-07,0.8369869818307891,0.3636848715621864,0.993541370729364,-0.9951945578377188,0.6030629087588681,0.398550752798388,168747.83966377724,0.2007796764373779,0.8367195818948499,0.3600984802508602,0.6021767720872381,0.39852401280479405
3301.333333333333,53000.0,53000.0,0.7005472077542136,1.0642482639037687e-07,1.064248264286963e-07,0.8369869818307891,0.3649640035271538,1.0321446105377234,-1.0321445447654505,0.604122507342185,0.3998601281851414,168846.24199411905,0.1911933422088623,0.8380735056154992,0.36293241487140937,0.6027285720542609,0.3999687805636124
3301.5,53000.0,53000.0,0.7005472077542136,1.0642482639037687e-07,1.064248264286963e-07,0.8369869818307891,0.3660821421481066,1.057624658873593,-1.0576384263672851,0.6050472233330744,0.4009502556533539,168957.71120747988,0.2305905818939209,0.8385263001130774,0.3651197426415003,0.6041681048670664,0.4011041874815827
3301.6666666666665,53000.0,53000.0,0.7005472077542136,1.0642482639037687e-07,1.064248264286963e-07,0.8369869818307891,0.3670844606877655,1.0885603591403503,-1.0885602825824343,0.6058749548935776,0.4019686174242419,169091.2148985153,0.5777077674865723,0.8390213671531669,0.36371046353952047,0.6055921829992986,0.40217205595647965
3301.833333333333,53000.0,53000.0,0.7005472077542136,1.0642482639037687e-07,1.064248264286963e-07,0.8369869818307891,0.3680162999235409,1.1255589885895116,-1.125547553779891,0.606643470405459,0.4028808962880223,169254.87360180722,0.2020418643951416,0.8396441754929959,0.36604756190356197,0.6059821035053545,0.403146615654243
3302.0,53000.0,53000.0,0.7005472077542136,1.0642482639037687e-07,1.064248264286963e-07,0.8369869818307891,0.3688813597262645,1.175989222882266,-1.175989222882244,0.6073560405245275,0.4037331475637743,169448.0769438731,0.2548189163208008,0.8384957125816106,0.3685170543827036,0.6068116444301499,0.4038840206388565
3360.1666666666665,54000.0,54000.0,0.6919047176450382,-1.040011398146817e-05,-1.0400113981432435e-05,0.8318081014543187,0.3496616437265701,0.8390081678680126,-0.8390083136908264,0.5913219459200825,0.3838412561203466,168153.4958003105,0.7696599960327148,0.8317648709938178,0.34971676106975624,0.5914515603000327,0.3838369330742965
3360.333333333333,54000.0,54000.0,0.6919047176450382,-1.040011398146817e-05,-1.0400113981432435e-05,0.8318081014543187,0.3514632091059553,0.8579007503328085,-0.8579011527457471,0.5928433259381195,0.38575348168215,168162.97633502792,0.7557051181793213,0.8344075283067375,0.3524870073729942,0.5926776906644534,0.3860134243673919
3360.5,54000.0,54000.0,0.6919047176450382,-1.040011398146817e-05,-1.0400113981432435e-05,0.8318081014543187,0.3531936009178877,0.8800248321357025,-0.8800230227522454,0.5943009346527255,0.3875441135471199,168190.0376489606,0.7956423759460449,0.8316525123699327,0.35121510228700464,0.5962036131741076,0.38752855463868124
3360.6666666666665,54000.0,54000.0,0.6919047176450382,-1.040011398146817e-05,-1.0400113981432435e-05,0.8318081014543187,0.3548149184973624,0.8963562063675027,-0.8963100408181021,0.5956634272145863,0.389144551334707,168234.4242766395,0.6463124752044678,0.8317163365655266,0.3513820057109673,0.5969245244765654,0.3891353748458278
3360.833333333333,54000.0,54000.0,0.6919047176450382,-1.040011398146817e-05,-1.0400113981432435e-05,0.8318081014543187,0.3563464166495998,0.91247931998005,-0.9124793199800832,0.5969475828659427,0.3907559126916867,168302.47659442367,0.620293378829956,0.8345704028442693,0.35098176307628437,0.5994958476315184,0.3910321428306818
3361.0,54000.0,54000.0,0.6919047176450382,-1.040011398146817e-05,-1.0400113981432435e-05,0.8318081014543187,0.3578080672972892,0.9466110774011148,-0.9457833760901128,0.5981706005458391,0.3922154798122838,168399.77943424298,0.5377843379974365,0.8326003781891708,0.35469913035654377,0.6016713890405353,0.392294707485769
3361.1666666666665,54000.0,54000.0,0.6919047176450382,-1.040011398146817e-05,-1.0400113981432435e-05,0.8318081014543187,0.3592053566271267,1.005200679273918,-0.9881515871165508,0.5993374314279244,0.3936403269415801,168530.19077296293,0.6155476570129395,0.8318107486214458,0.3568545788642138,0.6022322831567688,0.3936405916582928
3361.333333333333,54000.0,54000.0,0.6919047176450382,-1.040011398146817e-05,-1.0400113981432435e-05,0.8318081014543187,0.3604757430613916,1.1468548683014037,-1.0238500123430447,0.6003963217500908,0.3949430554960974,168685.7523874421,0.6101772785186768,0.8317021769486947,0.35574859040299733,0.6015689490788285,0.394932463045535
3361.5,54000.0,54000.0,0.6919047176450382,-1.040011398146817e-05,-1.0400113981432435e-05,0.8318081014543187,0.3615878672667322,1.2537885437012617,-1.0534418341276743,0.6013217669488627,0.3960313668700153,168861.7403130331,0.6177821159362793,0.8327988975104763,0.3571520148029629,0.6033179376756402,0.39613044647563106
3361.6666666666665,54000.0,54000.0,0.6919047176450382,-1.040011398146817e-05,-1.0400113981432435e-05,0.8318081014543187,0.3625839615773186,1.3425031384624602,-1.0806741942113134,0.6021494513398488,0.397048089369702,169062.82331119166,0.6286554336547852,0.8331253136337877,0.36004544403007793,0.6038018934546001,0.3971798105876489
3361.833333333333,54000.0,54000.0,0.6919047176450382,-1.040011398146817e-05,-1.0400113981432435e-05,0.8318081014543187,0.3635065981013357,1.4381834720919482,-1.1204027964360004,0.6029150838258934,0.3979568725831662,169292.41064036047,0.3149430751800537,0.8321225934742387,0.3603162543933383,0.6040181740154885,0.3979883217851582
3362.0,54000.0,54000.0,0.6919047176450382,-1.040011398146817e-05,-1.0400113981432435e-05,0.8318081014543187,0.364359352335778,1.5447555689838988,-1.1682866774780198,0.6036218622390631,0.3988045156066727,169548.09231876305,0.4373633861541748,0.8323909461626896,0.3611336804986577,0.6055774558863306,0.3988628000775098
3420.1666666666665,54000.0,54000.0,0.69047717925444,5.327472757647328e-06,5.327472757683351e-06,0.8309495648079009,0.3489569117693115,0.8491416235869705,-0.8402681972298457,0.5907257503978987,0.3830669577936665,168510.52208996867,0.1921875476837158,0.8318737704706818,0.3445809992335686,0.5915058060858175,0.38315937835994457
3420.333333333333,54000.0,54000.0,0.69047717925444,5.327472757647328e-06,5.327472757683351e-06,0.8309495648079009,0.3507546411803516,0.8589154946271711,-0.8589154946272008,0.5922454234617968,0.3849757303954904,168530.64229637827,0.1794919967651367,0.8308839083774107,0.3453894938195679,0.5930990845715683,0.38496916475244136
3420.5,54000.0,54000.0,0.69047717925444,5.327472757647328e-06,5.327472757683351e-06,0.8309495648079009,0.3524796865748665,0.8811822311860834,-0.8798089935450634,0.5936999974816748,0.3867625853118652,168556.449630747,0.2958321571350097,0.8306621923008024,0.34785377972514175,0.5946220400885984,0.38673384806115535
3420.6666666666665,54000.0,54000.0,0.69047717925444,5.327472757647328e-06,5.327472757683351e-06,0.8309495648079009,0.3540937641559448,0.8974004571924147,-0.8937980899067645,0.5950577825507508,0.3883562149950629,168586.13017444982,0.2309987545013427,0.8313481493731938,0.35143596855340586,0.5966231529238809,0.38839607345159216
3420.833333333333,54000.0,54000.0,0.69047717925444,5.327472757647328e-06,5.327472757683351e-06,0.8309495648079009,0.3556175806472255,0.9171458585737312,-0.9132439494670808,0.59633680169841,0.3899599628078069,168628.77320039226,0.2305397987365722,0.8305071420645992,0.35458723275067827,0.5992340962936107,0.38991572053347673
3421.0,54000.0,54000.0,0.69047717925444,5.327472757647328e-06,5.327472757683351e-06,0.8309495648079009,0.3570703350473778,0.9508043212765712,-0.9454820420538396,0.597553625581305,0.3914101171353864,168690.84877493087,0.1937232017517089,0.832218161149896,0.3547553784177172,0.5996752064874306,0.39153697676958593
3421.1666666666665,54000.0,54000.0,0.69047717925444,5.327472757647328e-06,5.327472757683351e-06,0.8309495648079009,0.3584577580552645,0.9883477504268045,-0.9857784739466604,0.5987134192926277,0.3928230299574659,168775.8692751032,0.3811831474304199,0.8345194133148552,0.35610582736875196,0.6002331924283021,0.3931800148081613
3421.333333333333,54000.0,54000.0,0.69047717925444,5.327472757647328e-06,5.327472757683351e-06,0.8309495648079009,0.3597182435565131,1.029428946606669,-1.023694482154758,0.5997651573229336,0.394113402458603,168876.9136253246,0.2260563373565673,0.8327122485173766,0.35588060727514376,0.6021006094788377,0.3942896708295506
3421.5,54000.0,54000.0,0.69047717925444,5.327472757647328e-06,5.327472757683351e-06,0.8309495648079009,0.3608198259490199,1.0524636914941303,-1.0524636978152468,0.6006828000693167,0.3951874110938621,168989.9053760375,0.288271427154541,0.8350036534547457,0.35824840861818674,0.6024640411656536,0.39559281995854656
3421.6666666666665,54000.0,54000.0,0.69047717925444,5.327472757647328e-06,5.327472757683351e-06,0.8309495648079009,0.3618070683921831,1.0829684550103524,-1.078445999654008,0.6015040055638148,0.3961904072309647,169123.79647529582,0.1944618225097656,0.8335487969003484,0.35998915353014876,0.6022219352919824,0.39645033044020944
3421.833333333333,54000.0,54000.0,0.69047717925444,5.327472757647328e-06,5.327472757683351e-06,0.8309495648079009,0.3627247539121106,1.1201605119810851,-1.1201605119810312,0.6022663482334505,0.3970886401402109,169286.80353655716,0.2528173923492431,0.8318198463178804,0.3602667069759096,0.6024559886480831,0.3971756682912088
3422.0,54000.0,54000.0,0.69047717925444,5.327472757647328e-06,5.327472757683351e-06,0.8309495648079009,0.3635765174680947,1.1666064747602234,-1.1641648639293178,0.602973065522355,0.3979274746135159,169478.309284563,0.5200080871582031,0.8321987763403015,0.3606067710254743,0.6042552392688771,0.39805239576675594
3480.1666666666665,55000.0,55000.0,0.6861051777930777,-5.114224189445483e-06,-5.114224189409575e-06,0.8283146610999215,0.3467308654569936,0.8379325697379417,-0.8379324132550378,0.588838573345224,0.3806239923798564,168155.4676537808,0.3389046192169189,0.8307556486369114,0.34416399980779644,0.5909486930500539,0.3808680911335554
3480.333333333333,55000.0,55000.0,0.6861051777930777,-5.114224189445483e-06,-5.114224189409575e-06,0.8283146610999215,0.3485170967208256,0.8562562191160303,-0.8562557841679242,0.5903533659773872,0.3825199124515358,168160.15506503213,0.2567787170410156,0.8322510962587432,0.34564371586981596,0.5927888315730097,0.382913555967418
3480.5,55000.0,55000.0,0.6861051777930777,-5.114224189445483e-06,-5.114224189409575e-06,0.8283146610999215,0.3502327446141622,0.8758372862446453,-0.8758389702193679,0.5918046507219753,0.3842952470944844,168182.21091721838,0.3903942108154297,0.8288578459354785,0.3472638027830423,0.5938459294389047,0.3843495655780401
3480.6666666666665,55000.0,55000.0,0.6861051777930777,-5.114224189445483e-06,-5.114224189409575e-06,0.8283146610999215,0.3518402660440181,0.8915605272196919,-0.8915605272196712,0.5931612479358177,0.3858819536889605,168221.60493268492,0.4988331794738769,0.8296037900701606,0.35268085145993333,0.5967172558779854,0.38601086658598444
3480.833333333333,55000.0,55000.0,0.6861051777930777,-5.114224189445483e-06,-5.114224189409575e-06,0.8283146610999215,0.3533587851384941,0.910999557950296,-0.9109986420634,0.5944398919638622,0.3874795593212608,168284.87124097138,0.2522454261779785,0.8322789260312861,0.35401790233525454,0.5961893816559319,0.3878759858143973
3481.0,55000.0,55000.0,0.6861051777930777,-5.114224189445483e-06,-5.114224189409575e-06,0.8283146610999215,0.354808132244132,0.9411431745449688,-0.9419624708320212,0.5956577308141888,0.388926719958336,168377.74737213983,0.4956839084625244,0.8314268688101317,0.35403759948034635,0.5963318890154133,0.389237940729357
3481.1666666666665,55000.0,55000.0,0.6861051777930777,-5.114224189445483e-06,-5.114224189409575e-06,0.8283146610999215,0.3561937681603318,0.9823650308841024,-0.9823640764153616,0.5968197116495594,0.390339548982135,168504.26083782283,0.5085275173187256,0.8324399327623738,0.35623147407146827,0.5976998980549841,0.39075207614838026
3481.333333333333,55000.0,55000.0,0.6861051777930777,-5.114224189445483e-06,-5.114224189409575e-06,0.8283146610999215,0.3574537023173184,1.0216000110339865,-1.0921122692825564,0.597874319896519,0.3916314560681507,168656.71538174537,0.1660437583923339,0.8306955981018382,0.3564558146690558,0.5983732465760027,0.3918695497683424
3481.5,55000.0,55000.0,0.6861051777930777,-5.114224189445483e-06,-5.114224189409575e-06,0.8283146610999215,0.3585569151309439,1.0469924100852956,-1.2080552223908798,0.5987962217916182,0.3927109887644709,168830.6434008425,0.3481364250183105,0.830239897820755,0.3557335167090253,0.5992405511744513,0.39290351243655425
3481.6666666666665,55000.0,55000.0,0.6861051777930777,-5.114224189445483e-06,-5.114224189409575e-06,0.8283146610999215,0.3595452664862639,1.0770990006819727,-1.3063442627017376,0.5996209357721521,0.3937198129197375,169030.76549007453,0.1667418479919433,0.8260469008362525,0.3585522585548503,0.6011891490236698,0.3934930368933706
3481.833333333333,55000.0,55000.0,0.6861051777930777,-5.114224189445483e-06,-5.114224189409575e-06,0.8283146610999215,0.360460897768798,1.115132820850423,-1.4122272461695478,0.6003839587527215,0.3946218315279125,169260.43554633213,0.4595661163330078,0.8285889318307166,0.3599799723444841,0.6027788760266025,0.39464925860099204
3482.0,55000.0,55000.0,0.6861051777930777,-5.114224189445483e-06,-5.114224189409575e-06,0.8283146610999215,0.3613073667267945,1.163284919814779,-1.530250113541235,0.6010884850978827,0.3954634683786903,169517.2657483585,0.2150232791900634,0.8292310058697938,0.3607379803433034,0.6046817242927052,0.3955551028556775
3540.1666666666665,55000.0,55000.0,0.6785092004321401,1.0351291491947072e-05,1.035129149197787e-05,0.823716699133956,0.3429082516099959,0.8318265610735333,-0.8428459170963716,0.5855836848915232,0.3764270556545612,168505.5161091254,0.3565871715545654,0.820621919877606,0.340758604102883,0.5886676919044761,0.3761175777289262
3540.333333333333,55000.0,55000.0,0.6785092004321401,1.0351291491947072e-05,1.035129149197787e-05,0.823716699133956,0.3446750509901187,0.8497459315215163,-0.8675943190768296,0.5870903264519544,0.3783030113560344,168530.2970810074,0.6639502048492432,0.8195693330470777,0.34321591855807365,0.5894274686460768,0.37788827474734654
3540.5,55000.0,55000.0,0.6785092004321401,1.0351291491947072e-05,1.035129149197787e-05,0.823716699133956,0.3463704463524598,0.8706718205127607,-0.8720561649584739,0.588532451768961,0.3800591781041088,168561.07734645277,0.7119715213775635,0.8200224529361619,0.3440590469244847,0.5914319562620735,0.3796897534843294
3540.6666666666665,55000.0,55000.0,0.6785092004321401,1.0351291491947072e-05,1.035129149197787e-05,0.823716699133956,0.3479567822338922,0.8876894306058034,-0.8876894305799876,0.5898786168831855,0.3816255251529418,168595.833203791,0.6573874950408936,0.8227544828400435,0.3457887319069597,0.5923519813194617,0.3815293035235505
3540.833333333333,55000.0,55000.0,0.6785092004321401,1.0351291491947072e-05,1.035129149197787e-05,0.823716699133956,0.3494543638061755,0.904651962949754,-0.9103836416208042,0.5911466520485481,0.3832017558086522,168643.43841601626,0.3024568557739258,0.8239398229105497,0.3480883059116047,0.5954421375284287,0.38322406818631155
3541.0,55000.0,55000.0,0.6785092004321401,1.0351291491947072e-05,1.035129149197787e-05,0.823716699133956,0.3508820381145417,0.9357612327630564,-0.9368155669748756,0.5923529678555697,0.3846269975403765,168710.20417665117,0.6032431125640869,0.8248697065307072,0.3492293023228131,0.596286974140426,0.38474229828005163
3541.1666666666665,55000.0,55000.0,0.6785092004321401,1.0351291491947072e-05,1.035129149197787e-05,0.823716699133956,0.3522454141838735,0.9784918061376298,-0.9859365260707432,0.5935026660340594,0.3860155695936233,168799.47774982365,0.1624269485473632,0.8258622040728865,0.34975326169303284,0.5961068165496408,0.3862301200875164
3541.333333333333,55000.0,55000.0,0.6785092004321401,1.0351291491947072e-05,1.035129149197787e-05,0.823716699133956,0.3534839206784038,1.014900556508709,-1.0189620042914804,0.594545137971233,0.3872835613024117,168904.06938479934,0.6082301139831543,0.8269820643994774,0.35012755944937596,0.5961550309861403,0.38761009782896383
3541.5,55000.0,55000.0,0.6785092004321401,1.0351291491947072e-05,1.035129149197787e-05,0.823716699133956,0.3545660762936404,1.042532832960977,-1.0508073966850489,0.5954545126815226,0.3883387186708881,169019.6428999744,0.6139769554138184,0.8272444880212747,0.3535601140238112,0.5964640320388007,0.38869149755961996
3541.6666666666665,55000.0,55000.0,0.6785092004321401,1.0351291491947072e-05,1.035129149197787e-05,0.823716699133956,0.3555356695706857,1.0708884461840276,-1.0734718145567876,0.5962681191548209,0.3893238159903333,169155.0618465212,0.7243576049804688,0.8240673591224928,0.3530215301661852,0.5988342332625698,0.38935888198918694
3541.833333333333,55000.0,55000.0,0.6785092004321401,1.0351291491947072e-05,1.035129149197787e-05,0.823716699133956,0.3564367604510472,1.1084865340354668,-1.1172599062540387,0.5970232497896801,0.390205716608083,169318.55623635984,0.8135132789611816,0.8242912349649323,0.3562903613745835,0.6014749496102942,0.3902631701911806
3542.0,55000.0,55000.0,0.6785092004321401,1.0351291491947072e-05,1.035129149197787e-05,0.823716699133956,0.3572729083458086,1.1573859311168309,-1.1579522253286614,0.5977231036707836,0.3910289936150888,169509.47139090902,0.6055779457092285,0.8238082929292153,0.3575464046522788,0.6017396264429031,0.39103815299461475
3600.1666666666665,56000.0,56000.0,0.6783011270624895,6.731606185115731e-08,6.731606188548864e-08,0.8235903879128808,0.3427873606890405,0.8322027738239162,-0.8322027736938772,0.5854804528762714,0.3762949962574511,168163.46589543085,0.2058577537536621,0.8253462281213008,0.340523446709171,0.5890119308728856,0.3764705802782931
3600.333333333333,56000.0,56000.0,0.6783011270624895,6.731606185115731e-08,6.731606188548864e-08,0.8235903879128808,0.3445530477586414,0.8507785482279917,-0.850778535424029,0.5869864119062206,0.3781690924933501,168163.66383000105,0.1701698303222656,0.8254100320895387,0.3439186346694265,0.5903757456559823,0.3783510569110159
3600.5,56000.0,56000.0,0.6783011270624895,6.731606185115731e-08,6.731606188548864e-08,0.8235903879128808,0.3462489204479209,0.8719670313279769,-0.8719668536330692,0.5884291974810468,0.3799239547499959,168180.82081601472,0.5612335205078125,0.8250587374604507,0.34518431431330454,0.5900210738418892,0.3800707897047529
3600.6666666666665,56000.0,56000.0,0.6783011270624895,6.731606185115731e-08,6.731606188548864e-08,0.8235903879128808,0.3478378934086783,0.8867337194781238,-0.8867337194781314,0.5897778339423815,0.3814922501088436,168215.0994740776,0.2537071704864502,0.8264896858517091,0.344485113260992,0.594644418344162,0.3817821799027264
3600.833333333333,56000.0,56000.0,0.6783011270624895,6.731606185115731e-08,6.731606188548864e-08,0.8235903879128808,0.3493389277736701,0.904362217506039,-0.904362217506058,0.5910490062421956,0.383071372018438,168273.2695596768,0.8326871395111084,0.8260352558794842,0.34745967452225784,0.5946349829781048,0.38331585881509833
3601.0,56000.0,56000.0,0.6783011270624895,6.731606185115731e-08,6.731606188548864e-08,0.8235903879128808,0.3507716409783321,0.9370825077663596,-0.9370825077663902,0.5922597749248913,0.3845017989232757,168361.2324694079,0.1830470561981201,0.8262822209077421,0.34893826231509806,0.5973485482432833,0.3847709822227618
3601.1666666666665,56000.0,56000.0,0.6783011270624895,6.731606185115731e-08,6.731606188548864e-08,0.8235903879128808,0.3521414558290067,0.97783088636007,-0.9778319816614968,0.5934150788933612,0.3858983351477839,168483.1750613995,0.195239782333374,0.8252311632955012,0.34804443936976404,0.5956163178387939,0.3860624126860459
3601.333333333333,56000.0,56000.0,0.6783011270624895,6.731606185115731e-08,6.731606188548864e-08,0.8235903879128808,0.3533871261493884,1.0269617378757687,-1.013572155833142,0.5944637299234028,0.3871754802859184,168631.67403884852,0.3913536071777344,0.8248358499745813,0.3502143406373186,0.5969532397102828,0.38730002649208845
3601.5,56000.0,56000.0,0.6783011270624895,6.731606185115731e-08,6.731606188548864e-08,0.8235903879128808,0.3544780480441237,1.150662600113643,-1.0433682472557653,0.5953805909762449,0.3882428632745545,168802.52265198485,0.2511999607086181,0.8235925736365834,0.3543434151808516,0.5965709454157363,0.38824308184692474
3601.6666666666665,56000.0,56000.0,0.6783011270624895,6.731606185115731e-08,6.731606188548864e-08,0.8235903879128808,0.35545562791219,1.2574461196814166,-1.0682068532189384,0.5962009963129145,0.389240619162037,169000.56493199756,0.3026342391967773,0.8242948575089627,0.35580457701878165,0.5970903044376379,0.3893110661216452
3601.833333333333,56000.0,56000.0,0.6783011270624895,6.731606185115731e-08,6.731606188548864e-08,0.8235903879128808,0.3563614950638035,1.37236944889453,-1.110167104602512,0.5969602123936503,0.3901330543334805,169229.18262442484,0.7082803249359131,0.8235770483170997,0.35698615080176055,0.5991008970640918,0.39013172037390237
3602.0,56000.0,56000.0,0.6783011270624895,6.731606185115731e-08,6.731606188548864e-08,0.8235903879128808,0.3571991796705513,1.5005467460699893,-1.15529757356427,0.5976614257390723,0.3909660585093988,169486.03996789758,0.2335872650146484,0.8234815157636896,0.35850989555717744,0.5980496810958921,0.3909551712944797
3660.1666666666665,57000.0,57000.0,0.6699248611233101,-1.0058376040324263e-05,-1.0058376040280726e-05,0.8184893775262512,0.3385693695672394,0.8314281472136311,-0.8280760162153163,0.5818671411509498,0.3716640709247129,168494.59541147173,0.3459692001342773,0.8187394918775162,0.3391284206554933,0.5824617823200029,0.3716890823598394
3660.3333333333335,57000.0,57000.0,0.6699248611233101,-1.0058376040324263e-05,-1.0058376040280726e-05,0.8184893775262512,0.3403140350427879,0.8730940562471251,-0.8462905954365552,0.5833644105131813,0.3735165372768442,168523.65536170802,0.193976879119873,0.8176655187467614,0.34266862971187756,0.5853869360535155,0.37343415139889524
3660.5,57000.0,57000.0,0.6699248611233101,-1.0058376040324263e-05,-1.0058376040280726e-05,0.8184893775262512,0.3419882465574609,0.8877142757340495,-0.866133412468408,0.5847976119844768,0.3752507544832539,168559.2175534426,0.1707305908203125,0.82013202819334,0.3472792804575982,0.587069859767384,0.37541501954996276
3660.6666666666665,57000.0,57000.0,0.6699248611233101,-1.0058376040324263e-05,-1.0058376040280726e-05,0.8184893775262512,0.3435547994365561,0.8800371357451385,-0.8800371357457308,0.5861354790978507,0.3767976638524823,168599.08420955043,0.4463715553283691,0.8205116788668189,0.34514148570809866,0.5881460261466002,0.3769998939865391
3660.8333333333335,57000.0,57000.0,0.6699248611233101,-1.0058376040324263e-05,-1.0058376040280726e-05,0.8184893775262512,0.3450336768060435,0.9001677061368434,-0.900167706142669,0.5873956734877611,0.3783542889209486,168651.87564163585,0.1735141277313232,0.8185276209885379,0.3466984100366588,0.5899585992465443,0.3783581132671773
3661.0,57000.0,57000.0,0.6699248611233101,-1.0058376040324263e-05,-1.0058376040280726e-05,0.8184893775262512,0.346443481322857,0.9346874687380414,-0.9307434243688164,0.588594496869661,0.3797618160270801,168723.73576726453,0.2004904747009277,0.8160107860711613,0.34728046880419544,0.5909964745044746,0.3795139568815711
3661.1666666666665,57000.0,57000.0,0.6699248611233101,-1.0058376040324263e-05,-1.0058376040280726e-05,0.8184893775262512,0.3477897256679541,0.9774593861659644,-0.96951191788777,0.5897369973882726,0.3811331109453257,168817.85975323556,0.3856363296508789,0.8188559981102844,0.34626798804441006,0.5907814725548377,0.381169773003729
3661.3333333333335,57000.0,57000.0,0.6699248611233101,-1.0058376040324263e-05,-1.0058376040280726e-05,0.8184893775262512,0.3490125601855176,1.0164209937025912,-1.0092878823680276,0.5907728502667494,0.3823852072849695,168926.78288915043,0.6009294986724854,0.818222899430467,0.348909245213691,0.5910126590167728,0.3823585594753911
3661.5,57000.0,57000.0,0.6699248611233101,-1.0058376040324263e-05,-1.0058376040280726e-05,0.8184893775262512,0.3500808471070883,1.0437673124582325,-1.0356755696348747,0.5916763029825759,0.3834269932194277,169045.90926998886,1.1883583068847656,0.819811247743951,0.3499417035822393,0.5933088106977796,0.3835591802411977
3661.6666666666665,57000.0,57000.0,0.6699248611233101,-1.0058376040324263e-05,-1.0058376040280726e-05,0.8184893775262512,0.3510377786110377,1.0736792003015756,-1.0637812201007697,0.592484412444701,0.3843993352130142,169183.94433486662,0.6473720073699951,0.8209484727201484,0.3506253520120527,0.5940381487848846,0.38464524473240397
3661.8333333333335,57000.0,57000.0,0.6699248611233101,-1.0058376040324263e-05,-1.0058376040280726e-05,0.8184893775262512,0.3519268691372071,1.110003540883394,-1.1027669336800845,0.5932342450572712,0.3852695012840802,169349.04837793403,0.6006560325622559,0.818434583484343,0.3520068165519741,0.594514115044379,0.3852640218798894
3662.0,57000.0,57000.0,0.6699248611233101,-1.0058376040324263e-05,-1.0058376040280726e-05,0.8184893775262512,0.3527516200947643,1.160580425749005,-1.1485855641356328,0.5939289691934804,0.3860815177751239,169540.50009848655,0.8401868343353271,0.8207969211153829,0.354223110079674,0.5946507928028809,0.38631227213403707
3720.1666666666665,57000.0,57000.0,0.6685721537190111,5.100584902881624e-06,5.100584902917554e-06,0.8176626160703515,0.3378713255450556,0.8264976967654754,-0.8264976968918494,0.5812670002428648,0.3708983939505098,168177.21764679783,0.3468153476715088,0.8205709325871385,0.33866468064770844,0.5846028336415791,0.3711892256021885
3720.3333333333335,57000.0,57000.0,0.6685721537190111,5.100584902881624e-06,5.100584902917554e-06,0.8176626160703515,0.3396114749953589,0.8444090958474663,-0.8444091085330323,0.5827619368232959,0.372745378344714,168173.38292102845,0.3260476589202881,0.8202464682187753,0.3365116583991199,0.5848307399246916,0.3730037635595564
3720.5,57000.0,57000.0,0.6685721537190111,5.100584902881624e-06,5.100584902917554e-06,0.8176626160703515,0.3412827520391893,0.8632008222276686,-0.8631967587983753,0.5841941047674468,0.374474810574727,168185.91477563197,0.3581821918487549,0.8221134186185429,0.33936958772067877,0.5849983689040216,0.37491989082954613
3720.6666666666665,57000.0,57000.0,0.6685721537190111,5.100584902881624e-06,5.100584902917554e-06,0.8176626160703515,0.3428486238931119,0.8809657532182449,-0.88096575321826,0.5855327692741445,0.3760202158086271,168215.1298522433,0.6495773792266846,0.8209979069245344,0.3412252261720425,0.5871591694981102,0.3763537448940454
3720.8333333333335,57000.0,57000.0,0.6685721537190111,5.100584902881624e-06,5.100584902917554e-06,0.8176626160703515,0.3443278554593741,0.8987413997446417,-0.8987413997446357,0.5867945598416008,0.377576326748142,168268.0673601541,0.7122914791107178,0.8199031496806002,0.3433463950419516,0.588151923438469,0.3778003801091669
3721.0,57000.0,57000.0,0.6685721537190111,5.100584902881624e-06,5.100584902917554e-06,0.8176626160703515,0.3457397821365435,0.9277551803527364,-0.9277977227439114,0.587996413374022,0.3789858756148301,168350.79813626982,0.1730697154998779,0.8206277175382555,0.3459851190540301,0.5912035233379032,0.3792823857616205
3721.1666666666665,57000.0,57000.0,0.6685721537190111,5.100584902881624e-06,5.100584902917554e-06,0.8176626160703515,0.3470897756171782,0.9709255692762496,-0.9710054854584113,0.5891432556086016,0.380362022751725,168467.6527581183,0.4736347198486328,0.8208517673567739,0.34669629554191517,0.5921653331990709,0.3806809378803672
3721.3333333333335,57000.0,57000.0,0.6685721537190111,5.100584902881624e-06,5.100584902917554e-06,0.8176626160703515,0.3483175182125163,1.0081043516930288,-1.0081043516929973,0.5901843086995259,0.3816206238112688,168611.482570843,0.184589147567749,0.8209948329075585,0.34739736650610803,0.5914947428290896,0.3819538454949895
3721.5,57000.0,57000.0,0.6685721537190111,5.100584902881624e-06,5.100584902917554e-06,0.8176626160703515,0.3493928918540065,1.033864888121585,-1.0824784403946606,0.5910946556122761,0.3826726130555114,168778.3372707223,0.1939375400543213,0.8203943385777689,0.34836323772073896,0.5932618951540121,0.3829457853062532
3721.6666666666665,57000.0,57000.0,0.6685721537190111,5.100584902881624e-06,5.100584902917554e-06,0.8176626160703515,0.3503567709097501,1.0633805610166671,-1.1965772337436766,0.5919094280121595,0.3836562378284959,168973.25173483416,0.3841030597686767,0.8184101657827723,0.35049296633911287,0.5944924426747816,0.383730992799738
3721.8333333333335,57000.0,57000.0,0.6685721537190111,5.100584902881624e-06,5.100584902917554e-06,0.8176626160703515,0.3512501961475647,1.0989576160964305,-1.3192731228156385,0.5926636451040728,0.3845363525116869,169199.71783955442,0.5244784355163574,0.8194374950472507,0.3487721657250519,0.5940673611123019,0.3847138404093768
3722.0,57000.0,57000.0,0.6685721537190111,5.100584902881624e-06,5.100584902917554e-06,0.8176626160703515,0.3520766601746573,1.1489525540794887,-1.456189932579654,0.5933604808882154,0.3853581604176989,169455.48001582606,0.5204553604125977,0.8192048287774281,0.3502789126558433,0.5946240847441621,0.3855123816884065
3780.1666666666665,58000.0,58000.0,0.6643124406894609,-4.963504697446329e-06,-4.963504697408009e-06,0.8150536428293913,0.3357322084696222,0.8226818993032037,-0.8226818993031993,0.5794240319766971,0.368549608364393,168478.13248187728,0.203073501586914,0.8175854998083144,0.33654914663166985,0.5806942222757314,0.3688027940622853
3780.3333333333335,58000.0,58000.0,0.6643124406894609,-4.963504697446329e-06,-4.963504697408009e-06,0.8150536428293913,0.3374624600077429,0.8411515624854126,-0.872957905114609,0.5809151920898458,0.3703867704737009,168510.9436751264,0.2429926395416259,0.816758527695772,0.33686707206292216,0.5817193921559406,0.370557258960339
3780.5,58000.0,58000.0,0.6643124406894609,-4.963504697446329e-06,-4.963504697408009e-06,0.8150536428293913,0.3391229190544079,0.8625880752944142,-0.9040965111389238,0.5823426134733973,0.3721067061774328,168550.93368996482,0.2066926956176757,0.8182048704781705,0.3378165456150385,0.5828070274883393,0.37242182894231074
3780.6666666666665,58000.0,58000.0,0.6643124406894609,-4.963504697446329e-06,-4.963504697408009e-06,0.8150536428293913,0.3406766771791504,0.8780892682803366,-0.9038131649066696,0.5836751473149357,0.3736410630874416,168595.77231303768,0.3778233528137207,0.8184188812031633,0.34092574547708493,0.5840662183479294,0.3739775869248188
3780.8333333333335,58000.0,58000.0,0.6643124406894609,-4.963504697446329e-06,-4.963504697408009e-06,0.8150536428293913,0.3421434648437913,0.8939010717136512,-0.8939010716490923,0.5849303080440243,0.375185028653067,168653.7971002148,0.6396114826202393,0.8189282696481096,0.3448737546339414,0.5857545233316672,0.37557249133493886
3781.0,58000.0,58000.0,0.6643124406894609,-4.963504697446329e-06,-4.963504697408009e-06,0.8150536428293913,0.343541736056321,0.9270310461138016,-0.9274565045446592,0.5861243353443986,0.3765811641541158,168730.9819914958,0.2051103115081787,0.816813789203387,0.3455524827602847,0.5859646771053495,0.3767571787915154
3781.1666666666665,58000.0,58000.0,0.6643124406894609,-4.963504697446329e-06,-4.963504697408009e-06,0.8150536428293913,0.3448769297150117,0.9681439229137492,-0.9681439228554134,0.5872622328612387,0.3779413915907726,168830.38825600248,0.2187385559082031,0.8171415353610457,0.3506074548073141,0.5895748968721674,0.37815018084393803
3781.3333333333335,58000.0,58000.0,0.6643124406894609,-4.963504697446329e-06,-4.963504697408009e-06,0.8150536428293913,0.3460896428590762,1.0025760191957978,-1.0133795339037452,0.5882938409506828,0.3791832993258561,168944.2793179471,0.2288868427276611,0.8180162194744253,0.34863067803434383,0.5902536031163665,0.3794795569903595
3781.5,58000.0,58000.0,0.6643124406894609,-4.963504697446329e-06,-4.963504697408009e-06,0.8150536428293913,0.3471489601358888,1.0324257313019651,-1.035911228209469,0.5891934831275988,0.380216545590595,169067.80841553537,0.2002737522125244,0.8174967638080145,0.34658267923805564,0.5890045950445374,0.3804608576884573
3781.6666666666665,58000.0,58000.0,0.6643124406894609,-4.963504697446329e-06,-4.963504697408009e-06,0.8150536428293913,0.3480976314580685,1.0583942253041656,-1.0707743038987232,0.5899979930999467,0.3811806753937869,169209.45856937865,0.169600248336792,0.8194240325449641,0.34819295408053186,0.5907690185330384,0.3816177143653442
3781.8333333333335,58000.0,58000.0,0.6643124406894609,-4.963504697446329e-06,-4.963504697408009e-06,0.8150536428293913,0.3489787779564382,1.0982119252844735,-1.1067726314456454,0.5907442579976602,0.382043174106313,169377.23963988188,0.2696633338928222,0.8176614903052144,0.3488407189113633,0.5925953465767425,0.3823039588538953
3782.0,58000.0,58000.0,0.6643124406894609,-4.963504697446329e-06,-4.963504697408009e-06,0.8150536428293913,0.3497958587056266,1.144370601049188,-1.1572261632087697,0.5914354225876061,0.3828477380066489,169570.3367688865,0.578528881072998,0.8174375789214359,0.35073525150277013,0.5934732269128691,0.38308613161585336
3840.1666666666665,58000.0,58000.0,0.6570134745377456,9.944532461903433e-06,9.944532461936154e-06,0.8105636770407033,0.3320308418371143,0.8198632312452165,-0.8198657808785934,0.5762211744493597,0.3644869686940721,168196.2537388252,0.3568973541259765,0.8148364044073266,0.3321445470008814,0.5762348351651612,0.3649142414307344
3840.3333333333335,58000.0,58000.0,0.6570134745377456,9.944532461903433e-06,9.944532461936154e-06,0.8105636770407033,0.3337407164846093,0.8380028610583935,-0.8380084474084271,0.5777029656460175,0.3663018249754451,168188.98075011725,0.5980663299560547,0.8137412007833931,0.3343122839014435,0.5786918163930671,0.36661957734971407
3840.5,58000.0,58000.0,0.6570134745377456,9.944532461903433e-06,9.944532461936154e-06,0.8105636770407033,0.3353828275016619,0.8581361717378512,-0.8581402599303529,0.5791224633182974,0.3680011260949128,168197.31900887078,0.6225309371948242,0.8122294488288373,0.33679613807522807,0.5817955073775382,0.3681677032737262
3840.6666666666665,58000.0,58000.0,0.6570134745377456,9.944532461903433e-06,9.944532461936154e-06,0.8105636770407033,0.336921283838222,0.8713200925250071,-0.8713200925249994,0.5804492086699992,0.3695194006799451,168221.69504097634,0.5956106185913086,0.8100999577127037,0.3366480196218992,0.582418959143022,0.36947302874714516
3840.8333333333335,58000.0,58000.0,0.6570134745377456,9.944532461903433e-06,9.944532461936154e-06,0.8105636770407033,0.3383746194646626,0.8911356911264661,-0.8911336742227959,0.5816997674629353,0.3710482125543206,168269.4421354301,0.6068146228790283,0.8130333896939052,0.3388244960710243,0.5836456745897908,0.3712951838196408
3841.0,58000.0,58000.0,0.6570134745377456,9.944532461903433e-06,9.944532461936154e-06,0.8105636770407033,0.3397618219696207,0.9222172350226722,-0.9221771767745784,0.5828909177278683,0.3724329590036002,168346.80035858447,0.6489534378051758,0.8148705908004211,0.33738611004152486,0.5845264882965637,0.372863650379572
3841.1666666666665,58000.0,58000.0,0.6570134745377456,9.944532461903433e-06,9.944532461936154e-06,0.8105636770407033,0.3410881983298685,0.9611350634104354,-0.9610669762974662,0.5840275664146066,0.3737848378532328,168458.22347210743,0.7989635467529297,0.812780047912051,0.3378586607709854,0.5858335967545119,0.3740064749403676
3841.3333333333335,58000.0,58000.0,0.6570134745377456,9.944532461903433e-06,9.944532461936154e-06,0.8105636770407033,0.3422945322542323,0.9995960360449692,-0.9989875323601058,0.5850594262653825,0.3750213083794465,168596.82977393924,0.1926045417785644,0.8112047782461576,0.3389700267843181,0.5882775423238606,0.37508541849999194
3841.5,58000.0,58000.0,0.6570134745377456,9.944532461903433e-06,9.944532461936154e-06,0.8105636770407033,0.3433512560366773,1.0263927397059944,-1.0263927397079202,0.5859618213291801,0.3760548224070041,168758.91224802824,0.529348611831665,0.8104215913276731,0.34078007578699154,0.5872619499717665,0.3760406138357011
3841.6666666666665,58000.0,58000.0,0.6570134745377456,9.944532461903433e-06,9.944532461936154e-06,0.8105636770407033,0.3442986349705695,1.1246823239858907,-1.0525895727452683,0.5867696609441558,0.3770213953578248,168949.75752875104,0.6374127864837646,0.8111986576209703,0.34222336244677676,0.5881360954523827,0.3770848934158515
3841.8333333333335,58000.0,58000.0,0.6570134745377456,9.944532461903433e-06,9.944532461936154e-06,0.8105636770407033,0.3451770485233915,1.2537985158575822,-1.092572949551021,0.5875177006466552,0.37788656581878,169173.0461698973,0.4677748680114746,0.8129213124848322,0.34424449041675553,0.5893649254945822,0.3781223293631929
3842.0,58000.0,58000.0,0.6570134745377456,9.944532461903433e-06,9.944532461936154e-06,0.8105636770407033,0.345989941682691,1.397944804168892,-1.1361813864200858,0.5882090969652228,0.3786947069476087,169426.62820384678,0.7643387317657471,0.8126781267122565,0.3453403743792286,0.586733071026366,0.378906151914764
3900.1666666666665,59000.0,59000.0,0.6567680761389805,3.1195502680208376e-08,3.119550271096375e-08,0.8104122877517224,0.3319184678441928,0.8196707701617494,-0.8196707701617766,0.5761236570208459,0.364363115662053,168456.68884633158,0.1956608295440673,0.8125973738855964,0.3332125206564324,0.5751770166391491,0.3645816242754404
3900.3333333333335,59000.0,59000.0,0.6567680761389805,3.1195502680208376e-08,3.119550271096375e-08,0.8104122877517224,0.3336292478249369,0.8640773240542716,-0.8375399961906037,0.5776064821254173,0.3661795919045512,168492.59559501853,0.8550910949707031,0.8116038355453742,0.33374958482257666,0.5788067721433986,0.3662987466839164
3900.5,59000.0,59000.0,0.6567680761389805,3.1195502680208376e-08,3.119550271096375e-08,0.8104122877517224,0.3352711206061722,0.9112593446825972,-0.8564416232510977,0.5790260106405721,0.3678802116123649,168536.50830847753,0.5666821002960205,0.8116723476622185,0.3344083092012745,0.5817029685041332,0.3680062176034145
3900.6666666666665,59000.0,59000.0,0.6567680761389805,3.1195502680208376e-08,3.119550271096375e-08,0.8104122877517224,0.336807592012071,0.9234599907653982,-0.8726621444300341,0.5803512663992534,0.3693975625919487,168586.0104898933,0.2105646133422851,0.8115105302477825,0.33560903707314865,0.5839154696102885,0.36950738684155476
3900.8333333333335,59000.0,59000.0,0.6567680761389805,3.1195502680208376e-08,3.119550271096375e-08,0.8104122877517224,0.3382580666104366,0.9225999566741782,-0.8912037016825113,0.5815995761907626,0.3709244052762649,168649.13726940044,0.6810429096221924,0.8135684597446768,0.33778078022086805,0.5848744014082432,0.37124002247556037
3901.0,59000.0,59000.0,0.6567680761389805,3.1195502680208376e-08,3.119550271096375e-08,0.8104122877517224,0.3396408086470831,0.9247240751084838,-0.9202868355343456,0.5827871044123291,0.3723051522283532,168731.6957019348,0.3293166160583496,0.8134377804041614,0.3399569425325254,0.5851259436681094,0.3726077014935971
3901.1666666666665,59000.0,59000.0,0.6567680761389805,3.1195502680208376e-08,3.119550271096375e-08,0.8104122877517224,0.3409611664933437,0.9616205853534914,-0.9616205864645136,0.5839188016534617,0.3736504648391907,168836.63591974444,0.5088851451873779,0.8129164396205873,0.3411339724894596,0.5839613850098391,0.3739008800260772
3901.3333333333335,59000.0,59000.0,0.6567680761389805,3.1195502680208376e-08,3.119550271096375e-08,0.8104122877517224,0.3421603492588578,1.0002154933189826,-0.9994857082992968,0.5849447407286351,0.3748787097233984,168955.96184519032,0.2092533111572265,0.8084596908051728,0.34167640215592476,0.5847550083691944,0.3746834500287434
3901.5,59000.0,59000.0,0.6567680761389805,3.1195502680208376e-08,3.119550271096375e-08,0.8104122877517224,0.3432077716451361,1.0320180739054805,-1.0236618655477805,0.5858393739592845,0.3759006087296387,169084.59327954453,0.3785548210144043,0.8119489008034729,0.34350538512725526,0.5858249466110032,0.3760542700348138
3901.6666666666665,59000.0,59000.0,0.6567680761389805,3.1195502680208376e-08,3.119550271096375e-08,0.8104122877517224,0.344145583305481,1.057170466618533,-1.0539557797919663,0.5866392279132073,0.3768539469248981,169230.73411426588,0.2883844375610351,0.8130519016911587,0.34309756703267963,0.5865440837844148,0.37711790831884173
3901.8333333333335,59000.0,59000.0,0.6567680761389805,3.1195502680208376e-08,3.119550271096375e-08,0.8104122877517224,0.3450163480648096,1.1036970147657026,-1.0904444529018014,0.587380922815342,0.3777064826953533,169402.1682115154,0.2857723236083984,0.8125585212394735,0.34395788881726963,0.5880260810356125,0.3779211060441284
3902.0,59000.0,59000.0,0.6567680761389805,3.1195502680208376e-08,3.119550271096375e-08,0.8104122877517224,0.3458234731607129,1.1423112718834705,-1.138453215774461,0.5880675756857172,0.3785014745949941,169597.96342518507,0.2876367568969726,0.8137968584564101,0.3441660097932833,0.5880340071961095,0.37883993166546287
3960.1666666666665,60000.0,60000.0,0.6486500707955647,-9.72776029410902e-06,-9.727760294071136e-06,0.8053881491526708,0.3278053137989284,0.8128113268600516,-0.8128087546579599,0.5725428489385527,0.3598483538784568,168219.92472459358,0.1968622207641601,0.808716886991015,0.3271460257366189,0.5729536581462119,0.3601812276622912
3960.3333333333335,60000.0,60000.0,0.6486500707955647,-9.72776029410902e-06,-9.727760294071136e-06,0.8053881491526708,0.3294932596562297,0.8302695136847826,-0.8302638770991678,0.5740150343938976,0.3616399515381681,168209.92516745717,0.7580885887145996,0.8103063263079886,0.32612573735178957,0.5755216740024938,0.3621317692536999
3960.5,60000.0,60000.0,0.6486500707955647,-9.72776029410902e-06,-9.727760294071136e-06,0.8053881491526708,0.3311142030715074,0.8517350168222566,-0.8517350593383792,0.5754252367668605,0.3633174239838567,168214.6444419134,1.1330957412719729,0.8079707195175592,0.3281173164432681,0.5781849530736277,0.36357568102034554
3960.6666666666665,60000.0,60000.0,0.6486500707955647,-9.72776029410902e-06,-9.727760294071136e-06,0.8053881491526708,0.3326327095040687,0.867929996283949,-0.8679251955351953,0.5767431920054855,0.3648159547534497,168234.57107008353,0.2132880687713623,0.8087459344385407,0.33216537505358035,0.578320252686771,0.3651517332820367
3960.8333333333335,60000.0,60000.0,0.6486500707955647,-9.72776029410902e-06,-9.727760294071136e-06,0.8053881491526708,0.3340671849679369,0.8840359079243698,-0.8840374252072868,0.5779854539502997,0.3663248876183796,168277.34700284226,0.1959710121154785,0.8084124083519686,0.3318482683349481,0.5792402135281349,0.3666273135383094
3961.0,60000.0,60000.0,0.6486500707955647,-9.72776029410902e-06,-9.727760294071136e-06,0.8053881491526708,0.3354363497362941,0.9154056673776324,-0.9153945438323312,0.5791686712343846,0.367691516544485,168349.3755484226,0.3364369869232178,0.8068017076465546,0.33665100747145277,0.5790011686073371,0.3678328723938734
3961.1666666666665,60000.0,60000.0,0.6486500707955647,-9.72776029410902e-06,-9.727760294071136e-06,0.8053881491526708,0.336745472001073,0.9568002802445092,-0.9568239263721948,0.5802977442668839,0.369025609374754,168455.20890804956,0.2114012241363525,0.807446295854018,0.33706623202223773,0.5804408329042728,0.3692314240448887
3961.3333333333335,60000.0,60000.0,0.6486500707955647,-9.72776029410902e-06,-9.727760294071136e-06,0.8053881491526708,0.3379361544396036,0.9918485306589764,-0.9924225491038576,0.5813227627061236,0.3702458391993302,168588.21553027004,0.1720046997070312,0.805013415986906,0.33731171879946314,0.582290443436094,0.3702083658827537
3961.5,60000.0,60000.0,0.6486500707955647,-9.72776029410902e-06,-9.727760294071136e-06,0.8053881491526708,0.3389792178239041,1.0197375590994715,-1.0199413663004917,0.5822192180180761,0.371265720230253,168744.91022395823,0.2323899269104004,0.8063039036628504,0.33734459643427006,0.5823570346792976,0.37135729568127096
3961.6666666666665,60000.0,60000.0,0.6486500707955647,-9.72776029410902e-06,-9.727760294071136e-06,0.8053881491526708,0.3399145442706812,1.0467357818498575,-1.049734668503103,0.5830219072092602,0.372219724869903,168930.8837088089,0.196580171585083,0.8057498875154281,0.3401302916209794,0.5836016532054377,0.37225589870617876
3961.8333333333335,60000.0,60000.0,0.6486500707955647,-9.72776029410902e-06,-9.727760294071136e-06,0.8053881491526708,0.3407820845637938,1.0844165827986598,-1.184245140608976,0.5837654362755631,0.3730739440597379,169150.07734394202,0.8397233486175537,0.8064175131817167,0.34146472206291156,0.5830069104396346,0.3731768804626425
3962.0,60000.0,60000.0,0.6486500707955647,-9.72776029410902e-06,-9.727760294071136e-06,0.8053881491526708,0.3415852519286662,1.1314453852959965,-1.3318363145965042,0.5844529510321645,0.3738721190488971,169400.46858388142,0.2104785442352295,0.8070511826965685,0.3436059546178279,0.584329718046718,0.3740384224032869
4020.1666666666665,60000.0,60000.0,0.6473682594708527,4.883566535970345e-06,4.883566535997147e-06,0.804591983225568,0.3271668530658704,0.8133558825468251,-0.8134268811969275,0.5719850114890639,0.3591470797426316,168430.99592607035,0.4653487205505371,0.8050100292184048,0.3295362078305323,0.5716340685724653,0.35918888434191526
4020.3333333333335,60000.0,60000.0,0.6473682594708527,4.883566535970345e-06,4.883566535997147e-06,0.804591983225568,0.3288532963169951,0.8314564833996778,-0.8466584528279757,0.5734573189476994,0.3609376936999088,168469.23694944996,0.6822514533996582,0.8058145233724212,0.33053103005769274,0.5733545310544902,0.3610599477145941
4020.5,60000.0,60000.0,0.6473682594708527,4.883566535970345e-06,4.883566535997147e-06,0.804591983225568,0.330471928769482,0.8519138112830729,-0.9092055136806416,0.5748668794898074,0.3626141527625403,168516.4334413968,0.7212958335876465,0.8041876766268161,0.3320275203882179,0.5761432297764569,0.3625737221026651
4020.6666666666665,60000.0,60000.0,0.6473682594708527,4.883566535970345e-06,4.883566535997147e-06,0.804591983225568,0.3319867841135775,0.8658838688435204,-0.9336077443081268,0.576182943595656,0.3641102027387686,168570.13171646034,0.6373879909515381,0.8028559621510165,0.3342023373237939,0.5763198645448242,0.36393660063131344
4020.8333333333335,60000.0,60000.0,0.6473682594708527,4.883566535970345e-06,4.883566535997147e-06,0.804591983225568,0.33341687496596,0.8839398602462666,-0.9436460377689352,0.5774226141770172,0.365615618396453,168638.055113454,0.5924243927001953,0.8029604649213937,0.3338667731969732,0.5771977872840621,0.3654524665660356
4021.0,60000.0,60000.0,0.6473682594708527,4.883566535970345e-06,4.883566535997147e-06,0.804591983225568,0.3347802355493817,0.9155177932555736,-0.9592315776482876,0.5786019667776331,0.3669771184579726,168725.85258439052,0.565269947052002,0.8018234035888052,0.33339276742103086,0.5772872055775953,0.3667002604942963
4021.1666666666665,60000.0,60000.0,0.6473682594708527,4.883566535970345e-06,4.883566535997147e-06,0.804591983225568,0.3360821088549613,0.9549181179975988,-0.9691511222199156,0.5797258915024737,0.3683037990177472,168836.38966896053,0.5591456890106201,0.804333324941274,0.33353032887284434,0.5786720263286559,0.3682779331893178
4021.3333333333335,60000.0,60000.0,0.6473682594708527,4.883566535970345e-06,4.883566535997147e-06,0.804591983225568,0.337264477529445,0.9907679907590988,-0.9907679902845202,0.5807447614688162,0.3695150262581879,168961.43199539572,0.3359665870666504,0.8068741259739156,0.3352266543897241,0.5782317497074188,0.36974324053302265
4021.5,60000.0,60000.0,0.6473682594708527,4.883566535970345e-06,4.883566535997147e-06,0.804591983225568,0.3382971907124998,1.019227999644563,-1.019227998720553,0.5816332101516396,0.3705228661503195,169095.69130505525,0.4016876220703125,0.8055480100029764,0.3364880493627578,0.5805747389474345,0.3706184688280603
4021.6666666666665,60000.0,60000.0,0.6473682594708527,4.883566535970345e-06,4.883566535997147e-06,0.804591983225568,0.33922165078291,1.0435988913139096,-1.043598887029689,0.582427378488364,0.3714629300141858,169247.0451722062,0.7479562759399414,0.8058650563165123,0.3362411598269974,0.5799140999731691,0.3715902373232802
4021.8333333333335,60000.0,60000.0,0.6473682594708527,4.883566535970345e-06,4.883566535997147e-06,0.804591983225568,0.3400797094265643,1.084639253729045,-1.0896092108992228,0.5831635361222707,0.3723033066076736,169422.98362055726,1.0222740173339844,0.807444557257171,0.3368161774360661,0.5824722287106435,0.3725885640108339
4022.0,60000.0,60000.0,0.6473682594708527,4.883566535970345e-06,4.883566535997147e-06,0.804591983225568,0.3408747134594838,1.1279604843542983,-1.1330314409306752,0.5838447686586722,0.3730867109675329,169622.4375006242,0.657869815826416,0.807110585851075,0.33852890417748727,0.5818350877151943,0.37333857123008357
4080.1666666666665,61000.0,61000.0,0.6432185347576196,-4.816855313654535e-06,-4.816855313620237e-06,0.8020090615183968,0.3250615961667525,0.8113946575835648,-0.8113946575827184,0.5701417334904466,0.3568363903778228,168247.42304382366,0.5321838855743408,0.8045775262599483,0.3226229403111419,0.5685077915453042,0.3570932368519779
4080.3333333333335,61000.0,61000.0,0.6432185347576196,-4.816855313654535e-06,-4.816855313620237e-06,0.8020090615183968,0.3267352760077822,0.8291880761884369,-0.8291880757148501,0.5716076242397208,0.3586128729523969,168235.5016234248,0.5049765110015869,0.8033295879780074,0.32503823576799656,0.5701053034641986,0.35874492559835797
4080.5,61000.0,61000.0,0.6432185347576196,-4.816855313654535e-06,-4.816855313620237e-06,0.8020090615183968,0.3283423969910174,0.8483811828904507,-0.8483811429313791,0.5730116901527692,0.3602761405888584,168237.299992748,0.2009563446044922,0.8035559268928733,0.3270298123149812,0.57267054219687,0.36043082712630603
4080.6666666666665,61000.0,61000.0,0.6432185347576196,-4.816855313654535e-06,-4.816855313620237e-06,0.8020090615183968,0.32984781066283,0.8628354805695202,-0.8628354805695171,0.5743237855971508,0.3617617143313507,168253.3186675054,0.2000677585601806,0.8047929671582239,0.32825302263052797,0.5729802193258557,0.3620401048953334
4080.8333333333335,61000.0,61000.0,0.6432185347576196,-4.816855313654535e-06,-4.816855313620237e-06,0.8020090615183968,0.331269887868806,0.8820925478785768,-0.8820925478785936,0.575560498899957,0.3632575846786671,168291.5123013564,0.1958873271942138,0.8046028109820162,0.33032832557952785,0.5719947313616686,0.36351695962502906
4081.0,61000.0,61000.0,0.6432185347576196,-4.816855313654535e-06,-4.816855313620237e-06,0.8020090615183968,0.3326271554365871,0.9116527702755352,-0.9116641576412604,0.5767383769524066,0.3646122380013386,168358.43588565665,0.2883377075195312,0.8045309276386016,0.3328003520529797,0.5739202976347392,0.36486442461335905
4081.1666666666665,61000.0,61000.0,0.6432185347576196,-4.816855313654535e-06,-4.816855313620237e-06,0.8020090615183968,0.3339248659670445,0.9506402534850984,-0.9506402534850936,0.5778623244098138,0.3659345007318952,168458.71195068333,0.3511779308319092,0.8048660596781945,0.3349812664267857,0.5775450055682685,0.36622020054787496
4081.3333333333335,61000.0,61000.0,0.6432185347576196,-4.816855313654535e-06,-4.816855313620237e-06,0.8020090615183968,0.3351051808364629,0.9891055826914388,-0.9891215074214325,0.5788827004132386,0.3671438991864078,168585.93375070195,0.2008147239685058,0.8037027266657318,0.33560327762730474,0.5780910797810229,0.36731326570114126
4081.5,61000.0,61000.0,0.6432185347576196,-4.816855313654535e-06,-4.816855313620237e-06,0.8020090615183968,0.3361391596961571,1.014552518886931,-1.0143292537036792,0.5797750940635107,0.3681545920975849,168736.80888315197,0.1772854328155517,0.8031279988834034,0.3382076831387211,0.577599728446439,0.36826648583408556
4081.6666666666665,61000.0,61000.0,0.6432185347576196,-4.816855313654535e-06,-4.816855313620237e-06,0.8020090615183968,0.3370665073804682,1.0426799712624542,-1.042705258045597,0.5805742910122501,0.3691001382195731,168917.27410469836,0.2237584590911865,0.803587184514432,0.3378496614796139,0.5795791019300757,0.36925795051917665
4081.8333333333335,61000.0,61000.0,0.6432185347576196,-4.816855313654535e-06,-4.816855313620237e-06,0.8020090615183968,0.3379269592493216,1.1082524114827683,-1.080204796835204,0.5813148538093547,0.36994705906795,169131.59482257543,0.8444197177886963,0.8059308829885743,0.33738236976571856,0.579544894761659,0.37033924121496775
4082.0,61000.0,61000.0,0.6432185347576196,-4.816855313654535e-06,-4.816855313620237e-06,0.8020090615183968,0.3387239110221869,1.2579712101423488,-1.1260125842490931,0.581999923576017,0.3707386465153851,169377.89340115033,0.193601369857788,0.8058982623408629,0.33758718317662023,0.5808295837007657,0.3711275665976317
4140.166666666667,61000.0,61000.0,0.63620448698936,9.554193313017504e-06,9.55419331304608e-06,0.7976242768304886,0.3215236597092423,0.8059601716018657,-0.8058797620050604,0.5670305635284093,0.3529523193432853,168401.93009746802,0.1883916854858398,0.8005658303778902,0.3210068628528532,0.5668118764694079,0.35324647469802545
4140.333333333333,61000.0,61000.0,0.63620448698936,9.554193313017504e-06,9.55419331304608e-06,0.7976242768304886,0.3231811343752256,0.825352687429053,-0.823290355292775,0.5684902239067898,0.3547121437233644,168441.66448214455,0.1928787231445312,0.8011514903679876,0.32411115710159516,0.5669371780957176,0.3550648650771143
4140.5,61000.0,61000.0,0.63620448698936,9.554193313017504e-06,9.55419331304608e-06,0.7976242768304886,0.3247720907250206,0.8980805507481848,-0.8426221807403615,0.5698877881276072,0.3563598284218353,168491.39382412386,0.2265198230743408,0.8007163016662474,0.32411339109901616,0.5677129488892831,0.35666903090541113
4140.666666666667,61000.0,61000.0,0.63620448698936,9.554193313017504e-06,9.55419331304608e-06,0.7976242768304886,0.3262611981590577,0.9342474987910316,-0.8595130875452528,0.5711927857628619,0.3578304762101668,168548.6776145294,0.1930577754974365,0.8015926992736455,0.32360901007014703,0.568913364244248,0.35822731845448247
4140.833333333333,61000.0,61000.0,0.63620448698936,9.554193313017504e-06,9.55419331304608e-06,0.7976242768304886,0.3276670193703752,0.9549116384190064,-0.8763794625361092,0.5724220643394005,0.3593103547339531,168620.9286598838,0.1665887832641601,0.8003936826000876,0.3248100849453208,0.5707283280772678,0.359587295310913
4141.0,61000.0,61000.0,0.63620448698936,9.554193313017504e-06,9.55419331304608e-06,0.7976242768304886,0.3290073190148471,0.9835901311302984,-0.905627737030495,0.5735915963506626,0.3606489180192245,168713.6519829326,0.2008492946624755,0.7995256161467647,0.3289913815306748,0.571390796164251,0.3608390519508521
4141.166666666667,61000.0,61000.0,0.63620448698936,9.554193313017504e-06,9.55419331304608e-06,0.7976242768304886,0.3302872218226564,1.0090977035096318,-0.9473605824765068,0.5747062051432603,0.3619534064617283,168829.6579529705,0.2521393299102783,0.7992890161551837,0.33290292660579424,0.5735793955041983,0.3621198803941978
4141.333333333333,61000.0,61000.0,0.63620448698936,9.554193313017504e-06,9.55419331304608e-06,0.7976242768304886,0.3314496403654803,1.0093375526491466,-0.9831048756331014,0.575716632378767,0.3631444033979713,168960.50323032812,0.4672904014587402,0.7969962719532477,0.3313834057597969,0.5763148318199697,0.3630816029102472
4141.5,61000.0,61000.0,0.63620448698936,9.554193313017504e-06,9.55419331304608e-06,0.7976242768304886,0.3324649577255873,1.0090792425081392,-1.0090792527159025,0.576597743802828,0.364135582942281,169100.72396400222,0.7232637405395508,0.7981222702914877,0.3323520391444014,0.5763567604349384,0.3641853822883809
4141.666666666667,61000.0,61000.0,0.63620448698936,9.554193313017504e-06,9.55419331304608e-06,0.7976242768304886,0.3333736952313649,1.0371805554444011,-1.0371805557024922,0.5773852229329866,0.3650599977604542,169257.83534750217,0.195655345916748,0.7977216934802357,0.33647795690302557,0.5763346880352067,0.3650697394254289
4141.833333333333,61000.0,61000.0,0.63620448698936,9.554193313017504e-06,9.55419331304608e-06,0.7976242768304886,0.3342168494112841,1.0727694939567236,-1.0727696508742088,0.5781149105947668,0.365886126903474,169438.97575747003,0.1950011253356933,0.7965992709684956,0.3371375146084283,0.5769441727134574,0.3657836263172747
4142.0,61000.0,61000.0,0.63620448698936,9.554193313017504e-06,9.55419331304608e-06,0.7976242768304886,0.3349976990064899,1.1208055350335404,-1.1208062811442154,0.5787898577609104,0.366656038182668,169642.92401205297,0.2961053848266601,0.7975328660605512,0.3357534567148382,0.5775683746585091,0.3666468971056743
4200.166666666667,62000.0,62000.0,0.6359249423021965,-2.1209189469612902e-09,-2.120918915258524e-09,0.7974490217576272,0.321376958273824,0.8054351302912258,-0.8054003948319407,0.5669011892788614,0.3527915269562671,168277.81058168743,0.6173524856567383,0.7965476829636756,0.3206200899446203,0.5679626590226526,0.3527013930768719
4200.333333333333,62000.0,62000.0,0.6359249423021965,-2.1209189469612902e-09,-2.120918915258524e-09,0.7974490217576272,0.32303156354071,0.8234797356976347,-0.8234280278154502,0.5683586575854787,0.3545477995334881,168264.83755453752,0.6726951599121094,0.79746166659337,0.32164484390829085,0.5672699488430503,0.3545490640170624
4200.5,62000.0,62000.0,0.6359249423021965,-2.1209189469612902e-09,-2.120918915258524e-09,0.7974490217576272,0.324620235780094,0.8441761651067847,-0.844165058867301,0.5697545400161819,0.356192092972243,168264.51274336767,0.8007709980010986,0.7993270064860364,0.3258405706922209,0.5692938192375848,0.3563798914450839
4200.666666666667,62000.0,62000.0,0.6359249423021965,-2.1209189469612902e-09,-2.120918915258524e-09,0.7974490217576272,0.3261082047943776,0.858881852364396,-0.8588818523644027,0.5710588453551566,0.3576604355526555,168277.2982489653,0.6480147838592529,0.79556268345372,0.3268156276866403,0.5716164177018747,0.3574718017222648
4200.833333333333,62000.0,62000.0,0.6359249423021965,-2.1209189469612902e-09,-2.120918915258524e-09,0.7974490217576272,0.3275137584685916,0.8752246817007863,-0.8751826686495342,0.5722881778566061,0.359138923284134,168311.45479108198,0.9714033603668212,0.7940465165019139,0.3285818795086464,0.5722996976100181,0.35879867275856264
4201.0,62000.0,62000.0,0.6359249423021965,-2.1209189469612902e-09,-2.120918915258524e-09,0.7974490217576272,0.3288551673530981,0.9072176112004982,-0.907222556027725,0.5734589500413377,0.3604776627851689,168373.67231015628,0.6715195178985596,0.7975555890274996,0.32895123246060964,0.5732243215216792,0.36048831951215615
4201.166666666667,62000.0,62000.0,0.6359249423021965,-2.1209189469612902e-09,-2.120918915258524e-09,0.7974490217576272,0.3301376517194229,0.9470449484854716,-0.9470449484854736,0.5745760626206327,0.3617842174342828,168468.61314838027,0.4205667972564697,0.7989489877687552,0.3292772467072891,0.5758083930979254,0.3619342140353956
4201.333333333333,62000.0,62000.0,0.6359249423021965,-2.1209189469612902e-09,-2.120918915258524e-09,0.7974490217576272,0.3313041003626221,0.9807902734695068,-0.9808886493140768,0.5755902191419245,0.3629792008774522,168590.0623411785,0.5261936187744141,0.7965923008090319,0.331807786731183,0.5762139069210448,0.3628935287825927
4201.5,62000.0,62000.0,0.6359249423021965,-2.1209189469612902e-09,-2.120918915258524e-09,0.7974490217576272,0.3323258786299728,1.0102325606487808,-1.010232560648784,0.5764771275880543,0.3639776413901055,168734.88465457468,0.3667945861816406,0.796857316609441,0.3330518529784807,0.5768083202883567,0.3639184708752869
4201.666666666667,62000.0,62000.0,0.6359249423021965,-2.1209189469612902e-09,-2.120918915258524e-09,0.7974490217576272,0.333242418806862,1.0349628177724897,-1.0349370522148431,0.5772715295308305,0.3649118113532379,168909.39301891037,0.5415859222412109,0.7990909891764005,0.3349202780953353,0.577380057558532,0.36507600809511526
4201.833333333333,62000.0,62000.0,0.6359249423021965,-2.1209189469612902e-09,-2.120918915258524e-09,0.7974490217576272,0.3340931535332443,1.0747623702064362,-1.0747623702064926,0.5780079182283928,0.3657487854474067,169118.22908223234,0.3921315670013428,0.7986907049641486,0.3367428355678709,0.5793350148347763,0.36587295376805884
4202.0,62000.0,62000.0,0.6359249423021965,-2.1209189469612902e-09,-2.120918915258524e-09,0.7974490217576272,0.334881449695783,1.1192169085184274,-1.172239599094734,0.5786894242184123,0.3665312688755978,169359.67267480944,0.4949703216552734,0.799203501890502,0.3360245610978314,0.5794058465999936,0.3667067168888853
4260.166666666667,63000.0,63000.0,0.6280574558456965,-9.407915095850924e-06,-9.407915095805531e-06,0.7925007607855632,0.3174049958954252,0.8017252972181989,-0.8017252972181718,0.5633870748650727,0.3484311130740692,168370.482807033,0.271287202835083,0.7924662036013289,0.32047101214058477,0.5627996910883848,0.3484276573556458
4260.333333333333,63000.0,63000.0,0.6280574558456965,-9.407915095850924e-06,-9.407915095805531e-06,0.7925007607855632,0.3190413225670824,0.8194100185634412,-0.8194100185634239,0.5648374304461187,0.3501684435173985,168410.8186845423,0.2558419704437256,0.7934654565225097,0.3200099886321514,0.5632473428818358,0.35026491309109314
4260.5,63000.0,63000.0,0.6280574558456965,-9.407915095850924e-06,-9.407915095805531e-06,0.7925007607855632,0.3206121147285431,0.8388508013518611,-0.8814552507786341,0.5662262048206761,0.3517951186184833,168462.243546634,0.5877254009246826,0.7933152472076873,0.32102756786324893,0.5661082174421271,0.3518765672606957
4260.666666666667,63000.0,63000.0,0.6280574558456965,-9.407915095850924e-06,-9.407915095805531e-06,0.7925007607855632,0.3220825188603973,0.8515499140137684,-0.9289818798824238,0.5675231441780096,0.3532473009077835,168522.37998134788,0.1767430305480957,0.7917393186128127,0.3210429380255824,0.5668356429794338,0.35317115669050847
4260.833333333333,63000.0,63000.0,0.6280574558456965,-9.407915095850924e-06,-9.407915095805531e-06,0.7925007607855632,0.3234707338974598,0.8714692689310627,-0.9599817776502584,0.5687448762331299,0.3547086377483083,168598.34210587505,0.174884557723999,0.7936505270067223,0.3221155689376446,0.5680834154889716,0.3548236143704242
4261.0,63000.0,63000.0,0.6280574558456965,-9.407915095850924e-06,-9.407915095805531e-06,0.7925007607855632,0.3247943469691671,0.9014386134942562,-1.0013754838481577,0.5699073146873529,0.3560306125472108,168695.51009706777,0.3813066482543945,0.7917662850937242,0.3240688448169477,0.5674749481230101,0.3559571649780269
4261.166666666667,63000.0,63000.0,0.6280574558456965,-9.407915095850924e-06,-9.407915095805531e-06,0.7925007607855632,0.3260583911113653,0.9390496335206086,-1.0420758600187825,0.5710152287798597,0.3573191242264231,168816.67045105094,0.6193392276763916,0.7914727764667582,0.323699198257482,0.5707596488491015,0.3572163257945426
4261.333333333333,63000.0,63000.0,0.6280574558456965,-9.407915095850924e-06,-9.407915095805531e-06,0.7925007607855632,0.3272064388379026,0.9770335092036628,-1.0574105528298776,0.5720196143953357,0.3584956004093749,168953.2073037657,0.1952247619628906,0.7922873470065377,0.3249538970917762,0.57099984067826,0.35847425903147234
4261.5,63000.0,63000.0,0.6280574558456965,-9.407915095850924e-06,-9.407915095805531e-06,0.7925007607855632,0.3282092828638875,1.0031842433551583,-1.0435671609493733,0.5728955256289328,0.359474934327173,169099.51966234055,0.1954920291900634,0.7924872940820463,0.3256916231923432,0.5725338509991902,0.3594735876568213
4261.666666666667,63000.0,63000.0,0.6280574558456965,-9.407915095850924e-06,-9.407915095805531e-06,0.7925007607855632,0.3291067410980104,1.029627940470826,-1.0296279333459757,0.5736782561006646,0.3603882434666658,169262.73662377178,0.1907992362976074,0.7972112411644059,0.3274282421754792,0.5739031758178367,0.3608592915045501
4261.833333333333,63000.0,63000.0,0.6280574558456965,-9.407915095850924e-06,-9.407915095805531e-06,0.7925007607855632,0.3299391260134168,1.0680249715501822,-1.0680247902330386,0.5744032785884438,0.3612042271570234,169449.59910463443,0.1677229404449463,0.795897954916484,0.32965184224601507,0.5757606862466276,0.36154394657011546
4262.0,63000.0,63000.0,0.6280574558456965,-9.407915095850924e-06,-9.407915095805531e-06,0.7925007607855632,0.3307096655685881,1.1115567846431975,-1.1115567846431191,0.5750736179074307,0.3619645146276865,169658.72405790578,0.1986258029937744,0.7932561612433043,0.3311288238149808,0.5761717729433704,0.36204005467346057
4320.166666666667,63000.0,63000.0,0.6268428151379261,4.675976398248092e-06,4.675976398282167e-06,0.7917340558154146,0.3167884962303305,0.8005586609903199,-0.8005923020062395,0.5628396720152994,0.3477544882517951,168310.05068036736,0.538444995880127,0.7908579497522464,0.3167654370602006,0.5631295907503376,0.3476668776454783
4320.333333333333,63000.0,63000.0,0.6268428151379261,4.675976398248092e-06,4.675976398282167e-06,0.7917340558154146,0.3184194125707529,0.8179576796949405,-0.8180078738576569,0.5642866405601701,0.3494856601999387,168296.93216003873,0.5720670223236084,0.7927239029502936,0.31849608643924243,0.5648199344237909,0.3495846449134266
4320.5,63000.0,63000.0,0.6268428151379261,4.675976398248092e-06,4.675976398282167e-06,0.7917340558154146,0.3199852022263105,0.8361716920889721,-0.8361822208966919,0.5656723453964709,0.3511064035224608,168295.35431642688,0.2772586345672607,0.7929566634756173,0.3189886575193381,0.5655951346953653,0.3512286642884811
4320.666666666667,63000.0,63000.0,0.6268428151379261,4.675976398248092e-06,4.675976398282167e-06,0.7917340558154146,0.3214515625988631,0.8528343186951685,-0.852947420854917,0.5669669855386413,0.3525534262589115,168305.69174314602,0.4310536384582519,0.7922335883185861,0.32175047476031016,0.5680007028175248,0.35260337950922865
4320.833333333333,63000.0,63000.0,0.6268428151379261,4.675976398248092e-06,4.675976398282167e-06,0.7917340558154146,0.3228366473679775,0.8704821990650249,-0.8705232551458097,0.568187158812243,0.3540103999363674,168336.4941410774,0.1943991184234619,0.7916136157461636,0.32200108601498467,0.5689051816113443,0.3539983559294423
4321.0,63000.0,63000.0,0.6268428151379261,4.675976398248092e-06,4.675976398282167e-06,0.7917340558154146,0.3241584123815393,0.8984963196390435,-0.8984918650947513,0.569349112963786,0.355329466499082,168394.5650630029,0.1740560531616211,0.7945195005694565,0.3228287442790389,0.5727597393475524,0.3556080109744862
4321.166666666667,63000.0,63000.0,0.6268428151379261,4.675976398248092e-06,4.675976398282167e-06,0.7917340558154146,0.3254220283284678,0.9398586701600924,-0.9399071270221262,0.5704577358259756,0.356616618533864,168484.57478166383,0.4445178508758545,0.7935049345651799,0.32298271673684065,0.5721077377241464,0.35679370640884056
4321.333333333333,63000.0,63000.0,0.6268428151379261,4.675976398248092e-06,4.675976398282167e-06,0.7917340558154146,0.3265712704211209,0.9764189883939096,-0.9763285377838468,0.5714641462463814,0.3577937743925306,168600.4605358958,0.3778450489044189,0.7934916967793659,0.3251531614344973,0.5732122819079118,0.3579695384889257
4321.5,63000.0,63000.0,0.6268428151379261,4.675976398248092e-06,4.675976398282167e-06,0.7917340558154146,0.3275778747443691,1.0005527413888635,-1.0005812218788783,0.5723441925587466,0.3587770523420134,168739.20327224294,0.2657144069671631,0.7918398932624662,0.3262136618706918,0.5738521210410443,0.35878763608671854
4321.666666666667,63000.0,63000.0,0.6268428151379261,4.675976398248092e-06,4.675976398282167e-06,0.7917340558154146,0.3284809020314587,1.030292877936512,-1.0297055199336205,0.5731325344411167,0.3596970706901238,168907.50938239146,0.2446024417877197,0.7933511350438605,0.3298102330012938,0.575112660790402,0.3598587786129684
4321.833333333333,63000.0,63000.0,0.6268428151379261,4.675976398248092e-06,4.675976398282167e-06,0.7917340558154146,0.3293193921803248,1.06464207637835,-1.0646420763783004,0.573863565824542,0.3605215677467873,169110.43610925938,0.3364431858062744,0.7935470492029268,0.331356788335385,0.5762517435461395,0.3607028670855385
4322.0,63000.0,63000.0,0.6268428151379261,4.675976398248092e-06,4.675976398282167e-06,0.7917340558154146,0.3300966719419693,1.112418922727441,-1.1124189227317376,0.574540400618007,0.3612925342068501,169346.42794145923,0.3168215751647949,0.795065789491396,0.3302017582191394,0.5767885184471132,0.36162570757444823
4380.166666666667,64000.0,64000.0,0.6228007874265912,-4.674191015669677e-06,-4.674191015618308e-06,0.7891772851689227,0.3147470231385285,0.7960513536919643,-0.7960504151303133,0.5610231932210906,0.3455133810529798,168337.7267595375,0.6733090877532959,0.7901552531906259,0.31648059313756266,0.5619882730462356,0.3456111778551501
4380.333333333333,64000.0,64000.0,0.6228007874265912,-4.674191015669677e-06,-4.674191015618308e-06,0.7891772851689227,0.3163696930122411,0.814090965297522,-0.8139718534596649,0.562467504164665,0.347236164604606,168377.75172383638,0.6291542053222656,0.7894587863070277,0.31441976071047706,0.5639928017781127,0.3472643147184165
4380.5,64000.0,64000.0,0.6228007874265912,-4.674191015669677e-06,-4.674191015618308e-06,0.7891772851689227,0.3179275136929693,0.8594460499600298,-0.8349434004968684,0.5638506131538111,0.3488492675087302,168429.97692878635,0.6718382835388184,0.7889628068705721,0.3197994043265039,0.565546014663376,0.34882781967889515
4380.666666666667,64000.0,64000.0,0.6228007874265912,-4.674191015669677e-06,-4.674191015618308e-06,0.7891772851689227,0.3193859562746514,0.9179122746664709,-0.850364357442632,0.5651424214821712,0.3502896225429155,168492.13583411885,0.5865545272827148,0.7914586117273967,0.3193602604963946,0.5674226398972638,0.35051775519876294
4380.833333333333,64000.0,64000.0,0.6228007874265912,-4.674191015669677e-06,-4.674191015618308e-06,0.7891772851689227,0.3207629411276682,0.9589429345154225,-0.8656711819009367,0.5663593748148438,0.3517391114214105,168571.06589408807,0.4493756294250488,0.7913056269743723,0.3214325999028574,0.5656841145414466,0.3519519456019555
4381.0,64000.0,64000.0,0.6228007874265912,-4.674191015669677e-06,-4.674191015618308e-06,0.7891772851689227,0.3220759650219002,1.0126560981091288,-0.8973339865925424,0.5675173700946923,0.353050568483123,168672.04578347417,0.8352468013763428,0.7908107645882065,0.3236530120526089,0.5671625729585384,0.3532139164250514
4381.166666666667,64000.0,64000.0,0.6228007874265912,-4.674191015669677e-06,-4.674191015618308e-06,0.7891772851689227,0.323329995308543,1.0681316571573958,-0.937503659925044,0.5686211354419728,0.354329043213798,168797.87023172082,0.7501578330993652,0.7884497240222246,0.3242903535711293,0.5700903670793381,0.35425628709912815
4381.333333333333,64000.0,64000.0,0.6228007874265912,-4.674191015669677e-06,-4.674191015618308e-06,0.7891772851689227,0.3244690072660707,1.0983046095693745,-0.9713347326583688,0.5696218110813299,0.3554964539158773,168939.79316867236,0.6002292633056641,0.7888889507229172,0.325585336538479,0.5713168455612423,0.3554676204712768
4381.5,64000.0,64000.0,0.6228007874265912,-4.674191015669677e-06,-4.674191015618308e-06,0.7891772851689227,0.3254640835665703,1.0978207596679008,-0.9994691433184236,0.5704945959184891,0.3564685379028408,169092.11958229117,0.236741304397583,0.7899221292691689,0.32651991966888505,0.5733461738204325,0.3565430223128654
4381.666666666667,64000.0,64000.0,0.6228007874265912,-4.674191015669677e-06,-4.674191015618308e-06,0.7891772851689227,0.3263545127035061,1.0821088301817068,-1.025256358065724,0.5712744639117491,0.3573750796649193,169261.5819091256,0.2302095890045166,0.790503885316773,0.3267625053082786,0.5737088612923616,0.35750773967970434
4381.833333333333,64000.0,64000.0,0.6228007874265912,-4.674191015669677e-06,-4.674191015618308e-06,0.7891772851689227,0.327180090275336,1.0660640538418822,-1.0630104589854383,0.5719965827770173,0.3581848396841665,169454.49134311738,0.4046025276184082,0.7922983577389476,0.32453809735050704,0.5742564104599276,0.35849694694116896
4382.0,64000.0,64000.0,0.6228007874265912,-4.674191015669677e-06,-4.674191015618308e-06,0.7891772851689227,0.3279440102171583,1.1083874179307347,-1.1083874179308078,0.5726639596309681,0.3589392064459488,169669.29866661667,0.2240631580352783,0.7925818506680995,0.32700411210601465,0.5729440602964707,0.35927966299586644
4440.166666666667,64000.0,64000.0,0.6160600804116225,9.179590104997937e-06,9.179590105041484e-06,0.7848949486470291,0.3113405851281619,0.7937139973988444,-0.7937139973988165,0.5579790187125356,0.3417739894750828,168343.04351001748,0.182591438293457,0.7851925540034549,0.3123910622849416,0.5591974078726155,0.3418037500107254
4440.333333333333,64000.0,64000.0,0.6160600804116225,9.179590104997937e-06,9.179590105041484e-06,0.7848949486470291,0.3129434278101054,0.81132436408542,-0.8113243640854055,0.5594134678273226,0.3434754117035052,168330.6905518514,0.1952626705169677,0.784620483540797,0.31333199960709895,0.5609660178911959,0.343447965192882
4440.5,64000.0,64000.0,0.6160600804116225,9.179590104997937e-06,9.179590105041484e-06,0.7848949486470291,0.3144821275590718,0.8310551023926384,-0.8310427788638396,0.5607870609344618,0.3450682571505918,168328.77255517404,0.2825417518615722,0.7836909388740457,0.3146256850529173,0.561710023280155,0.3449478561732935
4440.666666666667,64000.0,64000.0,0.6160600804116225,9.179590104997937e-06,9.179590105041484e-06,0.7848949486470291,0.3159229355124122,0.8443336419659839,-0.844224621426691,0.5620702230456628,0.3464900876408095,168337.53050689813,0.270214319229126,0.7827345193355686,0.3163214947892735,0.5661470499373071,0.34627404470966344
4440.833333333333,64000.0,64000.0,0.6160600804116225,9.179590104997937e-06,9.179590105041484e-06,0.7848949486470291,0.317283816971543,0.8626506952724703,-0.862650695272463,0.5632795194850614,0.3479216362251472,168365.77614256795,0.2015631198883056,0.782662994667178,0.3194885304503928,0.5671933197894897,0.3476984408271621
4441.0,64000.0,64000.0,0.6160600804116225,9.179590104997937e-06,9.179590105041484e-06,0.7848949486470291,0.318582359787139,0.8932342796569355,-0.8930746987690602,0.5644310054064694,0.3492174793236567,168420.40141735805,0.4715793132781982,0.7845842735384568,0.3195192224363054,0.5676737059411855,0.34918641181279947
4441.166666666667,64000.0,64000.0,0.6160600804116225,9.179590104997937e-06,9.179590105041484e-06,0.7848949486470291,0.3198236675711052,0.9311645899505512,-0.9311176009652424,0.5655295462037386,0.350481747570905,168506.05237873606,0.2376704216003418,0.7826021600371011,0.32134315325311463,0.5683026667882416,0.3502524687099122
4441.333333333333,64000.0,64000.0,0.6160600804116225,9.179590104997937e-06,9.179590105041484e-06,0.7848949486470291,0.320952550087175,0.9672553401463836,-0.966988203471976,0.5665267426448504,0.3516378633387815,168616.77368953187,0.3908038139343261,0.78086036695932,0.3220290854822977,0.5686275175986916,0.3512344051700106
4441.5,64000.0,64000.0,0.6160600804116225,9.179590104997937e-06,9.179590105041484e-06,0.7848949486470291,0.3219411775341535,0.9942025325667644,-0.9941779883604172,0.5673986055332827,0.3526032496697778,168749.61752022183,0.3660461902618408,0.7800658190366696,0.3226836276368129,0.5688897420045415,0.3521203367087418
4441.666666666667,64000.0,64000.0,0.6160600804116225,9.179590104997937e-06,9.179590105041484e-06,0.7848949486470291,0.3228281368180463,1.0190867866797426,-1.0187188142256356,0.5681796694988369,0.3535065111213379,168911.68756895442,0.2942588329315185,0.7831729763612346,0.3248493168410146,0.5702153682511618,0.35333431389275843
4441.833333333333,64000.0,64000.0,0.6160600804116225,9.179590104997937e-06,9.179590105041484e-06,0.7848949486470291,0.3236519823306077,1.0581407751552532,-1.058948116312659,0.5689041943399318,0.3543161464921496,169108.48183889143,0.2389917373657226,0.7837814781967792,0.3261198245248329,0.5703690575976477,0.35420479944712463
4442.0,64000.0,64000.0,0.6160600804116225,9.179590104997937e-06,9.179590105041484e-06,0.7848949486470291,0.3244159895861732,1.099909504054995,-1.099579590275504,0.5695752712223706,0.355073314849865,169338.6110557297,0.2199606895446777,0.7804992358364989,0.32729792618553216,0.5701731233547833,0.35463374356881194
4500.166666666667,65000.0,65000.0,0.6157493722577275,-3.280669862719727e-08,-3.280669857072346e-08,0.7846969939140378,0.3111820507674252,0.7938001990236815,-0.7938011017522203,0.5578369393690618,0.3415999904619294,168304.77933147454,0.4965071678161621,0.78216467851184,0.3141952869798351,0.5586469257821103,0.3413467589217096
4500.333333333333,65000.0,65000.0,0.6157493722577275,-3.280669862719727e-08,-3.280669857072346e-08,0.7846969939140378,0.3127863484454388,0.8111547176787177,-0.8112776098908248,0.5592730537370733,0.3433032159946854,168343.59155959912,0.4189684391021728,0.7799960819943128,0.316332275399977,0.5614267981048457,0.3428331248027129
4500.5,65000.0,65000.0,0.6157493722577275,-3.280669862719727e-08,-3.280669857072346e-08,0.7846969939140378,0.3143266676633123,0.8296869711987697,-0.8306582847794749,0.5606484351944281,0.3448980496715731,168395.69461144065,0.1746189594268798,0.7813785999441624,0.3157165835694256,0.5633515205082074,0.34456621027458556
4500.666666666667,65000.0,65000.0,0.6157493722577275,-3.280669862719727e-08,-3.280669857072346e-08,0.7846969939140378,0.315768910233454,0.8446406548355084,-0.8977677494735883,0.5619331904071148,0.3463223726895708,168458.97681919823,0.6143097877502441,0.7832175637007325,0.31716492808855185,0.5614159060240873,0.34617442966824025
4500.833333333333,65000.0,65000.0,0.6157493722577275,-3.280669862719727e-08,-3.280669857072346e-08,0.7846969939140378,0.3171306718378304,0.8630222676066436,-0.948319877189655,0.5631435626158313,0.3477557936158409,168540.03043690484,0.3338334560394287,0.7832455213014201,0.31936202619567194,0.5633572861761755,0.34761064635457917
4501.0,65000.0,65000.0,0.6157493722577275,-3.280669862719727e-08,-3.280669857072346e-08,0.7846969939140378,0.3184293126387972,0.89155056499135,-1.0136937757933384,0.5642954128320626,0.3490529231620493,168644.05944671424,0.2672135829925537,0.7818830147945618,0.3190714121230363,0.5643778773831497,0.3487715252501017
4501.166666666667,65000.0,65000.0,0.6157493722577275,-3.280669862719727e-08,-3.280669857072346e-08,0.7846969939140378,0.3196697235135156,0.9306710281478728,-1.083243980597599,0.5653934239500418,0.3503176619806438,168773.89863442094,0.2015457153320312,0.7827822679771533,0.32050285906002435,0.5667587297551339,0.35012618938695533
4501.333333333333,65000.0,65000.0,0.6157493722577275,-3.280669862719727e-08,-3.280669857072346e-08,0.7846969939140378,0.3207964486488726,0.9678039078174387,-1.1278071927460445,0.5663889555896641,0.3514726572469436,168920.71847536002,0.6574063301086426,0.7832088307321261,0.319514920520842,0.5676139702169736,0.3513238409287524
4501.5,65000.0,65000.0,0.6157493722577275,-3.280669862719727e-08,-3.280669857072346e-08,0.7846969939140378,0.3217809567841871,0.9918139353486242,-1.1405561742425208,0.5672573993931098,0.3524347449741823,169078.7762639395,0.4974062442779541,0.7828464996768453,0.3191306571966078,0.5693346257882838,0.35224969555046304
4501.666666666667,65000.0,65000.0,0.6157493722577275,-3.280669862719727e-08,-3.280669857072346e-08,0.7846969939140378,0.3226618912416553,1.020391932152996,-1.13738225985389,0.5680333543352526,0.3533320091556634,169254.41072207905,0.5450408458709717,0.7831822193636947,0.32223198188495406,0.5699518996716536,0.3531805317006291
4501.833333333333,65000.0,65000.0,0.6157493722577275,-3.280669862719727e-08,-3.280669857072346e-08,0.7846969939140378,0.3234784041756344,1.0563743391611298,-1.134768192900527,0.5687516194209433,0.3541333534163881,169453.4857026147,0.5929386615753174,0.7822051393586379,0.32198305950204564,0.5692451279686146,0.3538841679608481
4502.0,65000.0,65000.0,0.6157493722577275,-3.280669862719727e-08,-3.280669857072346e-08,0.7846969939140378,0.3242336483653665,1.1020512661568496,-1.1312888648806791,0.5694151813906482,0.3548798087663341,169674.28718098835,0.6518275737762451,0.7844474896895769,0.3247836644550107,0.5705040549182903,0.354854858343888
4560.166666666667,66000.0,66000.0,0.6081248797870453,-9.098499101093292e-06,-9.09849910103422e-06,0.7798236209470993,0.3073316872718054,0.787468484975588,-0.7874684849756259,0.5543750422753934,0.3373731686151154,168375.6635914736,0.684333086013794,0.781121026768349,0.3072424153928569,0.5543337544402364,0.33750290919724035
4560.333333333333,66000.0,66000.0,0.6081248797870453,-9.098499101093292e-06,-9.09849910103422e-06,0.7798236209470993,0.3089139036990502,0.8044285082133641,-0.8044285082133772,0.5558002374130363,0.3390527498661692,168364.96111160575,0.774559736251831,0.780174108508865,0.3081828145061764,0.5540547208831462,0.3390877986223457
4560.5,66000.0,66000.0,0.6081248797870453,-9.098499101093292e-06,-9.09849910103422e-06,0.7798236209470993,0.310432669692296,0.8243093603566188,-0.8243093601189594,0.5571648498229984,0.340625107570343,168363.6274245537,0.9039247035980223,0.7800061293269619,0.3102161325351353,0.5592079724961483,0.3406433584083292
4560.666666666667,66000.0,66000.0,0.6081248797870453,-9.098499101093292e-06,-9.09849910103422e-06,0.7798236209470993,0.3118546287150066,0.8403890716350987,-0.8403890669164187,0.5584394585534495,0.3420283787570995,168371.72837705354,0.662224292755127,0.7787675968332913,0.3112571453914081,0.5607754301451724,0.3419227763457187
4560.833333333333,66000.0,66000.0,0.6081248797870453,-9.098499101093292e-06,-9.09849910103422e-06,0.7798236209470993,0.3131976319061043,0.8564144629430918,-0.8564144629430922,0.5596406275792866,0.3434411710273313,168398.30185499447,0.2152450084686279,0.7785746154518081,0.31204528954293126,0.5599440134525453,0.34331627047780217
4561.0,66000.0,66000.0,0.6081248797870453,-9.098499101093292e-06,-9.09849910103422e-06,0.7798236209470993,0.3144789779966025,0.8859318381433418,-0.8859318381433309,0.5607842527239486,0.3447198248250718,168450.29999406956,0.8883728981018066,0.7772887574988812,0.3130922855246014,0.5611849819120219,0.34446633848025
4561.166666666667,66000.0,66000.0,0.6081248797870453,-9.098499101093292e-06,-9.09849910103422e-06,0.7798236209470993,0.3157037230697606,0.9263585277142888,-0.9263585277142684,0.5618751846767502,0.34596708797999,168532.31328585892,0.1926252841949463,0.7763816036253262,0.3177523347385138,0.562750831925676,0.3456228862478127
4561.333333333333,66000.0,66000.0,0.6081248797870453,-9.098499101093292e-06,-9.09849910103422e-06,0.7798236209470993,0.3168174498934207,0.9607902693648392,-0.961044773230264,0.5628653924019796,0.3471075156125596,168638.44536636333,0.3521914482116699,0.7781343757955305,0.32014183264186685,0.5637134148888592,0.3469385910974027
4561.5,66000.0,66000.0,0.6081248797870453,-9.098499101093292e-06,-9.09849910103422e-06,0.7798236209470993,0.3177926231548201,0.9870089422750632,-0.9870555705004208,0.5637309847819132,0.3480594462190446,168765.7722405295,0.2127201557159423,0.7765376411293453,0.3177732467842853,0.5648479879010181,0.3477308482372692
4561.666666666667,66000.0,66000.0,0.6081248797870453,-9.098499101093292e-06,-9.09849910103422e-06,0.7798236209470993,0.3186675312414739,1.0138050234927944,-1.014156983511301,0.5645064492739381,0.3489500522137108,168921.7851833623,0.6196131706237793,0.7769316030615238,0.3207885655424812,0.5670027988159296,0.3486608504251532
4561.833333333333,66000.0,66000.0,0.6081248797870453,-9.098499101093292e-06,-9.09849910103422e-06,0.7798236209470993,0.319480427638417,1.0494606088229212,-1.0495992714912432,0.5652259969770208,0.3497484493782692,169112.43307049453,0.4327540397644043,0.7779990511000837,0.32106821523286655,0.5659019281390628,0.34956599239356767
4562.0,66000.0,66000.0,0.6081248797870453,-9.098499101093292e-06,-9.09849910103422e-06,0.7798236209470993,0.3202345495794581,1.0957030638866752,-1.0961204914675058,0.5658927014815935,0.3504951559694566,169336.48877072072,0.1844344139099121,0.7808531914843315,0.3240167739162891,0.5701007578155484,0.3505981130231798
4620.166666666667,66000.0,66000.0,0.6069738823349133,4.4773936010018775e-06,4.477393601064505e-06,0.7790852856619186,0.3067458527572225,0.7872591729514608,-0.7872588850153066,0.5538464163281679,0.336730209774242,168272.76445705563,0.4527385234832763,0.7815703641707662,0.307310455866347,0.5558103231610564,0.33697871762512677
4620.333333333333,66000.0,66000.0,0.6069738823349133,4.4773936010018775e-06,4.477393601064505e-06,0.7790852856619186,0.3083272482992678,0.8048279012518724,-0.8048276743695381,0.5552722291386605,0.3384090654616231,168309.50347187376,0.5144336223602295,0.7810567598431869,0.3095880959677634,0.5573386503077189,0.3386062128797499
4620.5,66000.0,66000.0,0.6069738823349133,4.4773936010018775e-06,4.477393601064505e-06,0.7790852856619186,0.309845708376003,0.8248543129626373,-0.8248543129625711,0.5566378612345233,0.339981117790818,168360.56601874658,0.5647523403167725,0.7806655270511569,0.3090619716064256,0.557915058403249,0.3401391419297419
4620.666666666667,66000.0,66000.0,0.6069738823349133,4.4773936010018775e-06,4.477393601064505e-06,0.7790852856619186,0.3112676657806439,0.8689029965340787,-0.8387916726574733,0.5579136725249041,0.3413853574801669,168424.0340283251,0.1823413372039795,0.7780754284343634,0.3119700325113942,0.5614655204558244,0.3412843717574114
4620.833333333333,66000.0,66000.0,0.6069738823349133,4.4773936010018775e-06,4.477393601064505e-06,0.7790852856619186,0.3126103524452257,0.9283493013822776,-0.8555253559958229,0.5591156881050535,0.3427986416878346,168506.2943846348,0.2051756381988525,0.7786698157720272,0.3137921826185939,0.5622442061589263,0.34275709469884547
4621.0,66000.0,66000.0,0.6069738823349133,4.4773936010018775e-06,4.477393601064505e-06,0.7790852856619186,0.3138909448893203,1.0045810669868716,-0.8864507741629226,0.5602597122383195,0.3440777614787578,168612.50573880633,0.2660470008850097,0.7794796395155881,0.31403593478140907,0.5635363243166823,0.34411719686412473
4621.166666666667,66000.0,66000.0,0.6069738823349133,4.4773936010018775e-06,4.477393601064505e-06,0.7790852856619186,0.3151142480382258,1.0873304166471678,-0.9249690628353116,0.5613503792959326,0.3453251793477631,168745.57338986386,0.2665481567382812,0.7794916293295505,0.31194338522904647,0.5635211246194076,0.3453658137145263
4621.333333333333,66000.0,66000.0,0.6069738823349133,4.4773936010018775e-06,4.477393601064505e-06,0.7790852856619186,0.3162255374163459,1.145654225896976,-0.9588436412880712,0.5623393439440431,0.3464645068775133,168896.6339519293,0.2352645397186279,0.780227512814771,0.314448530388954,0.5638746860930188,0.3465787295927985
4621.5,66000.0,66000.0,0.6069738823349133,4.4773936010018775e-06,4.477393601064505e-06,0.7790852856619186,0.3171967577186899,1.1713393252719686,-0.9869835007722526,0.5632022354987368,0.3474139172471812,169059.94497640835,0.1969096660614013,0.7814783955834144,0.3154706771813946,0.5661595809099793,0.34765322823933076
4621.666666666667,66000.0,66000.0,0.6069738823349133,4.4773936010018775e-06,4.477393601064505e-06,0.7790852856619186,0.3180658044606674,1.180574829541788,-1.0104304436220477,0.5639732305977626,0.3482994508540496,169241.46782613714,0.4309842586517334,0.7800200591083425,0.31871596070315494,0.565489672215232,0.348392928198692
4621.833333333333,66000.0,66000.0,0.6069738823349133,4.4773936010018775e-06,4.477393601064505e-06,0.7790852856619186,0.3188710729553828,1.191245861187617,-1.050182354326303,0.5646867037136837,0.3490902421952208,169446.6166345957,0.1818358898162841,0.7816078368033835,0.3213196905713573,0.5664777134281908,0.3493424973093673
4622.0,66000.0,66000.0,0.6069738823349133,4.4773936010018775e-06,4.477393601064505e-06,0.7790852856619186,0.3196156682004309,1.2026331868435955,-1.0928214874829918,0.5653456187277526,0.3498268479275728,169673.51955156494,0.2047011852264404,0.7805664714415118,0.3198670035332617,0.5661939824633191,0.3499749665055321
4680.166666666667,67000.0,67000.0,0.603037272255957,-4.535426744811357e-06,-4.535426744754462e-06,0.7765547451763829,0.3047618064318767,0.7860301861684056,-0.7856520287788556,0.5520523586468774,0.3345520308965665,168406.79819009505,0.7721021175384521,0.7786301432524324,0.30657518901200054,0.5534101346785489,0.33475957070417145
4680.333333333333,67000.0,67000.0,0.603037272255957,-4.535426744811357e-06,-4.535426744754462e-06,0.7765547451763829,0.3063308422849412,0.8032758953193357,-0.8029296846539138,0.5534716275715591,0.3362176768298454,168398.57477938343,0.6336629390716553,0.7776212479727703,0.3061421427497119,0.5525571850972238,0.3363243271094841
4680.5,67000.0,67000.0,0.603037272255957,-4.535426744811357e-06,-4.535426744754462e-06,0.7765547451763829,0.3078368315462268,0.821738607827439,-0.8217386080443614,0.5548304531711875,0.3377769546559098,168398.7299075482,0.4023189544677734,0.7785456155906981,0.3061494315978232,0.5549255299279917,0.3379760416973413
4680.666666666667,67000.0,67000.0,0.603037272255957,-4.535426744811357e-06,-4.535426744754462e-06,0.7765547451763829,0.3092466496861618,0.8356560850598895,-0.8349875174188072,0.5560994963800382,0.3391683024407234,168407.11873016652,0.6082947254180908,0.7792249520583279,0.3091487181917735,0.5570990946588396,0.3394353231289179
4680.833333333333,67000.0,67000.0,0.603037272255957,-4.535426744811357e-06,-4.535426744754462e-06,0.7765547451763829,0.3105781057775966,0.8540543646548509,-0.8540543646550915,0.5572953489329844,0.3405690119853249,168432.9616897349,0.5092329978942871,0.7812895648720759,0.3103403429346337,0.5584350089309701,0.3410424939548942
4681.0,67000.0,67000.0,0.603037272255957,-4.535426744811357e-06,-4.535426744754462e-06,0.7765547451763829,0.3118482897138122,0.8830359701433308,-0.8830359701434144,0.5584337828720312,0.3418365195124169,168483.24083219684,0.4671399593353271,0.7790980394146946,0.3127693683767749,0.5604275385414006,0.3420908489362481
4681.166666666667,67000.0,67000.0,0.603037272255957,-4.535426744811357e-06,-4.535426744754462e-06,0.7765547451763829,0.313062229370311,0.919887494598058,-0.919888194702052,0.559519641734948,0.3430726701564769,168562.46165951414,0.6550378799438477,0.7758428663202369,0.3137780267725066,0.5614987699949303,0.3430014822708623
4681.333333333333,67000.0,67000.0,0.603037272255957,-4.535426744811357e-06,-4.535426744754462e-06,0.7765547451763829,0.3141660179100088,0.9575903921534284,-0.9575952638004376,0.5605051453917841,0.3442027780988075,168664.73631506533,0.5734350681304932,0.7761281954933795,0.31618294359581633,0.5631409751996355,0.34416012313050715
4681.5,67000.0,67000.0,0.603037272255957,-4.535426744811357e-06,-4.535426744754462e-06,0.7765547451763829,0.3151322766380148,0.982632282736976,-0.982580720404738,0.5613664371094105,0.3451457113540245,168787.11643501226,0.6451473236083984,0.7771663222524002,0.3164382202514332,0.5634811662219107,0.34520686906162623
4681.666666666667,67000.0,67000.0,0.603037272255957,-4.535426744811357e-06,-4.535426744754462e-06,0.7765547451763829,0.3159991666931493,1.0093039307294156,-1.0093844865208277,0.5621380317554591,0.3460277875998334,168937.45790069818,0.6304199695587158,0.7769606287074204,0.31699395662936275,0.5630262227051517,0.34606837595293716
4681.833333333333,67000.0,67000.0,0.603037272255957,-4.535426744811357e-06,-4.535426744754462e-06,0.7765547451763829,0.316804820914496,1.0463875096408968,-1.0462432689515755,0.5628541737913673,0.3468185915875693,169122.15517073797,0.513669490814209,0.7769826303622676,0.3180842601004187,0.5646846499077224,0.34686138010615775
4682.0,67000.0,67000.0,0.603037272255957,-4.535426744811357e-06,-4.535426744754462e-06,0.7765547451763829,0.3175524512128181,1.0897728137305194,-1.0902668906922612,0.5635179245056268,0.347558193879694,169340.1336250571,0.6098895072937012,0.7782968917950708,0.31911434791797444,0.5656787543114846,0.3477324085415628
4740.166666666667,67000.0,67000.0,0.596558820521606,8.820068397816521e-06,8.820068397874367e-06,0.7723722033589803,0.3014811878605405,0.7806951221258419,-0.7806954345152083,0.5490730260636472,0.3309509751769799,168242.77428655542,0.4627130031585693,0.7742760523529433,0.3014878835701274,0.5515088040672681,0.33114136007637623
4740.333333333333,67000.0,67000.0,0.596558820521606,8.820068397816521e-06,8.820068397874367e-06,0.7723722033589803,0.3030353747277707,0.7976101760092307,-0.7976115508004815,0.550486489248763,0.3326008888550251,168276.6503123283,0.1957762241363525,0.773715981361184,0.30113466888369084,0.5520915708132315,0.33273526665524544
4740.5,67000.0,67000.0,0.596558820521606,8.820068397816521e-06,8.820068397874367e-06,0.7723722033589803,0.3045278272720262,0.8154267860029121,-0.8154267860029936,0.5518404003131937,0.3341458707884129,168325.78947102383,0.3692734241485595,0.7716206271597253,0.3035991848751467,0.5517440994034015,0.3340707131684874
4740.666666666667,67000.0,67000.0,0.596558820521606,8.820068397816521e-06,8.820068397874367e-06,0.7723722033589803,0.3059256027183202,0.8321809631677353,-0.8321809631678103,0.5531054175197611,0.3355261647222707,168388.49942095645,0.4485056400299072,0.7709583925497584,0.3067825366871422,0.553954944041433,0.3353847836413485
4740.833333333333,67000.0,67000.0,0.596558820521606,8.820068397816521e-06,8.820068397874367e-06,0.7723722033589803,0.3072455370153526,0.8489392765297106,-0.8994092735870526,0.5542973364687415,0.3369154299715631,168471.00851918204,0.2625625133514404,0.7702775985508531,0.3073989113327402,0.5554541982312082,0.3367059694907504
4741.0,67000.0,67000.0,0.596558820521606,8.820068397816521e-06,8.820068397874367e-06,0.7723722033589803,0.3085045755871028,0.8764115191510664,-0.9855660809327916,0.5554318822470831,0.3381730174702513,168578.4609984734,0.2782878875732422,0.77229720109101,0.3070217059537646,0.55633058083629,0.3381655172434543
4741.166666666667,67000.0,67000.0,0.596558820521606,8.820068397816521e-06,8.820068397874367e-06,0.7723722033589803,0.3097074291192718,0.9171645421549598,-1.0804798038548602,0.5565136380886109,0.339399674596497,168713.86072567754,0.6139435768127441,0.7734277265605517,0.30611263308279396,0.5575453943176261,0.33950522691665413
4741.333333333333,67000.0,67000.0,0.596558820521606,8.820068397816521e-06,8.820068397874367e-06,0.7723722033589803,0.3108002615202954,0.9522478638016956,-1.151764865749957,0.55749462940306,0.3405202073768224,168868.36120088227,0.2196211814880371,0.7711896078750763,0.30850480423770354,0.5590818051219084,0.340401947828432
4741.5,67000.0,67000.0,0.596558820521606,8.820068397816521e-06,8.820068397874367e-06,0.7723722033589803,0.3117555760200213,0.9766401013179474,-1.189926062106512,0.5583507646068839,0.3414543464597372,169036.2681748532,0.1969568729400634,0.771959445283777,0.31213471662760933,0.5620659398489949,0.3414130706522169
4741.666666666667,67000.0,67000.0,0.596558820521606,8.820068397816521e-06,8.820068397874367e-06,0.7723722033589803,0.3126104312086457,1.004473146571884,-1.2112837260186924,0.5591157586291691,0.3423257718237757,169223.1948619765,0.1942176818847656,0.7733065686748821,0.31333976963934496,0.5628845967364227,0.3424192083553659
4741.833333333333,67000.0,67000.0,0.596558820521606,8.820068397816521e-06,8.820068397874367e-06,0.7723722033589803,0.3134023662176274,1.0381408640328669,-1.2349244887447264,0.5598235137826221,0.3431039413732057,169434.11861726607,0.5924501419067383,0.7743996827302648,0.3129816733679586,0.5615673119819726,0.34330668931033415
4742.0,67000.0,67000.0,0.596558820521606,8.820068397816521e-06,8.820068397874367e-06,0.7723722033589803,0.3141344320991591,1.0853159295920245,-1.2608310973177883,0.5604769687395503,0.3438288215158353,169667.02212095037,0.1956875324249267,0.773774809357404,0.3144921467955491,0.5638317662158521,0.34396908211567767
4800.166666666667,68000.0,68000.0,0.5962197467495648,-6.102535325812134e-08,-6.102535320220777e-08,0.7721526706225685,0.3013175363157145,0.7794155245927452,-0.7794155245926908,0.5489239807088068,0.3307710377649071,168435.3852709218,0.2278902530670166,0.7727707218931981,0.3020027719953633,0.5533206076319949,0.33083284289197007
4800.333333333333,68000.0,68000.0,0.5962197467495648,-6.102535325812134e-08,-6.102535320220777e-08,0.7721526706225685,0.3028689243460083,0.7969100922476383,-0.7969100922475632,0.5503352838198255,0.3324180059705158,168430.38493339816,0.2017872333526611,0.7726753048233269,0.3054650160252895,0.5528232100783792,0.33247026939059166
4800.5,68000.0,68000.0,0.5962197467495648,-6.102535325812134e-08,-6.102535320220777e-08,0.7721526706225685,0.3043578628054542,0.8172019701551752,-0.8176477215138338,0.5516863810690297,0.3339597721488367,168432.88256899506,0.2674925327301025,0.7733104753309139,0.3054198153593059,0.5544549055921698,0.33407555261967126
4800.666666666667,68000.0,68000.0,0.5962197467495648,-6.102535325812134e-08,-6.102535320220777e-08,0.7721526706225685,0.3057515517358352,0.8318561690588361,-0.8324516209781265,0.552948055386881,0.3353352740654279,168442.4942849204,0.1829605102539062,0.77179196944902,0.30731252063815023,0.5569407573409573,0.33529920394807305
4800.833333333333,68000.0,68000.0,0.5962197467495648,-6.102535325812134e-08,-6.102535320220777e-08,0.7721526706225685,0.3070676924387314,0.846893194861662,-0.8477925064120818,0.5541368897995961,0.3367199474828676,168468.57326784142,0.3329036235809326,0.7722635461219146,0.30807186689282073,0.5557323707611804,0.3367310350328022
4801.0,68000.0,68000.0,0.5962197467495648,-6.102535325812134e-08,-6.102535320220777e-08,0.7721526706225685,0.3083231183349838,0.8782533726405638,-0.8791246619810332,0.5552685102787156,0.3379727411353855,168518.1001880829,0.2868239879608154,0.775132415415025,0.30805321047019824,0.5576801726777878,0.3382707156146311
4801.166666666667,68000.0,68000.0,0.5962197467495648,-6.102535325812134e-08,-6.102535320220777e-08,0.7721526706225685,0.3095228099956618,0.917175306551804,-0.9171746923279503,0.5563477421051067,0.3391943057229513,168595.4690278755,0.1939570903778076,0.7726266152642273,0.3096992900344927,0.5595710023825253,0.33924170018711713
4801.333333333333,68000.0,68000.0,0.5962197467495648,-6.102535325812134e-08,-6.102535320220777e-08,0.7721526706225685,0.3106135162792305,0.9497609149682232,-0.949842659479856,0.5573271179592936,0.3403109048181879,168694.74968282145,0.5267813205718994,0.7725251396599736,0.31061833713865256,0.5605720922652002,0.3403481517219284
4801.5,68000.0,68000.0,0.5962197467495648,-6.102535325812134e-08,-6.102535320220777e-08,0.7721526706225685,0.3115680874044895,0.978097452319726,-0.978093494469708,0.5581828441555449,0.3412421702654986,168812.92205019188,0.1696517467498779,0.7723977657489643,0.3094266751933495,0.5586549770936274,0.3412666797781382
4801.666666666667,68000.0,68000.0,0.5962197467495648,-6.102535325812134e-08,-6.102535320220777e-08,0.7721526706225685,0.3124244337410262,1.0027121488216175,-1.0026461152914832,0.5589494018430006,0.342113178322579,168958.17119438748,0.2379064559936523,0.7735009647618785,0.3108091248578044,0.5585382949234423,0.34224800773651
4801.833333333333,68000.0,68000.0,0.5962197467495648,-6.102535325812134e-08,-6.102535320220777e-08,0.7721526706225685,0.3132204526966693,1.0404508148854907,-1.0404285957962642,0.5596610159385985,0.3428940598168757,169137.31664549804,0.93593430519104,0.7736845551019023,0.3122279060355756,0.5607678809546576,0.3430472482648091
4802.0,68000.0,68000.0,0.5962197467495648,-6.102535325812134e-08,-6.102535320220777e-08,0.7721526706225685,0.3139593194576561,1.0844990968441524,-1.0841002296869182,0.5603207291414127,0.3436243294855552,169349.4214492209,0.3933825492858886,0.7720028915908347,0.3136520597527358,0.5606184384057507,0.3436093515823818
4860.166666666667,69000.0,69000.0,0.588830935147439,-8.79918102731818e-06,-8.799181027264791e-06,0.7673532010407196,0.2975746906996096,0.7761684907318037,-0.7761684907318468,0.5455040703440146,0.3266626632139232,168215.83192510784,0.3380639553070068,0.7677422985279002,0.2990406536545032,0.5453181206340115,0.32670157296264124
4860.333333333333,69000.0,69000.0,0.588830935147439,-8.79918102731818e-06,-8.799181027264791e-06,0.7673532010407196,0.2991086388034066,0.7933376556231582,-0.7933376556231471,0.5469082545447899,0.3282910357647171,168246.1528341415,0.6588358879089355,0.7685137339682403,0.2998781680608082,0.5470503631964282,0.3284070890574691
4860.5,69000.0,69000.0,0.588830935147439,-8.79918102731818e-06,-8.799181027264791e-06,0.7673532010407196,0.3005817602700981,0.812380852630563,-0.8123808526304599,0.548253372430275,0.3298158690761581,168292.551308202,0.6864330768585205,0.7684578177459747,0.30349132329757567,0.5479929844380678,0.32992633074668365
4860.666666666667,69000.0,69000.0,0.588830935147439,-8.79918102731818e-06,-8.799181027264791e-06,0.7673532010407196,0.3019615894095525,0.8248306401776789,-0.8248306401776049,0.549510317960554,0.3311783635172921,168353.58516775974,0.5598742961883545,0.7681566801279811,0.302503900250879,0.5475870149206624,0.3312587114260182
4860.833333333333,69000.0,69000.0,0.588830935147439,-8.79918102731818e-06,-8.799181027264791e-06,0.7673532010407196,0.3032646590542787,0.8651232577621588,-0.8436372703587358,0.5506947060013515,0.3325497981663045,168435.37650390042,0.6031508445739746,0.7673607980081194,0.3060965979085485,0.5482296451664354,0.33255055786304444
4861.0,69000.0,69000.0,0.588830935147439,-8.79918102731818e-06,-8.799181027264791e-06,0.7673532010407196,0.3045077567331894,0.9605017946507834,-0.8730062621143622,0.5518222149613261,0.3337914398574652,168543.08654012502,0.5832014083862305,0.7680570108272616,0.306673289785236,0.5494398272036262,0.33386182083611937
4861.166666666667,69000.0,69000.0,0.588830935147439,-8.79918102731818e-06,-8.799181027264791e-06,0.7673532010407196,0.3056955249907575,1.0667865637825331,-0.9097944603576964,0.5528973912147094,0.3350027730540683,168679.84240880876,0.5040483474731445,0.7670510155199759,0.3056328797020296,0.550604867121969,0.3349725545019939
4861.333333333333,69000.0,69000.0,0.588830935147439,-8.79918102731818e-06,-8.799181027264791e-06,0.7673532010407196,0.30677478412425,1.150379446432078,-0.9457555054444042,0.5538725344142184,0.3361094860520166,168836.86467004078,0.628410816192627,0.7680417322911577,0.30611288377148427,0.552697877127926,0.3361783391770604
4861.5,69000.0,69000.0,0.588830935147439,-8.79918102731818e-06,-8.799181027264791e-06,0.7673532010407196,0.3077184759684521,1.2005835482032088,-0.9716562626635972,0.5547237837419452,0.3370324995901456,169008.55357519016,0.6738278865814209,0.7648870956136761,0.3076174527118339,0.5549101511643078,0.3367858890474412
4861.666666666667,69000.0,69000.0,0.588830935147439,-8.79918102731818e-06,-8.799181027264791e-06,0.7673532010407196,0.308563008004346,1.233743530399237,-0.9965141410534673,0.5554844807098309,0.3378937195343133,169200.21526514416,0.5782854557037354,0.7672043084083452,0.3080935758588344,0.555589458137766,0.33787883027107585
4861.833333333333,69000.0,69000.0,0.588830935147439,-8.79918102731818e-06,-8.799181027264791e-06,0.7673532010407196,0.3093452430341553,1.2700067427018151,-1.0343180026500187,0.5561881366661252,0.3386628052514922,169416.41813579618,0.5577840805053711,0.7679709796070905,0.3101647775440028,0.5556694925590522,0.3387245831081293
4862.0,69000.0,69000.0,0.588830935147439,-8.79918102731818e-06,-8.799181027264791e-06,0.7673532010407196,0.3100681940565667,1.3100474524746162,-1.0756638484428251,0.5568376733082611,0.3393793033407219,169655.01670398767,0.2116212844848632,0.7687637025566012,0.3108638019512742,0.5582347570121168,0.3395203534923101
4920.166666666667,69000.0,69000.0,0.5877402409741022,4.287416653012275e-06,4.287416653073119e-06,0.7666421857516726,0.2970331658775465,0.7753876898601919,-0.7753876898602629,0.5450074918566218,0.3260678318021795,168460.44972082865,0.2905683517456054,0.7672667489598758,0.29742186706520773,0.5459289884619561,0.3261302881229998
4920.333333333333,69000.0,69000.0,0.5877402409741022,4.287416653012275e-06,4.287416653073119e-06,0.7666421857516726,0.2985626105935448,0.7922878157299915,-0.7922878157300606,0.5464088312696216,0.3276915597799961,168459.30650022227,0.2972860336303711,0.7671581948708048,0.29912421405527556,0.5461753421742576,0.3277431606919093
4920.5,69000.0,69000.0,0.5877402409741022,4.287416653012275e-06,4.287416653073119e-06,0.7666421857516726,0.3000303933732499,0.8105436944360962,-0.8101511832598971,0.5477503022845962,0.3292115518417157,168464.92040269772,0.200211763381958,0.7660587172913809,0.29758289610282185,0.5475823604483597,0.3291532049956865
4920.666666666667,69000.0,69000.0,0.5877402409741022,4.287416653012275e-06,4.287416653073119e-06,0.7666421857516726,0.301404129879736,0.8255521673254643,-0.8255521676748022,0.5490028507482918,0.3305674448359864,168476.64828865274,0.6807477474212646,0.7653923098765473,0.2987315527744135,0.5484760419734782,0.3304424572484738
4920.833333333333,69000.0,69000.0,0.5877402409741022,4.287416653012275e-06,4.287416653073119e-06,0.7666421857516726,0.3027013464323019,0.8438780449264384,-0.8430600305308505,0.5501830119714125,0.3319322929393318,168503.92175945567,0.2042531967163086,0.7661912235226197,0.3010316500268962,0.5500793727517312,0.3318871967164265
4921.0,69000.0,69000.0,0.5877402409741022,4.287416653012275e-06,4.287416653073119e-06,0.7666421857516726,0.3039385769294541,0.8713047145809336,-0.8705447428586157,0.5513062462317233,0.3331669620528339,168553.68887514304,0.2052948474884033,0.7647405922409307,0.3048811192241648,0.5508127984232865,0.3329768027017597
4921.166666666667,69000.0,69000.0,0.5877402409741022,4.287416653012275e-06,4.287416653073119e-06,0.7666421857516726,0.3051207358562994,0.9108899780113008,-0.909713641689644,0.552377349317688,0.3343706300034174,168630.20937880795,0.4827542304992676,0.7644329942607815,0.3070438317718291,0.5515653233306507,0.33414971085432826
4921.333333333333,69000.0,69000.0,0.5877402409741022,4.287416653012275e-06,4.287416653073119e-06,0.7666421857516726,0.3061953653285557,0.9462115542076353,-0.9454983734749636,0.5533492256217597,0.3354706879801244,168727.46160912802,0.1989624500274658,0.7638472986422787,0.3102525254861948,0.5528416985796657,0.335191199269185
4921.5,69000.0,69000.0,0.5877402409741022,4.287416653012275e-06,4.287416653073119e-06,0.7666421857516726,0.3071356173474046,0.9699352984402148,-0.9683276185058738,0.554198175281078,0.3363877633368127,168842.30880579422,0.486992597579956,0.7676069567535055,0.3091101963916256,0.5536243552556801,0.336484240436996
4921.666666666667,69000.0,69000.0,0.5877402409741022,4.287416653012275e-06,4.287416653073119e-06,0.7666421857516726,0.3079790250355825,0.9976413477124624,-0.9970378189098684,0.554958579666322,0.3372453112904897,168983.21855520798,1.1285359859466553,0.7647667314248668,0.3082842285405603,0.5538452511995686,0.3370577658578091
4921.833333333333,69000.0,69000.0,0.5877402409741022,4.287416653012275e-06,4.287416653073119e-06,0.7666421857516726,0.3087631316916299,1.0315066272634634,-1.0315337149859964,0.5556645856857214,0.3380140741149798,169157.40042734504,0.1947517395019531,0.7669993291186984,0.3100924276958587,0.5543279645030664,0.3380497884516824
4922.0,69000.0,69000.0,0.5877402409741022,4.287416653012275e-06,4.287416653073119e-06,0.7666421857516726,0.3094910648286171,1.0772780572245009,-1.076983130532588,0.5563192113372952,0.3387329112746423,169364.03557881902,0.2004420757293701,0.7667581703917078,0.30893223498561184,0.5547628601093884,0.3387445097386458
4980.166666666667,70000.0,70000.0,0.5839067839582792,-4.400477576468248e-06,-4.400477576414478e-06,0.7641379351650324,0.2950852822958915,0.7711412853015821,-0.7711412853015277,0.543217527639743,0.3239299537172264,168192.85652371417,0.6902790069580078,0.7639251728936256,0.294915165109789,0.5419963105596487,0.32390867749008573
4980.333333333333,70000.0,70000.0,0.5839067839582792,-4.400477576468248e-06,-4.400477576414478e-06,0.7641379351650324,0.2966062685926559,0.7876978928399987,-0.7876978928400092,0.5446157073120717,0.325544513082922,168219.05145416327,0.5232429504394531,0.7639432811650144,0.29696580999263694,0.5444426662830102,0.3255250476829202
4980.5,70000.0,70000.0,0.5839067839582792,-4.400477576468248e-06,-4.400477576414478e-06,0.7641379351650324,0.2980670287463098,0.8081378428941899,-0.8081904398271008,0.5459551527611817,0.327056425654982,168261.9854180464,0.1970689296722412,0.764192112236493,0.29905643064042076,0.543600045422268,0.32706184336212807
4980.666666666667,70000.0,70000.0,0.5839067839582792,-4.400477576468248e-06,-4.400477576414478e-06,0.7641379351650324,0.2994354192758304,0.8234671699376043,-0.8238131260718098,0.5472069255579571,0.3284075375659431,168320.48230156588,0.2015762329101562,0.7649303819274598,0.29839246632070626,0.5465126368709258,0.32848678224218586
4980.833333333333,70000.0,70000.0,0.5839067839582792,-4.400477576468248e-06,-4.400477576414478e-06,0.7641379351650324,0.300727767184886,0.8387135641042932,-0.8388917407181916,0.5483865127020625,0.3297676005816377,168400.6138277385,0.2689869403839111,0.7651367909122111,0.30060838335013507,0.5470398094264759,0.3298674861563555
4981.0,70000.0,70000.0,0.5839067839582792,-4.400477576468248e-06,-4.400477576414478e-06,0.7641379351650324,0.3019607774491011,0.8685379307927382,-0.9297210284506052,0.5495095791744918,0.3309991244194535,168507.58904410602,0.1978805065155029,0.76506145019159,0.3033978877030019,0.549671862589475,0.33109147592210925
4981.166666666667,70000.0,70000.0,0.5839067839582792,-4.400477576468248e-06,-4.400477576414478e-06,0.7641379351650324,0.303139051453913,0.9077805787191444,-1.046593488912148,0.5505806495309903,0.3322008016932109,168644.6788485499,0.4834070205688476,0.7651669203356537,0.3044649968285481,0.5490373002753064,0.33230370021027306
4981.333333333333,70000.0,70000.0,0.5839067839582792,-4.400477576468248e-06,-4.400477576414478e-06,0.7641379351650324,0.3042098238297965,0.9410121912367736,-1.1418422153586982,0.5515521952140077,0.3332988770133966,168803.2187541903,0.1968028545379638,0.7640663524339085,0.3043202557074371,0.5510549234585126,0.33329171874028424
4981.5,70000.0,70000.0,0.5839067839582792,-4.400477576468248e-06,-4.400477576414478e-06,0.7641379351650324,0.3051463478415586,0.96750862415842,-1.2036480737656958,0.552400532299589,0.3342150752251445,168977.74659576148,0.1929421424865722,0.7623415053341965,0.30531290189466176,0.5530227776497347,0.3340354322420609
4981.666666666667,70000.0,70000.0,0.5839067839582792,-4.400477576468248e-06,-4.400477576414478e-06,0.7641379351650324,0.3059845757767505,0.9930988283997596,-1.248277971052259,0.5531587259066629,0.3350701410390067,169173.31298603932,0.3593406677246094,0.7624121516399337,0.30583572275209525,0.5528988926346642,0.3348975626864968
4981.833333333333,70000.0,70000.0,0.5839067839582792,-4.400477576468248e-06,-4.400477576414478e-06,0.7641379351650324,0.306760884860561,1.0288777571960297,-1.2968031539474905,0.5538599869642937,0.3358338108394353,169394.11911424223,0.2866580486297607,0.7637444895041603,0.30742657296114984,0.55380620427834,0.3357944662733481
4982.0,70000.0,70000.0,0.5839067839582792,-4.400477576468248e-06,-4.400477576414478e-06,0.7641379351650324,0.3074782664137964,1.0734788107021789,-1.350577837319782,0.554507228753826,0.3365453879824308,169637.9129980494,0.3588621616363525,0.7661014320905396,0.30782793299546496,0.5533401048741554,0.3367417376749815
5040.166666666667,70000.0,70000.0,0.5776799722322602,8.475001932307505e-06,8.475001932371376e-06,0.7600526114896654,0.2919497048886472,0.7683523537891219,-0.7708077695450604,0.54032370409407,0.320487432988744,168481.13660294632,0.4432342052459717,0.7613631802916234,0.2918294762350671,0.5409156658867066,0.3206184898689398
5040.333333333333,70000.0,70000.0,0.5776799722322602,8.475001932307505e-06,8.475001932371376e-06,0.7600526114896654,0.2934531157382854,0.7854477588636416,-0.786378390844108,0.5417131307745501,0.3220835735480449,168484.3529619596,0.5526604652404785,0.7601513665081546,0.292919765997736,0.5446163389030519,0.32209344904989384
5040.5,70000.0,70000.0,0.5776799722322602,8.475001932307505e-06,8.475001932371376e-06,0.7600526114896654,0.2948958380034002,0.8047562162595244,-0.8047562162579885,0.5430431274827144,0.3235777310065562,168493.75056850817,0.5602378845214844,0.7625130084520327,0.2939478797506512,0.5452190490271366,0.3238237707027929
5040.666666666667,70000.0,70000.0,0.5776799722322602,8.475001932307505e-06,8.475001932371376e-06,0.7600526114896654,0.296245991744772,0.8179220889808994,-0.8179220887303427,0.5442848445626617,0.3249104383882943,168508.41568262104,0.8697752952575684,0.7614207212569629,0.2943870348853819,0.5444914745415509,0.32504724936502405
5040.833333333333,70000.0,70000.0,0.5776799722322602,8.475001932307505e-06,8.475001932371376e-06,0.7600526114896654,0.2975208609630642,0.8350348368362085,-0.8350348368341358,0.5454547288466677,0.3262518633090855,168537.8013281017,0.1887402534484863,0.7600444786967057,0.29330868146864475,0.5461256277481991,0.32625105002978955
5041.0,70000.0,70000.0,0.5776799722322602,8.475001932307505e-06,8.475001932371376e-06,0.7600526114896654,0.2987366416894703,0.8648384493468936,-0.86483844934655,0.5465680579072094,0.3274651776025452,168588.79283570265,0.6140260696411133,0.7607614108201549,0.2931939694643151,0.5461490632290517,0.3275360575355941
5041.166666666667,70000.0,70000.0,0.5776799722322602,8.475001932307505e-06,8.475001932371376e-06,0.7600526114896654,0.2998981642226508,0.9020300224495852,-0.903094653566867,0.5476295868901414,0.3286478231786776,168665.49757689968,0.5362379550933838,0.7592926241070727,0.29727292421619544,0.5472616444829167,0.3285718244404183
5041.333333333333,70000.0,70000.0,0.5776799722322602,8.475001932307505e-06,8.475001932371376e-06,0.7600526114896654,0.3009538931626027,0.9359582689254012,-0.9359582689209728,0.5485926479309251,0.3297284847918033,168761.75615568992,0.3276152610778808,0.7589451314396807,0.2990328377386876,0.5493557993709283,0.3296177367868048
5041.5,70000.0,70000.0,0.5776799722322602,8.475001932307505e-06,8.475001932371376e-06,0.7600526114896654,0.3018773551939719,0.962799023471787,-0.9644079070020134,0.5494336678476238,0.3306290120326431,168874.27422098577,0.6177635192871094,0.7594030551866854,0.2996389028686955,0.5489568380101242,0.3305640564023451
5041.666666666667,70000.0,70000.0,0.5776799722322602,8.475001932307505e-06,8.475001932371376e-06,0.7600526114896654,0.3027055788188841,0.9858806660664564,-0.9868213685484438,0.5501868582221312,0.3314708710379807,169011.745581838,0.7341129779815674,0.7599060609891946,0.29806307482736843,0.5507817199065628,0.33145621598793357
5041.833333333333,70000.0,70000.0,0.5776799722322602,8.475001932307505e-06,8.475001932371376e-06,0.7600526114896654,0.3034756323411161,1.0245995664013288,-1.0267910581462865,0.5508862246110691,0.332225469587841,169181.72149636724,0.553769588470459,0.7616424496992564,0.2997800060307745,0.5506966900044052,0.3323844534088001
5042.0,70000.0,70000.0,0.5776799722322602,8.475001932307505e-06,8.475001932371376e-06,0.7600526114896654,0.3041905852803926,1.0654706433872123,-1.0658696095176996,0.5515347544666749,0.3329309213546106,169383.47763410647,0.562859296798706,0.7610815608033007,0.2989900161915728,0.5520109554990006,0.3330338162859741
5100.166666666667,71000.0,71000.0,0.5773151560725793,-8.693098154402177e-08,-8.693098149347792e-08,0.7598125795698432,0.2917533945683656,0.768701173848676,-0.7687011612104055,0.5401420133532431,0.3202724043197212,168174.63191440376,0.2168426513671875,0.7605827363720964,0.2894857181073592,0.541067433355852,0.32034941999994654
5100.333333333333,71000.0,71000.0,0.5773151560725793,-8.693098154402177e-08,-8.693098149347792e-08,0.7598125795698432,0.2932570537860666,0.7855567876723155,-0.7855546750667196,0.5415321355391016,0.3218685213516141,168196.27075254972,0.1760551929473877,0.7610739101785758,0.29130453432993036,0.5416344872337249,0.32199465441248737
5100.5,71000.0,71000.0,0.5773151560725793,-8.693098154402177e-08,-8.693098149347792e-08,0.7598125795698432,0.2947012393637085,0.8037749420295799,-0.8037209251241199,0.5428639234807636,0.3233631694756987,168235.13455011466,0.2090280055999755,0.7622246518055389,0.2924256852151045,0.5444419334857681,0.3236043766992683
5100.666666666667,71000.0,71000.0,0.5773151560725793,-8.693098154402177e-08,-8.693098149347792e-08,0.7598125795698432,0.2960542198949804,0.8174709503192962,-0.8174709503192414,0.5441086472093555,0.3246989717677346,168290.32008613067,0.2203752994537353,0.7614712460124513,0.29434989608386986,0.5453398431376554,0.3248648384119954
5100.833333333333,71000.0,71000.0,0.5773151560725793,-8.693098154402177e-08,-8.693098149347792e-08,0.7598125795698432,0.2973320900909896,0.8358169592859305,-0.8356831019928802,0.5452816613337499,0.3260437071707685,168367.90634361567,0.1829657554626464,0.7620210732763861,0.2959694249629096,0.5480032101073298,0.32626455654142283
5101.0,71000.0,71000.0,0.5773151560725793,-8.693098154402177e-08,-8.693098149347792e-08,0.7598125795698432,0.298551418346449,0.8899528395901957,-0.8636608939808014,0.546398589371352,0.3272615061986211,168473.1793986208,0.1942486763000488,0.7629530974369108,0.2968788979827261,0.548868323874775,0.32757555798532784
5101.166666666667,71000.0,71000.0,0.5773151560725793,-8.693098154402177e-08,-8.693098149347792e-08,0.7598125795698432,0.2997167565426091,1.016141142813337,-0.9006646314492343,0.5474639318620683,0.3284499839267361,168609.56951816994,0.1919267177581787,0.760832410650565,0.2987075535088594,0.5506656052791007,0.32855196703480827
5101.333333333333,71000.0,71000.0,0.5773151560725793,-8.693098154402177e-08,-8.693098149347792e-08,0.7598125795698432,0.3007759161143946,1.1219794352645578,-0.9370716027113656,0.5484304115300227,0.3295361810034246,168768.5711494943,0.1993319988250732,0.7614675847039788,0.30041156780969674,0.5514621085757249,0.32970168151683815
5101.5,71000.0,71000.0,0.5773151560725793,-8.693098154402177e-08,-8.693098149347792e-08,0.7598125795698432,0.3017025369816953,1.1946554697018383,-0.9609003657876668,0.5492745553785281,0.3304428361328636,168944.89810669902,0.1823437213897705,0.7605128398794656,0.3008368876084679,0.5519363277565287,0.33051286216382586
5101.666666666667,71000.0,71000.0,0.5773151560725793,-8.693098154402177e-08,-8.693098149347792e-08,0.7598125795698432,0.3025320402975372,1.2501966215912614,-0.9878392153065522,0.5500291269830324,0.3312892241104163,169143.4057398494,0.1989202499389648,0.7591135129466573,0.30058567351433396,0.5534680806311539,0.3312193174480977
5101.833333333333,71000.0,71000.0,0.5773151560725793,-8.693098154402177e-08,-8.693098149347792e-08,0.7598125795698432,0.3033002343235722,1.3103784090022874,-1.0233087347355247,0.5507270054983744,0.3320452698787809,169367.98229876088,0.3454618453979492,0.7609038264720307,0.2996781127116048,0.553807811679856,0.33215439456899964
5102.0,71000.0,71000.0,0.5773151560725793,-8.693098154402177e-08,-8.693098149347792e-08,0.7598125795698432,0.3040100820097504,1.3772147811052502,-1.066750481532838,0.5513710930938491,0.3327499071124712,169616.29458545567,0.7071495056152344,0.7627885095328267,0.3018573533317423,0.5537427371827659,0.33304750010876955
5160.166666666667,72000.0,72000.0,0.5701549190223952,-8.509639414271374e-06,-8.509639414226912e-06,0.7550860341857709,0.2881472787568644,0.7646395133161448,-0.7628740244276087,0.5367935162472367,0.3163132973801443,168496.74031021397,0.3712646961212158,0.7604500105122863,0.28768413479762583,0.5388494873310284,0.31684969501279586
5160.333333333333,72000.0,72000.0,0.5701549190223952,-8.509639414271374e-06,-8.509639414226912e-06,0.7550860341857709,0.2896312707502785,0.779947441058186,-0.7793518469114181,0.5381740156130311,0.3178888675471672,168504.66999897957,0.2095158100128173,0.7560696424167263,0.28879796154138776,0.5406814748428677,0.3179872283702628
5160.5,72000.0,72000.0,0.5701549190223952,-8.509639414271374e-06,-8.509639414226912e-06,0.7550860341857709,0.291055302920885,0.8004419274657076,-0.797720607571442,0.5394954154053306,0.3193637679900724,168518.38966443884,0.4418807029724121,0.7543345521132251,0.28998802348657016,0.5401843954661062,0.3192886197828178
5160.666666666667,72000.0,72000.0,0.5701549190223952,-8.509639414271374e-06,-8.509639414226912e-06,0.7550860341857709,0.292387863090139,0.8136806912799461,-0.8136806912890866,0.5407290110479521,0.3206792047338177,168536.71284179305,0.3977153301239013,0.7543073545414347,0.2902959816416976,0.5441683487173608,0.3206013367693841
5160.833333333333,72000.0,72000.0,0.5701549190223952,-8.509639414271374e-06,-8.509639414226912e-06,0.7550860341857709,0.2936460475501416,0.8296154521576246,-0.8296154521597519,0.5418911771144068,0.3220031653012835,168569.05626564703,0.274907112121582,0.7573850562926775,0.2916031766244684,0.5447698753056637,0.3222330675119741
5161.0,72000.0,72000.0,0.5701549190223952,-8.509639414271374e-06,-8.509639414226912e-06,0.7550860341857709,0.2948457932324928,0.8573677763867824,-0.8573677785271574,0.5429970474101694,0.3232005434188081,168622.21456012427,0.2225525379180908,0.7572583100833977,0.29440188248760296,0.5472276531100578,0.3234177710085708
5161.166666666667,72000.0,72000.0,0.5701549190223952,-8.509639414271374e-06,-8.509639414226912e-06,0.7550860341857709,0.2959918627807099,0.8968491344483467,-0.8968491745105717,0.544051342270597,0.3243674775337744,168700.12979824052,0.2135496139526367,0.7564781806391123,0.29355485369440776,0.5485268747208306,0.3245066921791085
5161.333333333333,72000.0,72000.0,0.5701549190223952,-8.509639414271374e-06,-8.509639414226912e-06,0.7550860341857709,0.2970334049458101,0.9306621793295506,-0.9306516052707566,0.5450077111200852,0.3254336032407792,168796.4633804126,0.4059271812438965,0.7563903140424212,0.2944216905236524,0.5490201823106734,0.32556403122644423
5161.5,72000.0,72000.0,0.5701549190223952,-8.509639414271374e-06,-8.509639414226912e-06,0.7550860341857709,0.2979442084124944,0.9552978403425844,-0.9552990317294744,0.5458426592129054,0.3263216666233969,168907.72781437566,0.2442257404327392,0.7590877873717995,0.2941472293375771,0.5492221458201375,0.32672184194199977
5161.666666666667,72000.0,72000.0,0.5701549190223952,-8.509639414271374e-06,-8.509639414226912e-06,0.7550860341857709,0.2987609296891522,0.9828685134828752,-0.981854772836118,0.5465902760421248,0.3271516392340929,169042.77912254966,0.2809522151947021,0.7559112474797272,0.2991058011195221,0.5500117595906724,0.32723416056348853
5161.833333333333,72000.0,72000.0,0.5701549190223952,-8.509639414271374e-06,-8.509639414226912e-06,0.7550860341857709,0.2995203001212634,1.0157177049739237,-1.0156160006909123,0.5472844783839484,0.3278954398206679,169209.45023563263,0.5012238025665283,0.7561980073733922,0.2984357596024497,0.550328483466905,0.32800663713943
5162.0,72000.0,72000.0,0.5701549190223952,-8.509639414271374e-06,-8.509639414226912e-06,0.7550860341857709,0.3002253430300974,1.0629791673739146,-1.0610369499228045,0.5479282281167218,0.3285906196085882,169407.08450111913,0.3365685939788818,0.7541723945188993,0.29883617642232113,0.5512585397737558,0.328499255641901
5220.166666666667,72000.0,72000.0,0.569121365409388,4.105662535836621e-06,4.105662535883931e-06,0.7544013291407883,0.2876120587104199,0.7619538240887921,-0.7619538240887932,0.5362947498518431,0.3157262739523013,168161.77986085802,0.5770783424377441,0.7544613551046839,0.2877141713515327,0.539719637332899,0.31573227654869085
5220.333333333333,72000.0,72000.0,0.569121365409388,4.105662535836621e-06,4.105662535883931e-06,0.7544013291407883,0.2890942031435238,0.779005319998142,-0.7790053199981517,0.5376748117230786,0.317299509941193,168178.5879220983,0.7371575832366943,0.7522499467652437,0.28855394486357927,0.5395633820298371,0.3170843717036385
5220.5,72000.0,72000.0,0.569121365409388,4.105662535836621e-06,4.105662535883931e-06,0.7544013291407883,0.29051776927735,0.7986068693274138,-0.7986068693274698,0.5389970030608128,0.318772728306686,168212.9147359541,0.5828776359558105,0.7549491391826645,0.2892353589349971,0.5430798155855391,0.3188275093108736
5220.666666666667,72000.0,72000.0,0.569121365409388,4.105662535836621e-06,4.105662535883931e-06,0.7544013291407883,0.2918515220118682,0.8124987706038772,-0.8124987706039175,0.5402328405968175,0.3200894497629175,168264.12748900335,0.6403062343597412,0.7530583463537077,0.28988621365132017,0.54571569021898,0.31995515148420944
5220.833333333333,72000.0,72000.0,0.569121365409388,4.105662535836621e-06,4.105662535883931e-06,0.7544013291407883,0.2931113005037394,0.8279748619204422,-0.8279748619204513,0.5413975439272172,0.3214150550091839,168338.36981513008,0.4345235824584961,0.7527362098603646,0.2910811807550994,0.5467674784604075,0.32124854308114154
5221.0,72000.0,72000.0,0.569121365409388,4.105662535836621e-06,4.105662535883931e-06,0.7544013291407883,0.2943134823971785,0.8582556295038937,-0.8582556295040377,0.5425066658443667,0.3226156554470715,168441.03139666663,0.8110988140106201,0.7544057390264461,0.2928313007824279,0.5470133445221709,0.32261609643563727
5221.166666666667,72000.0,72000.0,0.569121365409388,4.105662535836621e-06,4.105662535883931e-06,0.7544013291407883,0.2954625619740139,0.8959060015921462,-0.975928352765334,0.5435646806833536,0.3237875125295356,168575.7120444193,1.1162421703338623,0.7582196986682019,0.2947365075649813,0.5464780484896585,0.32416934948227694
5221.333333333333,72000.0,72000.0,0.569121365409388,4.105662535836621e-06,4.105662535883931e-06,0.7544013291407883,0.2965070844539027,0.9278925324048998,-1.091164244935199,0.5445246409416798,0.3248586950049423,168734.10371009246,0.710134744644165,0.7533352951406845,0.2946406012187204,0.5487728225980415,0.3247520916049319
5221.5,72000.0,72000.0,0.569121365409388,4.105662535836621e-06,4.105662535883931e-06,0.7544013291407883,0.2974211450634637,0.9557023314343658,-1.1738461137035925,0.5453633148914633,0.3257531513297876,168911.12858712516,0.6665048599243164,0.7508020644847876,0.29297239020406557,0.5484397850983566,0.32539322486418754
5221.666666666667,72000.0,72000.0,0.569121365409388,4.105662535836621e-06,4.105662535883931e-06,0.7544013291407883,0.2982395663605553,0.9790257798317702,-1.239604785609105,0.5461131444618373,0.3265883944898092,169111.51369995798,0.2490694522857666,0.7534357777478277,0.2962138640198764,0.5462004446549188,0.3264918393505131
5221.833333333333,72000.0,72000.0,0.569121365409388,4.105662535836621e-06,4.105662535883931e-06,0.7544013291407883,0.2989975144049895,1.0167596232404343,-1.3106935985039003,0.5468066519592535,0.3273346518428076,169338.89929747966,0.2013039588928222,0.7556458115370975,0.2966365069572999,0.545373275339716,0.3274591000824385
5222.0,72000.0,72000.0,0.569121365409388,4.105662535836621e-06,4.105662535883931e-06,0.7544013291407883,0.2996979171249094,1.0587137633032595,-1.3897577157251635,0.5474467256045783,0.3280303626522682,169590.89900845068,0.5635979175567627,0.7538013980847567,0.2982088366151247,0.5478743069859264,0.32797036954666503
5280.166666666667,73000.0,73000.0,0.5653888142740557,-4.269258874506763e-06,-4.269258874445873e-06,0.7519234098457473,0.2857389539966911,0.7606819624135551,-0.7606819624134775,0.5345455587054893,0.3136695438348645,168506.7286249916,0.3032958507537842,0.7511982998286003,0.28517547993333264,0.5359515764612328,0.3135970328331498
5280.333333333333,73000.0,73000.0,0.5653888142740557,-4.269258874506763e-06,-4.269258874445873e-06,0.7519234098457473,0.2872107203113332,0.7774577010530238,-0.7793403767207865,0.535920442466629,0.3152321737275548,168519.56462192352,0.5538170337677002,0.7517286549853057,0.28567717642104934,0.5371138832711554,0.31521269824151066
5280.5,73000.0,73000.0,0.5653888142740557,-4.269258874506763e-06,-4.269258874445873e-06,0.7519234098457473,0.288622987933202,0.7958864780426959,-0.797798085500304,0.5372364360983538,0.3166949683425334,168537.9972633775,0.3124086856842041,0.7528639350979205,0.28726156788237067,0.539982302198483,0.31678902086775074
5280.666666666667,73000.0,73000.0,0.5653888142740557,-4.269258874506763e-06,-4.269258874445873e-06,0.7519234098457473,0.2899444643279997,0.8079911565608262,-0.811303023901753,0.5384649149633702,0.3179995611840883,168560.57453399978,0.7953488826751709,0.751878029389096,0.28705124821664246,0.5394772497434897,0.31799502313842315
5280.833333333333,73000.0,73000.0,0.5653888142740557,-4.269258874506763e-06,-4.269258874445873e-06,0.7519234098457473,0.2911921194096376,0.8268593968318365,-0.8288554664319019,0.5396222009122593,0.3193125328255199,168596.62041461983,0.1991622447967529,0.7543387494616106,0.29005251959882533,0.5393691442245274,0.31955406678710624
5281.0,73000.0,73000.0,0.5653888142740557,-4.269258874506763e-06,-4.269258874445873e-06,0.7519234098457473,0.2923817167627148,0.8552677155808052,-0.8552677155807651,0.5407233276389566,0.3204998624901947,168652.81393971585,0.1730577945709228,0.7518709272070601,0.2910903008046297,0.5414678093146869,0.32049461422632597
5281.166666666667,73000.0,73000.0,0.5653888142740557,-4.269258874506763e-06,-4.269258874445873e-06,0.7519234098457473,0.2935179700539753,0.8909249239757409,-0.8921387424082301,0.5417729878178683,0.3216568558856792,168732.92460270892,0.2807812690734863,0.7514057990145084,0.29149048496155916,0.5420151631265991,0.32160509480255534
5281.333333333333,73000.0,73000.0,0.5653888142740557,-4.269258874506763e-06,-4.269258874445873e-06,0.7519234098457473,0.2945504540874441,0.92702556110753,-0.9270255083329284,0.5427250264676512,0.3227137297766959,168830.3992558245,0.3374726772308349,0.7516102305673938,0.29286364336084075,0.5448228166771939,0.32268241184886054
5281.5,73000.0,73000.0,0.5653888142740557,-4.269258874506763e-06,-4.269258874445873e-06,0.7519234098457473,0.2954530982080336,0.9517943414808336,-0.9517934458688,0.5435559754483733,0.3235937726100433,168941.52831076508,0.2050244808197021,0.7510571332028139,0.29475525560829735,0.5439606741281632,0.32350714494574995
5281.666666666667,73000.0,73000.0,0.5653888142740557,-4.269258874506763e-06,-4.269258874445873e-06,0.7519234098457473,0.2962623327307426,0.976939441030863,-0.9769394410309682,0.5442998557222943,0.3244160025296693,169075.26047451963,0.2038946151733398,0.7500981698627412,0.2927043037303009,0.5451128112689868,0.3242334785313687
5281.833333333333,73000.0,73000.0,0.5653888142740557,-4.269258874506763e-06,-4.269258874445873e-06,0.7519234098457473,0.2970147023268019,1.013333774489667,-1.01332301248086,0.5449905526892435,0.3251526818524853,169239.64072625167,0.1956784725189209,0.7491594883313544,0.2957454888002,0.5460548239668446,0.324876289701046
5282.0,73000.0,73000.0,0.5653888142740557,-4.269258874506763e-06,-4.269258874445873e-06,0.7519234098457473,0.2977131972961871,1.0546866840284144,-1.054686684028459,0.5456310085288263,0.325840998228978,169434.050937844,0.7079007625579834,0.7517205689465422,0.29957488587856057,0.5464295376503396,0.3258207141390575
5340.166666666667,73000.0,73000.0,0.5594034765554112,8.143791371795012e-06,8.143791371853195e-06,0.7479328021656834,0.2827007376743917,0.7562516860987918,-0.7562516860987896,0.5316960952233333,0.3103348824909387,168154.7388384445,0.4415476322174072,0.7458275192299064,0.2803972928027912,0.5340295021123513,0.310124354197361
5340.333333333333,73000.0,73000.0,0.5594034765554112,8.143791371795012e-06,8.143791371853195e-06,0.7479328021656834,0.2841573909841988,0.7726841371536153,-0.7726841371536041,0.5330641527906649,0.3118810246734863,168166.60624501365,0.2466170787811279,0.7440676411684131,0.28202868724227526,0.5339072328124619,0.31149450857375927
5340.5,73000.0,73000.0,0.5594034765554112,8.143791371795012e-06,8.143791371853195e-06,0.7479328021656834,0.2855564948709171,0.789873415589108,-0.7898734155890692,0.5343748636357262,0.3133288600621396,168196.08403045288,0.2141308784484863,0.7470200924996752,0.28446239374350707,0.534056092902413,0.3132375890955388
5340.666666666667,73000.0,73000.0,0.5594034765554112,8.143791371795012e-06,8.143791371853195e-06,0.7479328021656834,0.2868673886762893,0.8057111074972303,-0.8056693233211338,0.535600026795367,0.3146229179990509,168242.79807343028,0.5843067169189453,0.7496705490082073,0.2854632418488497,0.5353213490081019,0.3147966926833033
5340.833333333333,73000.0,73000.0,0.5594034765554112,8.143791371795012e-06,8.143791371853195e-06,0.7479328021656834,0.2881056351794142,0.8223084531540359,-0.8223084531540625,0.5367547253834297,0.3159257772451372,168313.01185165934,0.4514496326446533,0.7471237907946977,0.28587848248113235,0.535899935892319,0.31584487610803863
5341.0,73000.0,73000.0,0.5594034765554112,8.143791371795012e-06,8.143791371853195e-06,0.7479328021656834,0.2892873677883582,0.8488308566531565,-0.8487420171944391,0.5378544113870325,0.3171058702744157,168412.24169645063,0.3571655750274658,0.7454819263378107,0.2901590727509841,0.5394682429955807,0.3168607826916285
5341.166666666667,73000.0,73000.0,0.5594034765554112,8.143791371795012e-06,8.143791371853195e-06,0.7479328021656834,0.290417015215641,0.9265979174227966,-0.887877212115129,0.5389035306029912,0.3182578408885973,168544.26135956368,0.4183475971221924,0.7455464258450119,0.2901064524146855,0.5421678844664338,0.31801920325653016
5341.333333333333,73000.0,73000.0,0.5594034765554112,8.143791371795012e-06,8.143791371853195e-06,0.7479328021656834,0.2914440061755345,1.0499336414513512,-0.922303541421904,0.539855542047219,0.3193110072081567,168700.99214114464,0.7890865802764893,0.7477926560611176,0.2912799878238399,0.5446768418709268,0.3192969925977001
5341.5,73000.0,73000.0,0.5594034765554112,8.143791371795012e-06,8.143791371853195e-06,0.7479328021656834,0.2923429530037578,1.1416391766000165,-0.9451863504639726,0.5406874819455965,0.3201907088216609,168877.58991218367,0.6885204315185547,0.7459990049035391,0.2914215314454643,0.5444303287224902,0.3199973290954465
5341.666666666667,73000.0,73000.0,0.5594034765554112,8.143791371795012e-06,8.143791371853195e-06,0.7479328021656834,0.293148019800053,1.216798899013377,-0.9727383259345416,0.5414314545307926,0.3210124224481647,169078.7247028957,0.7695460319519043,0.7488122463338918,0.29259899848703075,0.5436006525028345,0.32110036686498555
5341.833333333333,73000.0,73000.0,0.5594034765554112,8.143791371795012e-06,8.143791371853195e-06,0.7479328021656834,0.2938936666623917,1.2979142564432082,-1.0056939399050184,0.5421196056631185,0.3217467917001529,169307.86216381815,1.3411705493927002,0.7463389528767209,0.29223684288727464,0.5446136422259974,0.3215874067712567
5342.0,73000.0,73000.0,0.5594034765554112,8.143791371795012e-06,8.143791371853195e-06,0.7479328021656834,0.2945827798799776,1.388225340616525,-1.050886526644816,0.5427548066020181,0.3224316401759074,169562.5925987987,0.7152283191680908,0.7472061193748071,0.2935260147282296,0.5432280055571803,0.3223589718968198
5400.166666666667,74000.0,74000.0,0.5590153764165369,-1.1066879309322854e-07,-1.1066879302485663e-07,0.7476733086158265,0.2825180745952972,0.7612036829386268,-0.7542244811473041,0.5315242938290877,0.3101338189554897,168510.76086542077,0.3370261192321777,0.7451020153154468,0.282400909588115,0.5322122866468523,0.30987668962545173
5400.333333333333,74000.0,74000.0,0.5590153764165369,-1.1066879309322854e-07,-1.1066879302485663e-07,0.7476733086158265,0.2839734371872521,0.7723959204028494,-0.77120066905463,0.5328915814067889,0.3116790645646955,168528.52880071808,0.2366621494293213,0.7441657936125896,0.28385975945029235,0.533963586650563,0.3113283130643718
5400.5,74000.0,74000.0,0.5590153764165369,-1.1066879309322854e-07,-1.1066879302485663e-07,0.7476733086158265,0.2853699544462429,0.7910694616132065,-0.791053619947047,0.5342002946405148,0.3131256013317919,168551.90457169898,0.1832113265991211,0.7472234223896793,0.28763712934999836,0.5360632889659434,0.3130806127091772
5400.666666666667,74000.0,74000.0,0.5590153764165369,-1.1066879309322854e-07,-1.1066879302485663e-07,0.7476733086158265,0.2866766480893456,0.8088986185276373,-0.8056335615162648,0.5354219349461778,0.3144156959623449,168579.18683851522,0.2812950611114502,0.7467336680204401,0.28779521053874624,0.5362546586465428,0.31432173190280627
5400.833333333333,74000.0,74000.0,0.5590153764165369,-1.1066879309322854e-07,-1.1066879302485663e-07,0.7476733086158265,0.2879102921669016,0.8221487141994811,-0.8201032959271549,0.5365727280550566,0.3157140101433189,168619.55353335038,0.2215862274169922,0.7461268518887274,0.28858576096299543,0.5386453649185924,0.315559364470609
5401.0,74000.0,74000.0,0.5590153764165369,-1.1066879309322854e-07,-1.1066879302485663e-07,0.7476733086158265,0.289086441757987,0.85539805874362,-0.8501636295491898,0.537667594401727,0.3168880078370287,168679.54715945988,0.5906119346618652,0.7466622010446284,0.28938536540012527,0.5391049119457889,0.31678689707990887
5401.166666666667,74000.0,74000.0,0.5590153764165369,-1.1066879309322854e-07,-1.1066879302485663e-07,0.7476733086158265,0.2902097442223653,0.8890604354618045,-0.8881944316254814,0.5387111884140405,0.3180318973466738,168762.76324178762,0.497502326965332,0.748542135756704,0.29087061324065283,0.5379456654128861,0.31811878006076155
5401.333333333333,74000.0,74000.0,0.5590153764165369,-1.1066879309322854e-07,-1.1066879302485663e-07,0.7476733086158265,0.2912303320955691,0.9240702019725584,-0.9202105193048894,0.5396576066274497,0.3190766469823731,168862.4060690481,0.240156888961792,0.7477436216800813,0.29298864134157476,0.5395358567566708,0.3190836782887986
5401.5,74000.0,74000.0,0.5590153764165369,-1.1066879309322854e-07,-1.1066879302485663e-07,0.7476733086158265,0.2921223573574512,0.9469213002225374,-0.9469213002225794,0.5404834480588998,0.3199463280477503,168974.52258440823,0.3922524452209472,0.7453731389063927,0.29359639454526165,0.5395502223004164,0.3197163110768069
5401.666666666667,74000.0,74000.0,0.5590153764165369,-1.1066879309322854e-07,-1.1066879302485663e-07,0.7476733086158265,0.2929218874054232,0.9714621991465356,-0.9713058553379362,0.5412225860457416,0.320758627232979,169108.08150790245,0.3570997714996338,0.747307653737073,0.29698455868601203,0.541694917089236,0.32072206174510365
5401.833333333333,74000.0,74000.0,0.5590153764165369,-1.1066879309322854e-07,-1.1066879302485663e-07,0.7476733086158265,0.2936651458751376,1.0071324542221998,-1.007132454222125,0.5419087986947038,0.3214861952568555,169271.2630175524,0.1807739734649658,0.7453853875053008,0.29712175586000644,0.5436978197188077,0.3212574031458029
5402.0,74000.0,74000.0,0.5590153764165369,-1.1066879309322854e-07,-1.1066879302485663e-07,0.7476733086158265,0.2943550803896143,1.0500728227859233,-1.0500741462767806,0.5425450032913023,0.3221657686929615,169463.45703622277,0.2098054885864257,0.7448983142436861,0.29571380211109327,0.54471955361335,0.32188826925574743
5460.166666666667,75000.0,75000.0,0.5520768094657961,-8.229562385566134e-06,-8.229562385500787e-06,0.7430187140750871,0.2789980813517541,0.7513830223617508,-0.751382886755009,0.5282026896486174,0.3062702938125257,168153.7490688797,0.8115556240081787,0.7420880631560843,0.27985552844241074,0.529378186009959,0.3061772287206254
5460.333333333333,75000.0,75000.0,0.5520768094657961,-8.229562385566134e-06,-8.229562385500787e-06,0.7430187140750871,0.2804354694101494,0.7680508268688088,-0.7680504512072608,0.5295615822647447,0.3077959593619133,168160.73450338893,0.3890955448150635,0.7400021163831332,0.2837523108203201,0.5316613502798222,0.3074942995927179
5460.5,75000.0,75000.0,0.5520768094657961,-8.229562385566134e-06,-8.229562385500787e-06,0.7430187140750871,0.2818160676453569,0.7867010600544172,-0.7867026235757829,0.5308635113188643,0.3092246006871041,168185.21664206628,0.1572561264038086,0.7406768242509795,0.28378022923008017,0.5323519361809006,0.3089904117046933
5460.666666666667,75000.0,75000.0,0.5520768094657961,-8.229562385566134e-06,-8.229562385500787e-06,0.7430187140750871,0.2831096521310966,0.7991490335700686,-0.7991898921272894,0.5320804940450263,0.310501478660489,168227.05950790978,0.2055177688598632,0.7420115887323314,0.2823173435686348,0.5330147427619598,0.3104007661262134
5460.833333333333,75000.0,75000.0,0.5520768094657961,-8.229562385566134e-06,-8.229562385500787e-06,0.7430187140750871,0.2843315966417387,0.816647650150251,-0.816646861213822,0.5332275280446537,0.3117871018048621,168292.6975307869,0.2383661270141601,0.7425387094266652,0.2853452608358839,0.5341414781754757,0.31173910134001986
5461.0,75000.0,75000.0,0.5520768094657961,-8.229562385566134e-06,-8.229562385500787e-06,0.7430187140750871,0.285497848920216,0.8454223768535186,-0.8461602394760962,0.5343199874206469,0.3129516425357593,168387.79241092762,0.2082457542419433,0.7432932383066327,0.28774927633987946,0.5343124914212903,0.31297909495891385
5461.166666666667,75000.0,75000.0,0.5520768094657961,-8.229562385566134e-06,-8.229562385500787e-06,0.7430187140750871,0.2866127945542445,0.8813994593507142,-0.8813994593506164,0.535362302191737,0.314088524725469,168516.2903085303,0.2711317539215088,0.7440050859508,0.28838684251135277,0.5352762359699987,0.3141871619130403
5461.333333333333,75000.0,75000.0,0.5520768094657961,-8.229562385566134e-06,-8.229562385500787e-06,0.7430187140750871,0.2876265408110497,0.9154266453558032,-1.0024559925227867,0.5363082517394513,0.3151280404114128,168670.36590204778,0.1936323642730713,0.7466794322123385,0.29009352009212497,0.5355725717876619,0.3154941122251379
5461.5,75000.0,75000.0,0.5520768094657961,-8.229562385566134e-06,-8.229562385500787e-06,0.7430187140750871,0.2885140988680213,0.941064658260918,-1.10244906310306,0.5371350844653218,0.3159965767592438,168845.42607215192,0.1656863689422607,0.7448432984494161,0.2895210654184507,0.5370029569721415,0.3161790351966767
5461.666666666667,75000.0,75000.0,0.5520768094657961,-8.229562385566134e-06,-8.229562385500787e-06,0.7430187140750871,0.289309154476056,0.964410621490544,-1.1863762612437845,0.5378746643931531,0.3168081073144372,169046.15715100177,0.1603546142578125,0.7451984319230937,0.28921223189166356,0.5387620672430373,0.31702607909923786
5461.833333333333,75000.0,75000.0,0.5520768094657961,-8.229562385566134e-06,-8.229562385500787e-06,0.7430187140750871,0.2900456416943538,1.001617085907751,-1.2768361863248023,0.5385588564295366,0.3175336021628295,169275.9295610608,0.6469166278839111,0.7465524543012381,0.2905618282617872,0.5382370281343601,0.3178869761854446
5462.0,75000.0,75000.0,0.5520768094657961,-8.229562385566134e-06,-8.229562385500787e-06,0.7430187140750871,0.2907264184011393,1.0408711794148693,-1.3776336838635228,0.5391905215893135,0.3182104120402706,169532.34092209698,0.5237338542938232,0.7495538285950422,0.29315018035991564,0.5386390962525892,0.3188639234922661
5520.166666666667,75000.0,75000.0,0.5510974013846466,3.931765824644468e-06,3.931765824710949e-06,0.742359347879884,0.2785163776318541,0.7509633938212551,-0.7599316361525528,0.5277465091884044,0.3057409621445858,168508.69950073332,0.3495984077453613,0.7464608947236417,0.2812652962738631,0.5259677425590129,0.30615111682896157
5520.333333333333,75000.0,75000.0,0.5510974013846466,3.931765824644468e-06,3.931765824710949e-06,0.742359347879884,0.2799513137361755,0.7673778000972655,-0.7746434507784817,0.529104256343556,0.3072645432213486,168531.25678599704,0.4385042190551758,0.747628829584264,0.28199344189126163,0.5284666764893942,0.30779149139178663
5520.5,75000.0,75000.0,0.5510974013846466,3.931765824644468e-06,3.931765824710949e-06,0.742359347879884,0.2813282434580081,0.7848934283957621,-0.7874020760189874,0.5304038497297083,0.3086908224755399,168559.6372335889,0.4137821197509765,0.7466725570963688,0.28483668757096764,0.5292030966909514,0.3091221433971884
5520.666666666667,75000.0,75000.0,0.5510974013846466,3.931765824644468e-06,3.931765824710949e-06,0.742359347879884,0.2826165953524182,0.7990951245623864,-0.7990951245390825,0.5316169633219104,0.3099628987797992,168591.91490221603,0.3433728218078613,0.7458938299301939,0.2864378129374036,0.530629175609139,0.3103163469848302
5520.833333333333,75000.0,75000.0,0.5510974013846466,3.931765824644468e-06,3.931765824710949e-06,0.742359347879884,0.2838328809106222,0.816453816227761,-0.8208089132169281,0.5327596843301656,0.3112430245359954,168637.0733640129,0.5114009380340576,0.745690091824507,0.2868407652633949,0.5314105659186891,0.3115760989304577
5521.0,75000.0,75000.0,0.5510974013846466,3.931765824644468e-06,3.931765824710949e-06,0.742359347879884,0.2849924142911256,0.8434161650688059,-0.8476913679838208,0.5338468081935801,0.3124005333039731,168701.5023037524,0.6226036548614502,0.7430856108010515,0.2859264759745985,0.5332520372911435,0.31247315959608984
5521.166666666667,75000.0,75000.0,0.5510974013846466,3.931765824644468e-06,3.931765824710949e-06,0.742359347879884,0.2860997604337671,0.8804917008779113,-0.8867960034146687,0.5348829411687964,0.3135282826778465,168788.6278261237,0.7326018810272217,0.7455013932022316,0.2879527139227939,0.5338903366655814,0.31384248721008123
5521.333333333333,75000.0,75000.0,0.5510974013846466,3.931765824644468e-06,3.931765824710949e-06,0.742359347879884,0.2871057365303693,0.9155870215430936,-0.9199618781960488,0.5358224863226572,0.3145581575725965,168891.3919238664,0.9369986057281494,0.748338477298867,0.2883503556401353,0.5375606083587228,0.3151560705144948
5521.5,75000.0,75000.0,0.5510974013846466,3.931765824644468e-06,3.931765824710949e-06,0.742359347879884,0.2879847990543615,0.9382579592254884,-0.9442648396928996,0.5366421520426111,0.3154152468693451,169005.58500879488,0.5448415279388428,0.7485968456541738,0.2902371977825198,0.5368377329696188,0.31603899664677404
5521.666666666667,75000.0,75000.0,0.5510974013846466,3.931765824644468e-06,3.931765824710949e-06,0.742359347879884,0.288772518877121,0.965349033319539,-0.9685114862377544,0.537375584806864,0.3162155418694646,169140.12248117564,0.3130428791046142,0.7465636731017177,0.28691489605544457,0.5358585110831509,0.316635974391648
5521.833333333333,75000.0,75000.0,0.5510974013846466,3.931765824644468e-06,3.931765824710949e-06,0.742359347879884,0.2895046654327303,0.9993426757321884,-1.0038787816383017,0.5380563778003019,0.3169321213496863,169303.2382712253,0.6097359657287598,0.7454292391726244,0.28865853990858753,0.537525356764267,0.3172391104789603
5522.0,75000.0,75000.0,0.5510974013846466,3.931765824644468e-06,3.931765824710949e-06,0.742359347879884,0.2901841347652246,1.0426140195709823,-1.044041714401832,0.538687418643637,0.3176011881870062,169494.29960412643,0.215064525604248,0.7469219278298933,0.2875914069496852,0.5385146514780117,0.31805744618200715
5580.166666666667,76000.0,76000.0,0.5474635286699949,-4.141686431074924e-06,-4.141686431011255e-06,0.739907783896071,0.276666891152901,0.7471298246412236,-0.7471299691448254,0.5259913413334171,0.3037112235250893,168158.84432107903,0.1894912719726562,0.7454126146517591,0.2763546528409103,0.5246269921501904,0.3042617066006581
5580.333333333333,76000.0,76000.0,0.5474635286699949,-4.141686431074924e-06,-4.141686431011255e-06,0.739907783896071,0.2780920826550006,0.7632174767938378,-0.7632178797766136,0.5273443681844859,0.3052239244606692,168161.17302711192,0.6228621006011963,0.7416741840248928,0.27640769666074233,0.5261142142400547,0.3054005644735514
5580.5,76000.0,76000.0,0.5474635286699949,-4.141686431074924e-06,-4.141686431011255e-06,0.739907783896071,0.2794609422780545,0.7821473025230448,-0.7821471498450795,0.528640655150731,0.3066403992760858,168180.68333582487,0.5186998844146729,0.7436751906192447,0.28027937516319246,0.5265008401198802,0.30701713994840313
5580.666666666667,76000.0,76000.0,0.5474635286699949,-4.141686431074924e-06,-4.141686431011255e-06,0.739907783896071,0.2807435269804607,0.7973742972407686,-0.7973742972407848,0.5298523633839751,0.3079063327472726,168217.44873467315,0.1900088787078857,0.7419877579224561,0.27939028781690767,0.5285473746166167,0.3081143301499111
5580.833333333333,76000.0,76000.0,0.5474635286699949,-4.141686431074924e-06,-4.141686431011255e-06,0.739907783896071,0.2819551167650473,0.8125478569232315,-0.8125487077262388,0.5309944602107253,0.309180985859445,168278.11988148358,0.1938636302947998,0.7423355460841997,0.28009937605901736,0.5285878081723684,0.30942376207825784
5581.0,76000.0,76000.0,0.5474635286699949,-4.141686431074924e-06,-4.141686431011255e-06,0.739907783896071,0.2831115414331224,0.8406167953612734,-0.8406167953612584,0.5320822694399664,0.31033561443156,168368.51760269835,0.1914479732513427,0.7406370589687802,0.28277567734645653,0.531375680762025,0.3104085419388309
5581.166666666667,76000.0,76000.0,0.5474635286699949,-4.141686431074924e-06,-4.141686431011255e-06,0.739907783896071,0.2842171679988163,0.8789486595051247,-0.8789495807258689,0.5331202191164862,0.3114628744852419,168492.75305428737,0.4973988533020019,0.7427248252819204,0.28382150486099783,0.5328264269812032,0.3117445786238268
5581.333333333333,76000.0,76000.0,0.5474635286699949,-4.141686431074924e-06,-4.141686431011255e-06,0.739907783896071,0.2852225474511558,0.94931783489063,-0.9115838772432572,0.5340623067565105,0.3124937137940838,168643.2696863247,0.1686091423034668,0.7434061350758213,0.28437536870703795,0.5333763931492508,0.31284354891205884
5581.5,76000.0,76000.0,0.5474635286699949,-4.141686431074924e-06,-4.141686431011255e-06,0.739907783896071,0.2861029559092374,1.056894080765947,-0.936516623130604,0.5348859280030653,0.3133551800241284,168815.73416189814,0.1643517017364502,0.7451034719881524,0.28420707032621,0.5357419514285093,0.3138747488333365
5581.666666666667,76000.0,76000.0,0.5474635286699949,-4.141686431074924e-06,-4.141686431011255e-06,0.739907783896071,0.286891799906975,1.148978127301312,-0.9618952329892196,0.5356228150436243,0.3141603414490068,169014.92187670435,0.4074385166168213,0.7445871724324422,0.2842430189126738,0.5374854244772347,0.3146282803026439
5581.833333333333,76000.0,76000.0,0.5474635286699949,-4.141686431074924e-06,-4.141686431011255e-06,0.739907783896071,0.2876226875492902,1.24812559305234,-0.9957849725655674,0.5363046593673664,0.3148803877903878,169244.19066156237,0.2491874694824218,0.7435284923728106,0.28805370451528856,0.5357983644405768,0.3152424586380618
5582.0,76000.0,76000.0,0.5474635286699949,-4.141686431074924e-06,-4.141686431011255e-06,0.739907783896071,0.2882984629640108,1.3586765996497077,-1.039611128142145,0.5369343191658771,0.3155523617563024,169501.17584540497,0.1937336921691894,0.7438371963453554,0.2889094498431463,0.5357606355689092,0.31594530300123086
5640.166666666667,76000.0,76000.0,0.5417099282778699,7.82586310186225e-06,7.825863101926554e-06,0.7360094620844694,0.2737717994329706,0.7510949774359503,-0.7437559342329839,0.523232070642504,0.3005326175384398,168500.61484012322,0.3698556423187256,0.7395635855320888,0.27328819960220846,0.5227846787709349,0.30088802988320174
5640.333333333333,76000.0,76000.0,0.5417099282778699,7.82586310186225e-06,7.825863101926554e-06,0.7360094620844694,0.2751824736984377,0.7811431220197657,-0.7603503316755235,0.5245783773985205,0.30203045219633,168527.6555332455,0.2285032272338867,0.739606642747074,0.27428613171962063,0.5243736925302789,0.30239017026259046
5640.5,76000.0,76000.0,0.5417099282778699,7.82586310186225e-06,7.825863101926554e-06,0.7360094620844694,0.2765361570268031,0.7869760357135522,-0.7792539001106014,0.525867052944185,0.3034326586757995,168560.93150451413,0.6275086402893066,0.7375636372230848,0.275717265587114,0.5255558481219209,0.30358807618966105
5640.666666666667,76000.0,76000.0,0.5417099282778699,7.82586310186225e-06,7.825863101926554e-06,0.7360094620844694,0.2778027743121038,0.7923908615388763,-0.7923908615614513,0.5270699902778369,0.3046833569636394,168598.3245876789,0.5231175422668457,0.7374614928337123,0.2778203445429336,0.5272391056075926,0.3048285600385637
5640.833333333333,76000.0,76000.0,0.5417099282778699,7.82586310186225e-06,7.825863101926554e-06,0.7360094620844694,0.2789985119622928,0.8112979749503372,-0.8082539250666799,0.5282030975901868,0.3059419266573012,168648.5823104669,0.7530362606048584,0.7403696295545725,0.27844699079281826,0.5279344369814706,0.3063779434043115
5641.0,76000.0,76000.0,0.5417099282778699,7.82586310186225e-06,7.825863101926554e-06,0.7360094620844694,0.2801384133264525,0.8393580080126678,-0.8374441976971008,0.5292810346714367,0.3070799375276484,168717.9304607572,0.3387823104858398,0.7389201617762661,0.2814960343651556,0.5294907417846441,0.30737100749682805
5641.166666666667,76000.0,76000.0,0.5417099282778699,7.82586310186225e-06,7.825863101926554e-06,0.7360094620844694,0.2812269462818925,0.8808695866051092,-0.8738062062714548,0.5303083505044711,0.3081886562063993,168809.63605028598,0.304781436920166,0.73852141972812,0.2840747303797256,0.5290197265166231,0.30843985197076434
5641.333333333333,76000.0,76000.0,0.5417099282778699,7.82586310186225e-06,7.825863101926554e-06,0.7360094620844694,0.282215734288901,0.9106401572720184,-0.905868959437524,0.5312398089608804,0.3092010436968311,168916.3679960921,0.6625845432281494,0.7396419759527157,0.28290620105106173,0.5298476182002425,0.30956429508365574
5641.5,76000.0,76000.0,0.5417099282778699,7.82586310186225e-06,7.825863101926554e-06,0.7360094620844694,0.283079618900651,0.9397517227953264,-0.932410686412364,0.5320522711315804,0.3100434324166811,169033.6558687893,0.3512279987335205,0.7398003046637512,0.2854550717088931,0.5302374106760209,0.3104225166746093
5641.666666666667,76000.0,76000.0,0.5417099282778699,7.82586310186225e-06,7.825863101926554e-06,0.7360094620844694,0.2838535465046222,0.9618043210779244,-0.9545146508234078,0.532779078791856,0.3108297729815193,169170.29025586785,0.6595594882965088,0.7378768513313527,0.28397862683326286,0.5306101438648797,0.31101651190620766
5641.833333333333,76000.0,76000.0,0.5417099282778699,7.82586310186225e-06,7.825863101926554e-06,0.7360094620844694,0.284572702898158,0.9992872011036108,-0.9921258550972508,0.5334535623503494,0.3115336079755867,169334.47557925753,0.536637544631958,0.7378658646258878,0.28464884238073324,0.5330486599887015,0.3117192482297286
5642.0,76000.0,76000.0,0.5417099282778699,7.82586310186225e-06,7.825863101926554e-06,0.7360094620844694,0.2852399244918914,1.0397446314945464,-1.0323568140784614,0.5340785754562316,0.31219052867108,169525.5263965827,0.341606855392456,0.7366072886835455,0.28544254896332466,0.5341236374218539,0.31225031133098763
5700.166666666667,77000.0,77000.0,0.5413008470124857,-1.323756079747955e-07,-1.3237560791155565e-07,0.7357315047029628,0.2735529070291525,0.7443519155817101,-0.744351915696694,0.5230228551830193,0.3002928319777966,168169.85075850025,0.3584990501403808,0.7343111459812215,0.27446375790458616,0.5232306796536829,0.30015079610562245
5700.333333333333,77000.0,77000.0,0.5413008470124857,-1.323756079747955e-07,-1.3237560791155565e-07,0.7357315047029628,0.2749618784524498,0.7607177638498888,-0.7607177752880028,0.5243680753625104,0.3017883072404834,168167.9068561423,0.1906654834747314,0.7349057009271509,0.2766678339650857,0.5253831114413603,0.3017057268629022
5700.5,77000.0,77000.0,0.5413008470124857,-1.323756079747955e-07,-1.3237560791155565e-07,0.7357315047029628,0.2763151140930063,0.778521543705036,-0.7785217094367602,0.5256568406240121,0.3031886198716007,168182.63877887191,0.3106272220611572,0.7364154485538645,0.2779655838444388,0.5269152598040193,0.3032570142566908
5700.666666666667,77000.0,77000.0,0.5413008470124857,-1.323756079747955e-07,-1.3237560791155565e-07,0.7357315047029628,0.2775830285574959,0.7911284641565393,-0.7911284641565088,0.526861488967925,0.3044399960110602,168214.29364534872,0.69124436378479,0.7367062881624945,0.2792602924495914,0.5296220838487689,0.3045374743570134
5700.833333333333,77000.0,77000.0,0.5413008470124857,-1.323756079747955e-07,-1.3237560791155565e-07,0.7357315047029628,0.2787807827480832,0.8091623155605272,-0.8091623155604839,0.527996953352853,0.3057000280747085,168269.7762358476,0.6770329475402832,0.736492279271138,0.28009278492991413,0.5302919884817846,0.305776105531526
5701.0,77000.0,77000.0,0.5413008470124857,-1.323756079747955e-07,-1.3237560791155565e-07,0.7357315047029628,0.2799240329161142,0.8365942139673819,-0.836594213967405,0.5290784752031013,0.3068414018417643,168355.07482756762,0.6370654106140137,0.7383509961037158,0.2802160010270698,0.5311999928339761,0.3071033509818396
5701.166666666667,77000.0,77000.0,0.5413008470124857,-1.323756079747955e-07,-1.3237560791155565e-07,0.7357315047029628,0.2810171174585799,0.8715741093088596,-0.8716507062726077,0.5301104766688642,0.3079557359808839,168474.4525293929,0.9246668815612792,0.7366364548351216,0.28066181279789904,0.5308712199753721,0.3080462309940998
5701.333333333333,77000.0,77000.0,0.5413008470124857,-1.323756079747955e-07,-1.3237560791155565e-07,0.7357315047029628,0.2820111802171962,0.9072616387749672,-0.9072616387749292,0.5310472485978924,0.3089748506977972,168620.6277910234,0.6125693321228027,0.7361118190452243,0.2818246422155826,0.5311159288674505,0.3090128821320233
5701.5,77000.0,77000.0,0.5413008470124857,-1.323756079747955e-07,-1.3237560791155565e-07,0.7357315047029628,0.2828818196870077,0.9308966126653272,-1.001238854264372,0.5318663551389579,0.3098266346975363,168789.52696953918,0.7877905368804932,0.7382814818482485,0.2833947425795362,0.5325666378103663,0.3100816324120649
5701.666666666667,77000.0,77000.0,0.5413008470124857,-1.323756079747955e-07,-1.3237560791155565e-07,0.7357315047029628,0.2836621010506986,0.9562684563979348,-1.100480819057542,0.5325993814405934,0.3106229659753509,168986.0842671709,0.4379432201385498,0.7378346780190834,0.2857957635150957,0.5324050530667969,0.31083328330696297
5701.833333333333,77000.0,77000.0,0.5413008470124857,-1.323756079747955e-07,-1.3237560791155565e-07,0.7357315047029628,0.2843852449380483,0.9912220670760058,-1.2072412027948802,0.5332778309816836,0.3113353708482339,169213.72801031693,0.3270974159240722,0.736582028374838,0.2856407926451969,0.5335515422423674,0.31142042321542146
5702.0,77000.0,77000.0,0.5413008470124857,-1.323756079747955e-07,-1.3237560791155565e-07,0.7357315047029628,0.2850540739444853,1.0325196203398876,-1.326346842230086,0.5339045551823404,0.3120004608952358,169470.16035083696,0.2302017211914062,0.736679285007067,0.2865899365953917,0.5359471466577802,0.3120952389256462
5760.166666666667,78000.0,78000.0,0.534577242688928,-7.958647411882605e-06,-7.958647411816791e-06,0.7311478938552227,0.2701665562946722,0.7390046760994896,-0.7390046760983411,0.519775486719116,0.2965749847577488,168486.78263559178,0.2390313148498535,0.7339643917383482,0.27124796651831506,0.5215372873568921,0.2968566345460613
5760.333333333333,78000.0,78000.0,0.534577242688928,-7.958647411882605e-06,-7.958647411816791e-06,0.7311478938552227,0.2715588256541899,0.7550128995335688,-0.7823905492436319,0.5211130644847151,0.2980532821482712,168517.8478748528,0.2104682922363281,0.7342390496591292,0.2709314447405486,0.5198563873613491,0.29836239772866185
5760.5,78000.0,78000.0,0.534577242688928,-7.958647411882605e-06,-7.958647411816791e-06,0.7311478938552227,0.2728949022534629,0.7719444473968063,-0.8031280130830469,0.5223934365875624,0.2994372332786028,168555.74324321325,0.5530157089233398,0.7350606357168181,0.2711235680720214,0.5205045680319315,0.2998285074647623
5760.666666666667,78000.0,78000.0,0.534577242688928,-7.958647411882605e-06,-7.958647411816791e-06,0.7311478938552227,0.2741450905965,0.7877754277759478,-0.7974036584010253,0.523588665778387,0.3006717805080173,168598.19727588363,0.1686062812805175,0.7330828257649555,0.27215205657833874,0.5214364671673247,0.3008652736989906
5760.833333333333,78000.0,78000.0,0.534577242688928,-7.958647411882605e-06,-7.958647411816791e-06,0.7311478938552227,0.2753253031667209,0.8036082907624729,-0.8036082907535875,0.5247144971394964,0.3019140681617046,168653.68781680134,0.2053322792053222,0.7296389920817418,0.2744133418046092,0.5229677073737107,0.3017631779843565
5761.0,78000.0,78000.0,0.534577242688928,-7.958647411882605e-06,-7.958647411816791e-06,0.7311478938552227,0.2764503859215181,0.8296762681338935,-0.834310289542085,0.525785494534129,0.303037384696357,168728.2712647999,0.5413451194763184,0.7285847841949427,0.2758796910807608,0.524810050673156,0.302781073730329
5761.166666666667,78000.0,78000.0,0.534577242688928,-7.958647411882605e-06,-7.958647411816791e-06,0.7311478938552227,0.277524726559093,0.8682293788039057,-0.8692205822396826,0.5268061568554766,0.3041317930043823,168825.07128991876,0.2005000114440918,0.7319776169714662,0.27651520037277544,0.5288003280346617,0.30421476531600666
5761.333333333333,78000.0,78000.0,0.534577242688928,-7.958647411882605e-06,-7.958647411816791e-06,0.7311478938552227,0.2785005453906266,0.901405970524876,-0.9094950711948342,0.5277315091402429,0.3051310327902836,168936.4822702961,0.175992727279663,0.7321502413274777,0.27589347741257303,0.5284514711065134,0.30523126753750907
5761.5,78000.0,78000.0,0.534577242688928,-7.958647411882605e-06,-7.958647411816791e-06,0.7311478938552227,0.2793529779414874,0.9245517738160076,-0.9291061621111284,0.5285385305484072,0.3059623995339539,169057.77752289156,0.6552648544311523,0.7323151385729275,0.2763086828782836,0.5284271247793094,0.30607912400572435
5761.666666666667,78000.0,78000.0,0.534577242688928,-7.958647411882605e-06,-7.958647411816791e-06,0.7311478938552227,0.2801164605374312,0.9508544368230047,-0.9608721179871512,0.5292602959338812,0.3067382452154033,169197.55560471906,0.2610929012298584,0.7306412235572931,0.2757272357441953,0.529416879813938,0.3066875781856104
5761.833333333333,78000.0,78000.0,0.534577242688928,-7.958647411882605e-06,-7.958647411816791e-06,0.7311478938552227,0.2808257083647689,0.9827827639010926,-0.9883607307769876,0.5299299092098273,0.3074324314652401,169363.90919754963,0.7408890724182129,0.7312260984923126,0.27731451215535924,0.5320105938553147,0.3074402519289491
5762.0,78000.0,78000.0,0.534577242688928,-7.958647411882605e-06,-7.958647411816791e-06,0.7311478938552227,0.2814835100355036,1.0273965179031213,-1.0385439574026096,0.5305501958648434,0.3080801037357878,169556.0720272322,0.3717296123504638,0.7310827743145175,0.2775950072952939,0.5316750958559361,0.3080735917817173
5820.166666666667,78000.0,78000.0,0.5336491437592309,3.76537785231792e-06,3.7653778523873538e-06,0.7305129319589291,0.2696866182775421,0.7374179507075199,-0.7374202243384773,0.5193136030441344,0.2960485896979186,168186.39287240044,0.7208242416381836,0.7284377580144247,0.26793955137164716,0.5220052434687945,0.2958410723034681
5820.333333333333,78000.0,78000.0,0.5336491437592309,3.76537785231792e-06,3.7653778523873538e-06,0.7305129319589291,0.2710755105002299,0.7539663116517282,-0.753971292922684,0.5206491241887282,0.2975227528179235,168180.7062509504,0.7727336883544922,0.7287440616448811,0.270108021063934,0.5236674610582114,0.2973458657865187
5820.5,78000.0,78000.0,0.5336491437592309,3.76537785231792e-06,3.7653778523873538e-06,0.7305129319589291,0.2724093973078775,0.7731484759780873,-0.7731521380739775,0.5219285365996578,0.2989030726395251,168191.016261115,0.8171112537384033,0.7294150393796853,0.27157145980527203,0.5249255887259388,0.2987932833816007
5820.666666666667,78000.0,78000.0,0.5336491437592309,3.76537785231792e-06,3.7653778523873538e-06,0.7305129319589291,0.2736591238048212,0.786983013055739,-0.786983013055752,0.5231243865539997,0.3001364323352757,168217.7018899605,0.6374430656433105,0.7282360327539169,0.2719737160397435,0.5275765265410671,0.2999087424147745
5820.833333333333,78000.0,78000.0,0.5336491437592309,3.76537785231792e-06,3.7653778523873538e-06,0.7305129319589291,0.2748397052938684,0.8012723312319429,-0.8012703046388998,0.5242515668016701,0.3013783459951129,168267.95125708386,0.6006078720092773,0.7276913457938439,0.273670644471969,0.5270712822471239,0.30109618737860433
5821.0,78000.0,78000.0,0.5336491437592309,3.76537785231792e-06,3.7653778523873538e-06,0.7305129319589291,0.2759665707766129,0.8309447420099015,-0.8309076753685943,0.5253252047803391,0.302503263133395,168347.92269807585,0.6424160003662109,0.7300600227904226,0.2744141960146336,0.5270173422222041,0.30245797221654436
5821.166666666667,78000.0,78000.0,0.5336491437592309,3.76537785231792e-06,3.7653778523873538e-06,0.7305129319589291,0.2770440195174156,0.8677705966344752,-0.8677042927913288,0.5263497121897839,0.3036015057839052,168462.01304394702,0.6475937366485596,0.7285495680640278,0.27492574349281307,0.5284155077323154,0.3034051693944151
5821.333333333333,78000.0,78000.0,0.5336491437592309,3.76537785231792e-06,3.7653778523873538e-06,0.7305129319589291,0.2780239300364429,0.8984945820591833,-0.8984945820592183,0.5272797455314501,0.3046059708968939,168603.21259017722,0.933363676071167,0.7267588565238552,0.27671980477257496,0.5276076931624797,0.3042305633533865
5821.5,78000.0,78000.0,0.5336491437592309,3.76537785231792e-06,3.7653778523873538e-06,0.7305129319589291,0.278882276450912,0.9363033829034754,-0.9253573568862664,0.5280930566418398,0.3054455607286238,168767.69843867637,0.7158513069152832,0.7263789790114272,0.2764884382817714,0.5304952598750605,0.30503216543387357
5821.666666666667,78000.0,78000.0,0.5336491437592309,3.76537785231792e-06,3.7653778523873538e-06,0.7305129319589291,0.2796517215803373,1.041622484534758,-0.9485399763595316,0.5288210676751934,0.3062306857719212,168960.62793890838,0.4671113491058349,0.7263052741106375,0.27786545894386033,0.5306015047106883,0.30580991998709206
5821.833333333333,78000.0,78000.0,0.5336491437592309,3.76537785231792e-06,3.7653778523873538e-06,0.7305129319589291,0.2803650400343179,1.1548342346331717,-0.9843418483063264,0.5294950803224808,0.3069333210147571,169185.58061725824,0.7634074687957764,0.7260804377446756,0.27890631525074067,0.530152989400846,0.30649007159333175
5822.0,78000.0,78000.0,0.5336491437592309,3.76537785231792e-06,3.7653778523873538e-06,0.7305129319589291,0.2810250249514255,1.281197859518555,-1.025609134485958,0.5301179350115602,0.3075895291046058,169440.35229361572,0.6677370071411133,0.7257268964365212,0.28078656749410574,0.5315918114214497,0.307110925552365
5880.166666666667,79000.0,79000.0,0.530111743831409,-4.017676592820468e-06,-4.017676592750793e-06,0.7280877308617478,0.2679090862743439,0.7364625001788656,-0.7364625001788111,0.5175993494531952,0.2940968757041491,168467.67468037063,0.1829917430877685,0.7221115041528852,0.26703103313897697,0.5197504965811266,0.29349925303326285
5880.333333333333,79000.0,79000.0,0.530111743831409,-4.017676592820468e-06,-4.017676592750793e-06,0.7280877308617478,0.2692898786332306,0.7788375554705145,-0.7527498317318174,0.5189314780768955,0.2955629823904344,168502.16833213414,0.1731839179992675,0.7227079009493255,0.26650169238370586,0.5222808798113937,0.29502499939919213
5880.5,79000.0,79000.0,0.530111743831409,-4.017676592820468e-06,-4.017676592750793e-06,0.7280877308617478,0.2706150139997059,0.8141922700033731,-0.770802617060831,0.5202067034584209,0.2969355594934612,168544.24941615088,1.2196054458618164,0.7209330530315232,0.2690876142009023,0.5216496874252747,0.2962200917104387
5880.666666666667,79000.0,79000.0,0.530111743831409,-4.017676592820468e-06,-4.017676592750793e-06,0.7280877308617478,0.2718550368819017,0.8197171868851849,-0.7825856361186082,0.5213971971623171,0.2981601273713146,168591.53731949697,0.4690017700195312,0.7222404542644426,0.2719836572438492,0.5253871478968651,0.2975753997115841
5880.833333333333,79000.0,79000.0,0.530111743831409,-4.017676592820468e-06,-4.017676592750793e-06,0.7280877308617478,0.2730256512025555,0.8141585189454894,-0.800483614798059,0.5225185657372172,0.2993923577731796,168652.21575237357,0.6952924728393555,0.7231934118023874,0.2724978410325387,0.5243475276615932,0.29890292586724354
5881.0,79000.0,79000.0,0.530111743831409,-4.017676592820468e-06,-4.017676592750793e-06,0.7280877308617478,0.2741415899719114,0.8283242573955292,-0.8283242573956398,0.5235853228588939,0.3005066413191207,168732.17200616136,0.9100387096405028,0.7208907065972953,0.27236423763200435,0.5279734912158589,0.29978693889267544
5881.166666666667,79000.0,79000.0,0.530111743831409,-4.017676592820468e-06,-4.017676592750793e-06,0.7280877308617478,0.2752071815033521,0.8632030228188897,-0.8632030228189108,0.524601927035877,0.3015922936286694,168834.40704468748,0.9291727542877196,0.7241235315396998,0.27356333557531065,0.5272346534169644,0.3011958736964646
5881.333333333333,79000.0,79000.0,0.530111743831409,-4.017676592820468e-06,-4.017676592750793e-06,0.7280877308617478,0.2761749978544081,0.9027976359536528,-0.8973837635744055,0.5255235467720799,0.3025834875469431,168951.04860633166,0.2078208923339843,0.7208690309387839,0.27386227689848897,0.5276136871961007,0.3018616175546467
5881.5,79000.0,79000.0,0.530111743831409,-4.017676592820468e-06,-4.017676592750793e-06,0.7280877308617478,0.2770203585197876,0.9272977685133598,-0.9219169226140628,0.5263272355349164,0.3034081442069495,169077.12708033377,0.5598404407501221,0.7211776111215161,0.2751997518809406,0.5280807719828714,0.30271713223292634
5881.666666666667,79000.0,79000.0,0.530111743831409,-4.017676592820468e-06,-4.017676592750793e-06,0.7280877308617478,0.2777773330107679,0.9540709280486334,-0.9455573959498266,0.5270458550665056,0.3041775490255638,169220.98833811708,0.1748826503753662,0.7210818698093177,0.27592617510446676,0.5276965437362122,0.3034769629203208
5881.833333333333,79000.0,79000.0,0.530111743831409,-4.017676592820468e-06,-4.017676592750793e-06,0.7280877308617478,0.2784803071403096,0.9912312104556256,-0.9813812478218262,0.5277123340151303,0.3048657197057901,169390.53492239575,0.1773345470428466,0.7223543222751131,0.2776690803457479,0.5289501094231912,0.3042923788471266
5882.0,79000.0,79000.0,0.530111743831409,-4.017676592820468e-06,-4.017676592750793e-06,0.7280877308617478,0.2791320359322819,1.031001957018656,-1.0206702967703885,0.5283294769871022,0.305507547613931,169584.89433273647,0.1614434719085693,0.7214748396382095,0.27544520886549456,0.5276188303907041,0.30484625849157715
5940.166666666667,79000.0,79000.0,0.5245805543838636,7.520668085497855e-06,7.520668085567987e-06,0.7242793345000695,0.2651044461963506,0.7325313257061792,-0.7325290270440189,0.5148829442153185,0.2910184794553423,168207.90629816992,0.2145431041717529,0.7209581118632329,0.2638947733321568,0.5150014744243028,0.29068635719165864
5940.333333333333,79000.0,79000.0,0.5245805543838636,7.520668085497855e-06,7.520668085567987e-06,0.7242793345000695,0.2664695940953843,0.748496552289659,-0.7484915154632991,0.5162069295636664,0.2924674494792961,168199.13453368805,0.7924914360046387,0.7178628625487578,0.26455863266699825,0.5174355112833045,0.29182580228416494
5940.5,79000.0,79000.0,0.5245805543838636,7.520668085497855e-06,7.520668085567987e-06,0.7242793345000695,0.2677805970432619,0.7653550278186505,-0.7653513593507604,0.517475213961945,0.2938241400535861,168205.5299715225,0.2646965980529785,0.7189362841012772,0.26602566336283334,0.5179303715007457,0.29328983501370687
5940.666666666667,79000.0,79000.0,0.5245805543838636,7.520668085497855e-06,7.520668085567987e-06,0.7242793345000695,0.2690087993806852,0.7799598854993498,-0.7799557312397707,0.5186605820683459,0.2950362056381868,168227.55720179254,0.2631864547729492,0.7197617880832053,0.26774828101867443,0.5201403512033924,0.2945844509965004
5940.833333333333,79000.0,79000.0,0.5245805543838636,7.520668085497855e-06,7.520668085567987e-06,0.7242793345000695,0.27016904276216,0.7964716343907553,-0.796473212981324,0.5197778782964818,0.2962566858689202,168272.70722358857,0.4736392498016357,0.7218225434772152,0.27001295122501967,0.5206259371927429,0.2960110067666347
5941.0,79000.0,79000.0,0.5245805543838636,7.520668085497855e-06,7.520668085567987e-06,0.7242793345000695,0.2712764780241338,0.8224042315557395,-0.8224389325857083,0.520842085496857,0.297362113026765,168347.305233114,0.2022538185119629,0.7212188983682779,0.2703890900910511,0.5204380971988801,0.29705606941358587
5941.166666666667,79000.0,79000.0,0.5245805543838636,7.520668085497855e-06,7.520668085567987e-06,0.7242793345000695,0.272335354353673,0.8594875070841191,-0.8595079716319503,0.521857599689701,0.2984412658069352,168455.8589846171,0.3480169773101806,0.7201473891675536,0.27299157332190815,0.5214217940588266,0.2980280712736836
5941.333333333333,79000.0,79000.0,0.5245805543838636,7.520668085497855e-06,7.520668085567987e-06,0.7242793345000695,0.2732984180718125,0.8932474966550311,-0.8937776275343146,0.5227795119114161,0.2994283076045126,168591.61818727892,0.6479794979095459,0.7207318394842067,0.2724414470963125,0.5229038601444755,0.29907355810292635
5941.5,79000.0,79000.0,0.5245805543838636,7.520668085497855e-06,7.520668085567987e-06,0.7242793345000695,0.2741420681815589,0.9147676182903864,-0.914884512436122,0.5235857792095348,0.300253318457694,168750.99318087558,0.1688168048858642,0.7191179872994771,0.27254706543425833,0.5242857310195701,0.29973718373763475
5941.666666666667,79000.0,79000.0,0.5245805543838636,7.520668085497855e-06,7.520668085567987e-06,0.7242793345000695,0.2748985045039132,0.9419489308678142,-0.9732910045454968,0.524307643013846,0.3010249728972041,168939.42119906057,0.2431671619415283,0.7205121442655674,0.2722993036579557,0.5240210631746399,0.3006482538737539
5941.833333333333,79000.0,79000.0,0.5245805543838636,7.520668085497855e-06,7.520668085567987e-06,0.7242793345000695,0.2755999991305499,0.974466649307758,-1.0928594692408062,0.5249761891363015,0.301715799480152,169160.70853449774,0.2004132270812988,0.7225906008360657,0.2735451656675297,0.52520156259634,0.3015469261137516
5942.0,79000.0,79000.0,0.5245805543838636,7.520668085497855e-06,7.520668085567987e-06,0.7242793345000695,0.2762493077554983,1.0174875334701623,-1.2239727710866353,0.5255942425476944,0.3023612010543892,169412.76833829712,0.2059347629547119,0.7220131280627146,0.27560530594169635,0.5278113411869672,0.30213458041065366
6000.166666666667,80000.0,80000.0,0.5241526480544448,-1.5218032843441014e-07,-1.5218032836957842e-07,0.7239838727861587,0.2648966273160366,0.7305836370925465,-0.7305836370926199,0.5146810930781599,0.2907899849279449,168443.9427229479,0.2533853054046631,0.7213417595162418,0.263498478976997,0.5167101481802677,0.2905257736009532
6000.333333333333,80000.0,80000.0,0.5241526480544448,-1.5218032843441014e-07,-1.5218032836957842e-07,0.7239838727861587,0.2662620293455972,0.74627635869713,-0.7675520947404649,0.5160058426311727,0.2922397368258863,168481.15170988734,0.6938714981079102,0.7210750485075341,0.2646328234669497,0.5180816104029571,0.2919488543980238
6000.5,80000.0,80000.0,0.5241526480544448,-1.5218032843441014e-07,-1.5218032836957842e-07,0.7239838727861587,0.2675724821998301,0.7656966881597215,-0.8170282459220349,0.5172740883751648,0.2935970437240141,168526.84206329018,0.2103528976440429,0.7230675311265268,0.26804337147826357,0.5165754911917855,0.2935054095580509
6000.666666666667,80000.0,80000.0,0.5241526480544448,-1.5218032843441014e-07,-1.5218032836957842e-07,0.7239838727861587,0.2687988619194592,0.7801915267360178,-0.8336371108810312,0.5184581586124213,0.294808183015726,168578.57189307662,0.1946692466735839,0.7266665894012617,0.2707768969305693,0.5174981011242351,0.29507645467723626
6000.833333333333,80000.0,80000.0,0.5241526480544448,-1.5218032843441014e-07,-1.5218032836957842e-07,0.7239838727861587,0.2699566084837141,0.7946057808701477,-0.8379179822755741,0.5195734874014775,0.2960268997616166,168644.21634756352,0.2212610244750976,0.7269847767080418,0.27068330390699313,0.5196369302447812,0.2963269901538049
6001.0,80000.0,80000.0,0.5241526480544448,-1.5218032843441014e-07,-1.5218032836957842e-07,0.7239838727861587,0.2710603101254794,0.822923798717329,-0.8460658863143647,0.5206345267655604,0.2971290544189709,168729.49965716165,0.188101053237915,0.7246668427150791,0.26920476417165784,0.5218307184615183,0.29719735141186293
6001.166666666667,80000.0,80000.0,0.5241526480544448,-1.5218032843441014e-07,-1.5218032836957842e-07,0.7239838727861587,0.2721142232489419,0.8600790992814702,-0.8600790981657157,0.5216456877930358,0.2982029704053753,168837.32489360758,0.7887732982635498,0.7217507273212291,0.27078302774325114,0.5229466238097437,0.29797965585888236
6001.333333333333,80000.0,80000.0,0.5241526480544448,-1.5218032843441014e-07,-1.5218032836957842e-07,0.7239838727861587,0.2730714003155599,0.8915299790353467,-0.8915299730767104,0.5225623414240482,0.2991834285732405,168959.57014384342,0.2000653743743896,0.7243540211437006,0.2711975562187595,0.5239979955340817,0.2992204434089947
6001.5,80000.0,80000.0,0.5241526480544448,-1.5218032843441014e-07,-1.5218032836957842e-07,0.7239838727861587,0.2739074286906823,0.9166884561973774,-0.919804998346079,0.5233616618010007,0.2999992027184049,169091.04447703544,0.6273007392883301,0.7224393223488232,0.27436787803698004,0.523717443871977,0.29984474767467134
6001.666666666667,80000.0,80000.0,0.5241526480544448,-1.5218032843441014e-07,-1.5218032836957842e-07,0.7239838727861587,0.2746558899892367,0.9408887445222884,-0.9408887443414522,0.5240762256887913,0.3007601747065663,169239.7890482874,0.1942613124847412,0.7219468161960674,0.275925107273627,0.5255078034643345,0.3005564690475572
6001.833333333333,80000.0,80000.0,0.5241526480544448,-1.5218032843441014e-07,-1.5218032836957842e-07,0.7239838727861587,0.2753507141055261,0.9748442406385472,-0.9841881001733817,0.5247387106471351,0.3014405620197304,169413.44436607105,0.2018971443176269,0.725336392340653,0.2741152856558129,0.5248767115588167,0.30157581397517985
6002.0,80000.0,80000.0,0.5241526480544448,-1.5218032843441014e-07,-1.5218032836957842e-07,0.7239838727861587,0.2759946153322218,1.0170533757985454,-1.0194689152549512,0.5253518969909239,0.3020749182089366,169611.00994677612,0.3663868904113769,0.7232547230686278,0.274246720661317,0.5258497783283087,0.3020020032371835
6060.166666666667,81000.0,81000.0,0.5176374910392698,-7.69660107643294e-06,-7.696601076365796e-06,0.7194702850286937,0.2615965659477978,0.7273463943746554,-0.7273463943738956,0.5114651171066729,0.2871676678853233,168233.65707663147,0.2229137420654297,0.7194767585919299,0.26188942153980194,0.5119357692044593,0.2871683152416469
6060.333333333333,81000.0,81000.0,0.5176374910392698,-7.69660107643294e-06,-7.696601076365796e-06,0.7194702850286937,0.262943527224817,0.7435259596462468,-0.7435259592040169,0.5127801939222113,0.288597352250099,168222.56299204653,0.4872596263885498,0.7211308349004196,0.2642879975654897,0.5163377379164183,0.2887634072372716
6060.5,81000.0,81000.0,0.5176374910392698,-7.69660107643294e-06,-7.696601076365796e-06,0.7194702850286937,0.2642369718792507,0.7617879393492686,-0.7617879024275506,0.5140398544063187,0.2899359437078926,168225.6847523247,0.1938991546630859,0.7208418147761511,0.26646653604390846,0.5186523990662069,0.29007309668263836
6060.666666666667,81000.0,81000.0,0.5176374910392698,-7.69660107643294e-06,-7.696601076365796e-06,0.7194702850286937,0.2654486189605862,0.7742225527517157,-0.774227003674647,0.5152170600673712,0.2911316347319212,168243.52336387697,0.1863801479339599,0.7220884204850816,0.2692773815769913,0.5200720264025014,0.29139344827756003
6060.833333333333,81000.0,81000.0,0.5176374910392698,-7.69660107643294e-06,-7.696601076365796e-06,0.7194702850286937,0.2665932051653474,0.7904738731627095,-0.790473873162809,0.5163266458154859,0.2923356209693304,168283.88190128774,0.4410178661346435,0.7216404223194127,0.26717007111521573,0.5195402145658367,0.2925526346984023
6061.0,81000.0,81000.0,0.5176374910392698,-7.69660107643294e-06,-7.696601076365796e-06,0.7194702850286937,0.2676856555771384,0.8186612612726772,-0.8186713523128843,0.5173834705352365,0.2934260052151088,168353.24352829027,0.7598967552185059,0.7219900595046974,0.2684830252873213,0.5218211549620414,0.29367798266270917
6061.166666666667,81000.0,81000.0,0.5176374910392698,-7.69660107643294e-06,-7.696601076365796e-06,0.7194702850286937,0.2687301861979499,0.8538777002652453,-0.8538557800609551,0.5183919233547867,0.2944903762398871,168456.2003319187,0.7303009033203125,0.7213481830720866,0.26891919950993204,0.5212026680443904,0.2946781660442264
6061.333333333333,81000.0,81000.0,0.5176374910392698,-7.69660107643294e-06,-7.696601076365796e-06,0.7194702850286937,0.2696802231191969,0.8860169983666477,-0.886031024737787,0.5193074456612606,0.2954639039034986,168586.2401455218,0.572930097579956,0.7204510931836013,0.26966933385219044,0.5215687524958842,0.29556198471898937
6061.5,81000.0,81000.0,0.5176374910392698,-7.69660107643294e-06,-7.696601076365796e-06,0.7194702850286937,0.2705124801500909,0.9115964212324792,-0.9114047719755288,0.5201081427468948,0.2962775402782251,168739.9810774146,0.72930908203125,0.7206484305363098,0.26952415147924413,0.5227597907942039,0.2963953548289867
6061.666666666667,81000.0,81000.0,0.5176374910392698,-7.69660107643294e-06,-7.696601076365796e-06,0.7194702850286937,0.2712588464264487,0.93491666906221,-0.9333065636956396,0.5208251591784437,0.2970386831484359,168923.18743545446,1.3633620738983154,0.7186630414386435,0.27083957678368076,0.5214532651576411,0.2969579587894309
6061.833333333333,81000.0,81000.0,0.5176374910392698,-7.69660107643294e-06,-7.696601076365796e-06,0.7194702850286937,0.2719512496366615,1.0262127449668,-0.9699241865714396,0.521489453057553,0.2977203298802443,169139.96012407032,0.6314494609832764,0.7203924463834713,0.27114669272917624,0.5235781555192008,0.2978125460157221
6062.0,81000.0,81000.0,0.5176374910392698,-7.69660107643294e-06,-7.696601076365796e-06,0.7194702850286937,0.2725924183114968,1.1594697031535384,-1.0085330644319952,0.5221038386521492,0.2983573540945947,169388.3493003529,0.7511491775512695,0.720710403169075,0.27253720204504694,0.5232945237342491,0.29848136590863283
6120.166666666667,81000.0,81000.0,0.5167580149837678,3.606165914361436e-06,3.606165914433962e-06,0.7188588282714262,0.2611585624719142,0.7273330936598447,-0.7272649366998553,0.5110367527884617,0.2866865660422745,168416.39624432824,0.1786842346191406,0.7196494180711921,0.2594565896834051,0.5113693108865357,0.28676562502225106
6120.333333333333,81000.0,81000.0,0.5167580149837678,3.606165914361436e-06,3.606165914433962e-06,0.7188588282714262,0.2625048072344442,0.7487585012614651,-0.7432064880842282,0.5123522299083708,0.2881159553798435,168455.5148617473,0.1893801689147949,0.7205294541357358,0.26076517479609945,0.5136838973166737,0.2882830179662745
6120.5,81000.0,81000.0,0.5167580149837678,3.606165914361436e-06,3.606165914433962e-06,0.7188588282714262,0.263796972582402,0.8116838996737633,-0.7603774738513056,0.5136116946322591,0.2894542404027431,168504.11493067926,0.7062399387359619,0.7221501748796939,0.2605579348500698,0.5141078521322745,0.2897833750635699
6120.666666666667,81000.0,81000.0,0.5167580149837678,3.606165914361436e-06,3.606165914433962e-06,0.7188588282714262,0.2650063540891462,0.839070655736063,-0.7734395687971607,0.5147876789331949,0.2906486215942294,168559.7432454828,0.1933867931365966,0.7199027484809041,0.2621455014344003,0.515514439619225,0.2907530136151772
6120.833333333333,81000.0,81000.0,0.5167580149837678,3.606165914361436e-06,3.606165914433962e-06,0.7188588282714262,0.2661480782243947,0.8530236720567215,-0.7906399860546647,0.5158954143374762,0.2918504883136166,168629.96247834247,0.1983749866485595,0.7204945480059203,0.2660192386604469,0.5172255266763801,0.292014060287066
6121.0,81000.0,81000.0,0.5167580149837678,3.606165914361436e-06,3.606165914433962e-06,0.7188588282714262,0.2672365570161873,0.8731061222341261,-0.8170840414363325,0.5169492792704582,0.2929375218481076,168720.34540507756,0.195779800415039,0.7181674479207625,0.26656473949264076,0.5179293793939065,0.29286838381304126
6121.166666666667,81000.0,81000.0,0.5167580149837678,3.606165914361436e-06,3.606165914433962e-06,0.7188588282714262,0.2682759639112744,0.8892567730588241,-0.8521572476319682,0.5179536313670925,0.293996817538956,168833.72535093152,0.1939899921417236,0.7200916755705492,0.2673828820773068,0.518048621050098,0.2941201022688683
6121.333333333333,81000.0,81000.0,0.5167580149837678,3.606165914361436e-06,3.606165914433962e-06,0.7188588282714262,0.2692199576518618,0.8865690094942101,-0.8865690099211739,0.5188641036006034,0.2949639378810678,168961.7562465842,0.6078431606292725,0.7199368563088777,0.2675142883344028,0.5195884801689525,0.29507174068481296
6121.5,81000.0,81000.0,0.5167580149837678,3.606165914361436e-06,3.606165914433962e-06,0.7188588282714262,0.2700444746011637,0.9090712338221988,-0.9090712346270858,0.5196580365518191,0.2957687258434063,169099.05499200348,0.1888623237609863,0.7198047521767801,0.2685426591856425,0.5204232499112585,0.2958633182339417
6121.666666666667,81000.0,81000.0,0.5167580149837678,3.606165914361436e-06,3.606165914433962e-06,0.7188588282714262,0.2707824964352316,0.9346114882590764,-0.9346114902384236,0.5203676553959549,0.2965193422248384,169253.3163866067,0.2134032249450683,0.7215638424671014,0.267830512014742,0.5206331321430973,0.2967898436444059
6121.833333333333,81000.0,81000.0,0.5167580149837678,3.606165914361436e-06,3.606165914433962e-06,0.7188588282714262,0.2714673782963178,0.9681235269890268,-0.9681235284420712,0.521025314788283,0.2971902500642835,169431.85595965397,0.1943018436431884,0.722649415514905,0.2694423536171415,0.5212944012291693,0.2975693087886314
6122.0,81000.0,81000.0,0.5167580149837678,3.606165914361436e-06,3.606165914433962e-06,0.7188588282714262,0.272101787299975,1.0101260948483173,-1.0092819053674873,0.5216337677447886,0.2978155823849179,169633.52786700163,0.1992630958557129,0.7205564283602495,0.2712315760639533,0.5213723889057318,0.2979853423938002
6180.166666666667,82000.0,82000.0,0.5133149059216296,-3.897146374534815e-06,-3.897146374466886e-06,0.71645998207969,0.2594130853842782,0.723823418516196,-0.7238234185168145,0.5093261091656905,0.2847707118895493,168262.76670199138,0.3220417499542236,0.7174389331324096,0.2606880622116868,0.5105338275591629,0.28486860699482125
6180.333333333333,82000.0,82000.0,0.5133149059216296,-3.897146374534815e-06,-3.897146374466886e-06,0.71645998207969,0.2607487072394269,0.7394542926726284,-0.7394542930763539,0.5106355915101368,0.2861883860177269,168250.19233636226,0.2225430011749267,0.7209239833075731,0.2603280707095016,0.5106662098571301,0.2866347861405152
6180.5,82000.0,82000.0,0.5133149059216296,-3.897146374534815e-06,-3.897146374466886e-06,0.71645998207969,0.2620311598987169,0.7569580163505664,-0.7569478499632761,0.5118897927862465,0.2875156902610709,168250.7929977818,0.3221280574798584,0.7200516021545145,0.2621129030705563,0.5132408094465183,0.2878748522685533
6180.666666666667,82000.0,82000.0,0.5133149059216296,-3.897146374534815e-06,-3.897146374466886e-06,0.71645998207969,0.2632323859712291,0.7720630205556729,-0.7720630205556483,0.513061776019926,0.2887010764658778,168265.0556817593,0.2030797004699707,0.7180151276677366,0.26321521280309657,0.5160452604437421,0.2888565910246824
6180.833333333333,82000.0,82000.0,0.5133149059216296,-3.897146374534815e-06,-3.897146374466886e-06,0.71645998207969,0.2643670976627747,0.7871521717685291,-0.7871521717684913,0.5141664105044054,0.2898946669848244,168301.09407724324,0.4685800075531006,0.7183226522319839,0.2650091401569302,0.5161737100639351,0.2900809340000538
6181.0,82000.0,82000.0,0.5133149059216296,-3.897146374534815e-06,-3.897146374466886e-06,0.71645998207969,0.2654500618776371,0.8135454535763778,-0.8135500824702588,0.5152184603586136,0.2909755081585975,168365.53503194294,0.1967418193817138,0.716504067003506,0.26508712770203663,0.5175073040373167,0.2909799166509791
6181.166666666667,82000.0,82000.0,0.5133149059216296,-3.897146374534815e-06,-3.897146374466886e-06,0.71645998207969,0.2664854818675468,0.8509826405050094,-0.8509826405049437,0.5162223182661246,0.2920304365614448,168463.0254905783,0.2053475379943847,0.7147010675967441,0.2657856799025559,0.5184398004146544,0.2918545451131502
6181.333333333333,82000.0,82000.0,0.5133149059216296,-3.897146374534815e-06,-3.897146374466886e-06,0.71645998207969,0.2674272296190738,0.8830366978586992,-0.8830222290602386,0.5171336670752146,0.2929953033548552,168587.26198771186,0.2340266704559326,0.715979981138236,0.26694415110825537,0.5207363341381497,0.2929473032607098
6181.5,82000.0,82000.0,0.5133149059216296,-3.897146374534815e-06,-3.897146374466886e-06,0.71645998207969,0.2682522019000953,0.9064618771983618,-0.9064618771983448,0.5179306921783456,0.2938015628907803,168735.0378363725,0.1991100311279297,0.7152404706425023,0.2664944746699363,0.5201592413503757,0.29367961174706153
6181.666666666667,82000.0,82000.0,0.5133149059216296,-3.897146374534815e-06,-3.897146374466886e-06,0.71645998207969,0.2689921566239428,0.931637635832508,-0.931614734005702,0.5186445378336868,0.2945558938825411,168912.480444077,0.5571842193603516,0.7149297114850963,0.2663930370276562,0.5209614177276966,0.29440286682308175
6181.833333333333,82000.0,82000.0,0.5133149059216296,-3.897146374534815e-06,-3.897146374466886e-06,0.71645998207969,0.269678862878664,0.963695494664316,-0.9668765457480392,0.5193061359953548,0.2952316486277637,169124.043130383,0.1995077133178711,0.7172952575924445,0.2670205143996023,0.5215565786081868,0.29531517617903913
6182.0,82000.0,82000.0,0.5133149059216296,-3.897146374534815e-06,-3.897146374466886e-06,0.71645998207969,0.2703150347533858,1.0067958181496972,-1.0886102665763775,0.5199182962381615,0.2958633372471862,169367.92807233238,0.3448677062988281,0.7178227312385286,0.26991729875368214,0.5196941881073379,0.2959996121630701
6240.166666666667,82000.0,82000.0,0.5079971931994159,7.227680770721984e-06,7.227680770790577e-06,0.7127392182274075,0.2567299848655895,0.7199029649733997,-0.720209384292399,0.5066852919362159,0.2818251406678688,168385.97485523642,0.2767493724822998,0.7109237422111983,0.2573468794054832,0.5066861743207347,0.28164359306624787
6240.333333333333,82000.0,82000.0,0.5079971931994159,7.227680770721984e-06,7.227680770790577e-06,0.7127392182274075,0.25805348271378,0.7360099681478331,-0.7360099681478247,0.5079896484594321,0.2832303491861634,168426.13224715908,0.3995771408081054,0.7129428072715344,0.2599422296797966,0.5081448350420004,0.2832507080905761
6240.5,82000.0,82000.0,0.5079971931994159,7.227680770721984e-06,7.227680770790577e-06,0.7127392182274075,0.2593239210688782,0.7545138320305028,-0.7983317438304185,0.5092385701432857,0.2845460362666188,168476.84322502572,0.2920491695404053,0.7157565464005112,0.2602294902991649,0.5112202709938478,0.28484776908392917
6240.666666666667,82000.0,82000.0,0.5079971931994159,7.227680770721984e-06,7.227680770790577e-06,0.7127392182274075,0.2605130984705565,0.7676097693599937,-0.8360560031773172,0.5104048380826237,0.2857204765901217,168535.69361853012,0.1871967315673828,0.7129210096995653,0.26151089707797126,0.5111777872542019,0.2857386557373375
6240.833333333333,82000.0,82000.0,0.5079971931994159,7.227680770721984e-06,7.227680770790577e-06,0.7127392182274075,0.2616357847431482,0.7822841414640475,-0.8593918573589736,0.5115034555417164,0.2869023034425343,168609.94035843946,0.1936526298522949,0.7133637639965836,0.262346419291451,0.51190838764552,0.2869647580194519
6241.0,82000.0,82000.0,0.5079971931994159,7.227680770721984e-06,7.227680770790577e-06,0.7127392182274075,0.2627061845933947,0.8108683404772571,-0.8910233099898519,0.5125487146572263,0.2879713500843492,168705.02153794357,0.6048111915588379,0.7124281748286221,0.26325235789376783,0.5128014662397334,0.2879402457444707
6241.166666666667,82000.0,82000.0,0.5079971931994159,7.227680770721984e-06,7.227680770790577e-06,0.7127392182274075,0.2637283789778146,0.8464139155173768,-0.920956946636853,0.5135449145864006,0.289013258573546,168823.73125312573,0.205162763595581,0.7143403048640768,0.2649684188755012,0.5146553831922565,0.28917336723721293
6241.333333333333,82000.0,82000.0,0.5079971931994159,7.227680770721984e-06,7.227680770790577e-06,0.7127392182274075,0.2646567550893403,0.8766933325771656,-0.928167164593897,0.5144480104250418,0.2899645441707932,168957.5324091924,0.2205188274383545,0.7117477668220809,0.26608816030208177,0.516348920345905,0.28986539903026054
6241.5,82000.0,82000.0,0.5079971931994159,7.227680770721984e-06,7.227680770790577e-06,0.7127392182274075,0.2654676753953085,0.9029265605298104,-0.9099193197232244,0.5152355536445276,0.2907563224650766,169100.88543610665,0.1720914840698242,0.7115170689387793,0.26609000319034143,0.5164220266751133,0.29063410753621377
6241.666666666667,82000.0,82000.0,0.5079971931994159,7.227680770721984e-06,7.227680770790577e-06,0.7127392182274075,0.2661934202556255,0.9249168277026422,-0.9249168276795744,0.515939357482827,0.2914947381948891,169261.1089425438,0.4136264324188232,0.7124526968971631,0.2660487485236919,0.5170144887269059,0.29146608606186464
6241.833333333333,82000.0,82000.0,0.5079971931994159,7.227680770721984e-06,7.227680770790577e-06,0.7127392182274075,0.2668666608973225,0.960622366750489,-0.9606222146087284,0.5165913871251825,0.2921545484023686,169445.14162342992,0.1860520839691162,0.7130073517442914,0.2674981032604477,0.517777099700012,0.292181361754057
6242.0,82000.0,82000.0,0.5079971931994159,7.227680770721984e-06,7.227680770790577e-06,0.7127392182274075,0.2674900115099866,1.0002116937999237,-1.0002109997478792,0.5171943656561492,0.2927693840874097,169651.67986694374,0.7591946125030518,0.7130916392621859,0.2663474568407994,0.5182918623374592,0.29280462619088754
6300.166666666667,83000.0,83000.0,0.5075524793679771,-1.702043832636671e-07,-1.702043831969833e-07,0.7124271747820805,0.256502017175238,0.7207313288520307,-0.7207620020703257,0.5064602820503705,0.2815750436168578,168294.24210055263,0.5083587169647217,0.7119820098105849,0.2570896261291822,0.5067362860847204,0.2815305271197083
6300.333333333333,83000.0,83000.0,0.5075524793679771,-1.702043832636671e-07,-1.702043831969833e-07,0.7124271747820805,0.2578225835955942,0.736622569850564,-0.7366682841480922,0.5077623299326044,0.2829767698380192,168281.07997665516,0.3542737960815429,0.7125664298556657,0.25795516066310437,0.508025887015716,0.28299069534537774
6300.5,83000.0,83000.0,0.5075524793679771,-1.702043832636671e-07,-1.702043831969833e-07,0.7124271747820805,0.2590904709265123,0.7540675982085271,-0.7540773001179859,0.5090093034617931,0.2842891015967555,168279.99812002914,0.1874630451202392,0.7122608901064157,0.2584072785335097,0.509950531407564,0.284272473129189
6300.666666666667,83000.0,83000.0,0.5075524793679771,-1.702043832636671e-07,-1.702043831969833e-07,0.7124271747820805,0.2602779167211693,0.7655893255406253,-0.7656921536727562,0.5101743984010214,0.2854608844336549,168291.41957069954,0.1996138095855713,0.7136302275325416,0.25923465865864737,0.5103425567561805,0.285581189708701
6300.833333333333,83000.0,83000.0,0.5075524793679771,-1.702043832636671e-07,-1.702043831969833e-07,0.7124271747820805,0.2613995699330211,0.7834376211487605,-0.7834748909131564,0.5112725007077311,0.2866407453445673,168323.75656584624,0.2196788787841797,0.7106967604220118,0.26025967391606203,0.510595008500613,0.2864677039085604
6301.0,83000.0,83000.0,0.5075524793679771,-1.702043832636671e-07,-1.702043831969833e-07,0.7124271747820805,0.2624699912204887,0.8103320352396919,-0.8103278237810312,0.5123182519222028,0.2877090063221028,168383.7604520848,0.6659235954284668,0.7121447512336984,0.26229920704124116,0.5123871969337547,0.28768076396726455
6301.166666666667,83000.0,83000.0,0.5075524793679771,-1.702043832636671e-07,-1.702043831969833e-07,0.7124271747820805,0.2634933576944842,0.844085434626086,-0.8440854346261409,0.5133160407733307,0.2887515033413537,168476.10167845164,0.6461811065673828,0.7125957109520581,0.26068378723944174,0.5125588704231837,0.28876835695835146
6301.333333333333,83000.0,83000.0,0.5075524793679771,-1.702043832636671e-07,-1.702043831969833e-07,0.7124271747820805,0.2644241166318828,0.878432725510525,-0.8783480918948935,0.5142218554717056,0.2897049472377875,168594.64892723708,0.9194135665893556,0.7109158821153884,0.2621276156575268,0.5144793589548136,0.2895538179711183
6301.5,83000.0,83000.0,0.5075524793679771,-1.702043832636671e-07,-1.702043831969833e-07,0.7124271747820805,0.2652393994222662,0.9017735096294434,-0.9017735096294536,0.5150139798365998,0.2905014697496477,168736.33216868073,0.5192966461181641,0.7106224782828647,0.26233007841449857,0.5152929122437168,0.2903210000997261
6301.666666666667,83000.0,83000.0,0.5075524793679771,-1.702043832636671e-07,-1.702043831969833e-07,0.7124271747820805,0.265970756777046,0.9262039694859404,-0.925651951964162,0.5157235274619039,0.2912467391058784,168907.6655350627,0.7362422943115234,0.7104419250811493,0.26328387638655354,0.516827570075068,0.2910482141357853
6301.833333333333,83000.0,83000.0,0.5075524793679771,-1.702043832636671e-07,-1.702043831969833e-07,0.7124271747820805,0.2666497299883844,0.9600795716817888,-0.9600795716819408,0.5163813803657332,0.2919145552008697,169113.50054249173,0.5349113941192627,0.7103915241382079,0.26638420239014093,0.5156052138239433,0.29171099013648244
6302.0,83000.0,83000.0,0.5075524793679771,-1.702043832636671e-07,-1.702043831969833e-07,0.7124271747820805,0.2672790097667954,1.0075947334424995,-0.9993279228811256,0.5169903381772917,0.2925389597123629,169352.20122603406,1.1766259670257568,0.7106882386290096,0.2696207016306597,0.5178962343932085,0.2923650660970558
6360.166666666667,84000.0,84000.0,0.5012394417354997,-7.4431388460982995e-06,-7.443138846034667e-06,0.7079826563804369,0.2533136809085324,0.7158402828254236,-0.7158402828253768,0.5033027727697088,0.2780749396031023,168353.71625340928,0.2792592048645019,0.7051292661627361,0.2543980799088646,0.5026836058738448,0.27778960058133223
6360.333333333333,84000.0,84000.0,0.5012394417354997,-7.4431388460982995e-06,-7.443138846034667e-06,0.7079826563804369,0.2546196187499484,0.7313912174897378,-0.7313912174897483,0.5045984729940846,0.2794614688107253,168394.00611232765,0.1986119747161865,0.7058869103094845,0.25330724031584384,0.5034789115942236,0.27925189420363006
6360.5,84000.0,84000.0,0.5012394417354997,-7.4431388460982995e-06,-7.443138846034667e-06,0.7079826563804369,0.2558733111913709,0.7798272794021978,-0.7476461742667565,0.505839214983185,0.2807597064464734,168445.9571796861,0.4572615623474121,0.7061480032675309,0.25584625672337247,0.5056502303743182,0.2805762411351828
6360.666666666667,84000.0,84000.0,0.5012394417354997,-7.4431388460982995e-06,-7.443138846034667e-06,0.7079826563804369,0.257046955202497,0.8274796254597823,-0.7626503797702388,0.5069979836680051,0.2819188023951121,168507.24334567174,0.1891226768493652,0.706478885977344,0.2565033958532418,0.5075968676033117,0.2817684253548028
6360.833333333333,84000.0,84000.0,0.5012394417354997,-7.4431388460982995e-06,-7.443138846034667e-06,0.7079826563804369,0.2581550225795704,0.8598998462607539,-0.7783709028635113,0.5080895815138211,0.2830852262175479,168584.8329565232,0.1650915145874023,0.7083165718746884,0.25794454193668004,0.5085948852835579,0.28311861776697306
6361.0,84000.0,84000.0,0.5012394417354997,-7.4431388460982995e-06,-7.443138846034667e-06,0.7079826563804369,0.2592115721476437,0.902693418850351,-0.803366721059701,0.5091282475263368,0.2841404940984352,168684.05078994873,0.4833228588104248,0.7062492585054604,0.2585286017475228,0.5094494741444676,0.28396715431093755
6361.166666666667,84000.0,84000.0,0.5012394417354997,-7.4431388460982995e-06,-7.443138846034667e-06,0.7079826563804369,0.2602206106343167,0.9460007462266438,-0.8404738144970822,0.5101182323100404,0.2851691365507183,168807.6835623085,0.1941866874694824,0.7053558070252236,0.258916948286744,0.5117242715391154,0.28490645161519695
6361.333333333333,84000.0,84000.0,0.5012394417354997,-7.4431388460982995e-06,-7.443138846034667e-06,0.7079826563804369,0.2611370754309556,0.9666033325285772,-0.8730283609071136,0.511015729459845,0.2861083767280122,168947.0427895079,0.2262217998504638,0.7078627666333455,0.2591962772156035,0.5125235251300831,0.28609638775330304
6361.5,84000.0,84000.0,0.5012394417354997,-7.4431388460982995e-06,-7.443138846034667e-06,0.7079826563804369,0.261937674189302,0.9603716392189884,-0.8947427252084277,0.5117984706125754,0.2868903455931159,169096.4734616844,0.7689368724822998,0.7048861725117606,0.2588393002663966,0.5134439036771109,0.28658069720624824
6361.666666666667,84000.0,84000.0,0.5012394417354997,-7.4431388460982995e-06,-7.443138846034667e-06,0.7079826563804369,0.2626541044800174,0.9408631684424692,-0.9207794116954746,0.5124979071340415,0.28761958787756,169262.90097776405,0.2418556213378906,0.704597722868937,0.26161352810690175,0.5136426440201991,0.28728109452641
6361.833333333333,84000.0,84000.0,0.5012394417354997,-7.4431388460982995e-06,-7.443138846034667e-06,0.7079826563804369,0.2633184663796344,0.95192914090909,-0.9519293140444164,0.513145658395512,0.2882710415532724,169452.84819385488,0.2064888477325439,0.7063730727653798,0.2630183579595932,0.5144574256865536,0.2881100831917667
6362.0,84000.0,84000.0,0.5012394417354997,-7.4431388460982995e-06,-7.443138846034667e-06,0.7079826563804369,0.2639333329657091,0.9947635486214929,-0.9947635486214808,0.5137444241275824,0.2888779739781463,169664.84671308968,0.1835579872131347,0.7069255868144393,0.26367800857931284,0.5166249099814667,0.2887722670215465
6420.166666666667,84000.0,84000.0,0.5004060443121803,3.4538125023670267e-06,3.4538125024319454e-06,0.7073938396057604,0.2528915294608728,0.7136291316723666,-0.7136291316724087,0.5028832166676441,0.2776115865795356,168327.0095161077,0.1796262264251709,0.7078985323803139,0.2530542806731318,0.5037957483279217,0.27766205585699094
6420.333333333333,84000.0,84000.0,0.5004060443121803,3.4538125023670267e-06,3.4538125024319454e-06,0.7073938396057604,0.2541934713311368,0.7296881641482457,-0.7296881641482831,0.5041760322155,0.2789935815431923,168314.1721875953,0.440962553024292,0.7045363805782314,0.25297998545642014,0.5071602976240583,0.27870783564043944
6420.5,84000.0,84000.0,0.5004060443121803,3.4538125023670267e-06,3.4538125024319454e-06,0.7073938396057604,0.2554433658764763,0.7484679720810257,-0.7484567391048124,0.5054140540057209,0.2802874017371871,168312.30378018887,0.4774732589721679,0.7071899342752809,0.25331383242773287,0.5084827426877424,0.2802670112041391
6420.666666666667,84000.0,84000.0,0.5004060443121803,3.4538125023670267e-06,3.4538125024319454e-06,0.7073938396057604,0.2566138150232028,0.7623225592948988,-0.7622228391453001,0.50657064177624,0.2814424233299175,168321.7156224062,0.2012250423431396,0.7066954874833634,0.255021727836446,0.5105267435161074,0.2813725881176778
6420.833333333333,84000.0,84000.0,0.5004060443121803,3.4538125023670267e-06,3.4538125024319454e-06,0.7073938396057604,0.2577193628880189,0.7759195885466112,-0.7758833302705648,0.5076606769850401,0.2826053641722005,168351.09624364795,0.3399579524993896,0.7066891325753645,0.2570830633257298,0.5120035222698364,0.2825348934691609
6421.0,84000.0,84000.0,0.5004060443121803,3.4538125023670267e-06,3.4538125024319454e-06,0.7073938396057604,0.2587743193679033,0.8045287530729198,-0.804382882615928,0.5086986528578934,0.2836581445961766,168407.29805901952,0.3596808910369873,0.706627903776375,0.25814829034054054,0.5133810878465108,0.28358155101323806
6421.166666666667,84000.0,84000.0,0.5004060443121803,3.4538125023670267e-06,3.4538125024319454e-06,0.7073938396057604,0.2597828216566903,0.840390901618141,-0.8403480476579422,0.5096889460192082,0.2846853622786721,168494.98286162384,0.2156088352203369,0.7069236968620922,0.2608408728878955,0.5137249821286255,0.28463834800430526
6421.333333333333,84000.0,84000.0,0.5004060443121803,3.4538125023670267e-06,3.4538125024319454e-06,0.7073938396057604,0.2607000142522186,0.8705972723396003,-0.870674494160189,0.5105879104322235,0.2856247532336797,168608.14904510378,0.1973793506622314,0.7083371741901484,0.26067530610093953,0.5138539192042203,0.2857190866921185
6421.5,84000.0,84000.0,0.5004060443121803,3.4538125023670267e-06,3.4538125024319454e-06,0.7073938396057604,0.2615033138065845,0.8960007020158286,-0.8959769419227656,0.5113739471478687,0.2864092987300766,168743.8200216111,0.1971116065979004,0.7064480304379973,0.2602983728436099,0.5149990654027834,0.28631471781330026
6421.666666666667,84000.0,84000.0,0.5004060443121803,3.4538125023670267e-06,3.4538125024319454e-06,0.7073938396057604,0.2622239845097743,0.918948285539789,-0.919447177394748,0.5120781039218171,0.2871433684754723,168908.90706205822,0.2601113319396972,0.7087147374968533,0.2614281205214832,0.5146352719813719,0.28727545826458156
6421.833333333333,84000.0,84000.0,0.5004060443121803,3.4538125023670267e-06,3.4538125024319454e-06,0.7073938396057604,0.2628932679684349,0.9529641244976426,-0.9537082469953924,0.512731184901809,0.287801292809598,169108.6920688836,0.8162117004394531,0.709106454308505,0.2619849998317521,0.516664359517545,0.28797255427987245
6422.0,84000.0,84000.0,0.5004060443121803,3.4538125023670267e-06,3.4538125024319454e-06,0.7073938396057604,0.2635138226148767,0.9934800364401396,-0.99348003643697,0.5133359744017796,0.288416547499941,169341.70525746892,0.2324156761169433,0.708411219076013,0.26263674059907666,0.5181363892361316,0.2885182854469663
6480.166666666667,85000.0,85000.0,0.4970550695414616,-3.780013525601023e-06,-3.780013525542209e-06,0.7050213255933906,0.2511978953835096,0.712972274578174,-0.7129730998283736,0.5011964639976265,0.2757523823571314,168320.7208326958,0.4167156219482422,0.705867811359336,0.24978818762313687,0.5046504311109558,0.2758370309337259
6480.333333333333,85000.0,85000.0,0.4970550695414616,-3.780013525601023e-06,-3.780013525542209e-06,0.7050213255933906,0.2524929462192188,0.7287843813117767,-0.7288929682507796,0.5024867624000668,0.2771273125496442,168360.2323108497,0.3769681453704834,0.7080740807061326,0.2546653720122496,0.5047170392964083,0.27743258806091836
6480.5,85000.0,85000.0,0.4970550695414616,-3.780013525601023e-06,-3.780013525542209e-06,0.7050213255933906,0.2537362979768909,0.7464654718709798,-0.7568070029341035,0.5037224415991632,0.2784147267151792,168412.5103324017,0.6660432815551758,0.7064863812874149,0.25509190098803425,0.505333310010106,0.27856123228458163
6480.666666666667,85000.0,85000.0,0.4970550695414616,-3.780013525601023e-06,-3.780013525542209e-06,0.7050213255933906,0.2549004091223835,0.7582484687320149,-0.8139917407833428,0.504876627836502,0.2795643888078287,168475.36287684503,0.600799560546875,0.7052636142411969,0.25480658305397597,0.5053418342086061,0.27958861767260934
6480.833333333333,85000.0,85000.0,0.4970550695414616,-3.780013525601023e-06,-3.780013525542209e-06,0.7050213255933906,0.2559995307147588,0.7749036386337766,-0.85520188933644,0.5059639621077272,0.2807213675062965,168555.49670364588,1.787674903869629,0.7051964791268004,0.25518658884137946,0.5062423175957657,0.2807388828596375
6481.0,85000.0,85000.0,0.4970550695414616,-3.780013525601023e-06,-3.780013525542209e-06,0.7050213255933906,0.2570476519834071,0.802182473165242,-0.9087779088104682,0.5069986708473541,0.2817682560311988,168658.14851010547,0.5086255073547363,0.704825628296716,0.25681495402267274,0.5078658345162371,0.2817486863015314
6481.166666666667,85000.0,85000.0,0.4970550695414616,-3.780013525601023e-06,-3.780013525542209e-06,0.7050213255933906,0.2580487286007839,0.8362943531232077,-0.9650521988080412,0.5079849691476216,0.2827889105062945,168786.12973015464,0.4401283264160156,0.7056372224944907,0.2594529827876843,0.5098085015295393,0.2828505001964045
6481.333333333333,85000.0,85000.0,0.4970550695414616,-3.780013525601023e-06,-3.780013525542209e-06,0.7050213255933906,0.258958019809183,0.8686387137113706,-0.998777535318654,0.508879180271556,0.2837209484597804,168930.64528129602,0.1731390953063964,0.705199807813489,0.262259209340229,0.5097676859465224,0.28373879668179025
6481.5,85000.0,85000.0,0.4970550695414616,-3.780013525601023e-06,-3.780013525542209e-06,0.7050213255933906,0.2597524698820015,0.8929256360068573,-1.004469564360316,0.5096591706213792,0.2844971790461365,169085.9696767162,1.512716293334961,0.7068384472631442,0.260985125072509,0.5120829254906507,0.28467889121311185
6481.666666666667,85000.0,85000.0,0.4970550695414616,-3.780013525601023e-06,-3.780013525542209e-06,0.7050213255933906,0.2604633518829248,0.9151294903292584,-0.9961811742684684,0.5103561033321845,0.2852210862023551,169258.6314794548,0.3765652179718017,0.706384554907107,0.2628292387366722,0.5118786980728731,0.28535740913372676
6481.833333333333,85000.0,85000.0,0.4970550695414616,-3.780013525601023e-06,-3.780013525542209e-06,0.7050213255933906,0.2611223476260573,0.9503905227868013,-0.9880075031366452,0.5110013189497481,0.285867651146269,169454.71287594934,0.9375765323638916,0.7042588728811778,0.2618062547173133,0.5104599869990922,0.2857914058750477
6482.0,85000.0,85000.0,0.4970550695414616,-3.780013525601023e-06,-3.780013525542209e-06,0.7050213255933906,0.2617320038997258,0.9876927960996984,-0.9876926585020708,0.5115975021947347,0.286469951774063,169672.57929132745,0.6670694351196289,0.7047823607200779,0.2651109490874327,0.511595623658572,0.2864460552867317
6540.166666666667,85000.0,85000.0,0.4919422741188579,6.94639814606192e-06,6.94639814611692e-06,0.701385966582493,0.2486152689606658,0.7095072349814987,-0.709507234981439,0.4986133463221147,0.2729172784148232,168359.95114487509,0.7558555603027344,0.7019760804728197,0.25166316905042835,0.49900342953732985,0.2729762898038559
6540.333333333333,85000.0,85000.0,0.4919422741188579,6.94639814606192e-06,6.94639814611692e-06,0.701385966582493,0.2498951906227547,0.7250121097951794,-0.7250121097951546,0.4998951797910388,0.2742759410578546,168348.34006272105,0.5232048034667969,0.7026405375576951,0.252634452636822,0.5029207513937652,0.2744013981553748
6540.5,85000.0,85000.0,0.4919422741188579,6.94639814606192e-06,6.94639814611692e-06,0.701385966582493,0.2511238362343357,0.7415451725610951,-0.741556027893746,0.5011225761934511,0.2755478827930593,168346.6078861657,1.0134258270263672,0.7022736612856005,0.2521818431389189,0.5033492330640682,0.2756366522633701
6540.666666666667,85000.0,85000.0,0.4919422741188579,6.94639814606192e-06,6.94639814611692e-06,0.701385966582493,0.2522742392693368,0.7550148249841411,-0.755014820769185,0.5022690906086271,0.2766831488230293,168354.9102951183,0.4516499042510986,0.7007602328185895,0.25456063415551966,0.5055265977348684,0.2766205754466389
6540.833333333333,85000.0,85000.0,0.4919422741188579,6.94639814606192e-06,6.94639814611692e-06,0.701385966582493,0.2533607950911311,0.7713859819826413,-0.7713859819826667,0.5033495755279467,0.2778261461168577,168382.18042879886,0.9201457500457764,0.7016592003243735,0.25478247537058724,0.5049618035795049,0.2778534694910457
6541.0,85000.0,85000.0,0.4919422741188579,6.94639814606192e-06,6.94639814611692e-06,0.701385966582493,0.2543975223832994,0.7968349166710179,-0.7969750527876757,0.5043783524866532,0.2788607041638019,168435.34489580625,0.2835104465484619,0.6998363642607066,0.2555810484133767,0.5050444751834967,0.27870574393162323
6541.166666666667,85000.0,85000.0,0.4919422741188579,6.94639814606192e-06,6.94639814611692e-06,0.701385966582493,0.2553885044885993,0.8319262640301013,-0.8319262640301774,0.5053597773333981,0.2798699573373776,168519.02496578087,0.2594835758209228,0.7014285602914476,0.25793337544300965,0.5066571385490444,0.27987421670827306
6541.333333333333,85000.0,85000.0,0.4919422741188579,6.94639814606192e-06,6.94639814611692e-06,0.701385966582493,0.2562896967870361,0.8650523350164657,-0.865286250307406,0.5062506265014566,0.2807928185991749,168627.30187419412,0.208193302154541,0.7002198384827113,0.25665838798823015,0.5068901977514458,0.2806762057891967
6541.5,85000.0,85000.0,0.4919422741188579,6.94639814606192e-06,6.94639814611692e-06,0.701385966582493,0.2570788508841165,0.8864842572057261,-0.8865044177566676,0.5070294379166902,0.2815632870384554,168757.24606794867,0.4693374633789062,0.7017488980347898,0.25982748958892693,0.5073503940800513,0.2815995801836851
6541.666666666667,85000.0,85000.0,0.4919422741188579,6.94639814606192e-06,6.94639814611692e-06,0.701385966582493,0.2577868622687166,0.9120784924797204,-0.9124013471563014,0.5077271533866071,0.2822841516089412,168916.162801583,0.1896767616271972,0.6999104626172679,0.2588322276278428,0.5100785226007564,0.2821366012124187
6541.833333333333,85000.0,85000.0,0.4919422741188579,6.94639814606192e-06,6.94639814611692e-06,0.701385966582493,0.2584445983696163,0.94491236573389,-0.9442098596319172,0.5083744666877493,0.2829303451394017,169109.78185703885,0.5843920707702637,0.6982514642577715,0.26198032755453676,0.5097161764582995,0.28261689490692954
6542.0,85000.0,85000.0,0.4919422741188579,6.94639814606192e-06,6.94639814611692e-06,0.701385966582493,0.2590546766207399,0.9850899339063212,-0.9854728228291628,0.5089741414111129,0.2835346883774143,169336.79828403378,0.292982816696167,0.7005628445950973,0.26142220804992944,0.5119210744544088,0.28345237617867475
6600.166666666667,86000.0,86000.0,0.4914826401657904,-1.865624451196791e-07,-1.8656244506595681e-07,0.7010582287982864,0.2483806576992168,0.707871670778906,-0.707870881001637,0.498378027014583,0.2726598053416699,168288.11415019716,0.2230706214904785,0.7019543501597131,0.24986132324923938,0.5014135363743539,0.27274941747781256
6600.333333333333,86000.0,86000.0,0.4914826401657904,-1.865624451196791e-07,-1.8656244506595681e-07,0.7010582287982864,0.2496611738433239,0.7232212668685837,-0.7231097879794416,0.4996610591002013,0.2740192607688191,168325.96292863504,0.5260069370269775,0.7023794873866733,0.25323560341498647,0.501625058667541,0.2741513866276578
6600.5,86000.0,86000.0,0.4914826401657904,-1.865624451196791e-07,-1.8656244506595681e-07,0.7010582287982864,0.2508906785154091,0.7411084854391982,-0.7411084854392372,0.5008898867797771,0.2752922178781807,168377.64359549744,0.1747815608978271,0.7024123685125675,0.2530723698837459,0.5048562280658682,0.27542763184960883
6600.666666666667,86000.0,86000.0,0.4914826401657904,-1.865624451196791e-07,-1.8656244506595681e-07,0.7010582287982864,0.25204197326547,0.7925281146030296,-0.7555081518201024,0.5020378207355267,0.2764291888363975,168441.13968262292,0.5901823043823242,0.7007428496945075,0.25245785157818784,0.5060893593484618,0.2763976509260196
6600.833333333333,86000.0,86000.0,0.4914826401657904,-1.865624451196791e-07,-1.8656244506595681e-07,0.7010582287982864,0.2531290547171322,0.8420317526068394,-0.7698550962713498,0.5031193247381516,0.2775734525484724,168522.93228480226,0.3556764125823974,0.7014415839679703,0.2536086033766772,0.5068450696631402,0.2776117880654408
6601.0,86000.0,86000.0,0.4914826401657904,-1.865624451196791e-07,-1.8656244506595681e-07,0.7010582287982864,0.2541658058808658,0.905751124157976,-0.7965093888248711,0.5041485952681407,0.2786090066507543,168628.19826239618,0.1944820880889892,0.7038616243344489,0.2550965813326228,0.5071329492188213,0.2788893462043705
6601.166666666667,86000.0,86000.0,0.4914826401657904,-1.865624451196791e-07,-1.8656244506595681e-07,0.7010582287982864,0.2551561234104966,0.9743050405276588,-0.8328043713287302,0.5051298087260672,0.2796188007719721,168759.8050198798,0.1969943046569824,0.7010733133519016,0.25467757852560946,0.5078453731249368,0.2796203092273336
6601.333333333333,86000.0,86000.0,0.4914826401657904,-1.865624451196791e-07,-1.8656244506595681e-07,0.7010582287982864,0.256055717990268,1.0206888632615154,-0.8636919622956515,0.5060194840815316,0.2805410336743793,168908.89929677336,0.2042820453643798,0.7026437902068556,0.25639137432329023,0.5085419657972385,0.28069958981523624
6601.5,86000.0,86000.0,0.4914826401657904,-1.865624451196791e-07,-1.8656244506595681e-07,0.7010582287982864,0.2568418442102008,1.038131299912307,-0.8873681767486681,0.5067956634635641,0.2813093876537839,169069.73249314856,0.2349393367767334,0.7011304312947627,0.25620797850245824,0.5093419412222325,0.2813166079034315
6601.666666666667,86000.0,86000.0,0.4914826401657904,-1.865624451196791e-07,-1.8656244506595681e-07,0.7010582287982864,0.257545264112153,1.041035807896403,-0.9113704089492184,0.5074891766533832,0.2820260052923506,169248.4462256312,0.5458297729492188,0.7033880648166994,0.2580979428232071,0.509701108820918,0.28225898889419193
6601.833333333333,86000.0,86000.0,0.4914826401657904,-1.865624451196791e-07,-1.8656244506595681e-07,0.7010582287982864,0.258197146065417,1.0448488944031813,-0.9435350760019544,0.5081310327002364,0.2826659775200452,169450.6721948467,0.1696269512176513,0.7015991336510947,0.257996269086593,0.5089380643656064,0.282720068005326
6602.0,86000.0,86000.0,0.4914826401657904,-1.865624451196791e-07,-1.8656244506595681e-07,0.7010582287982864,0.2588000051713267,1.048618544872458,-0.985013913541654,0.5087238990968637,0.2832621008442592,169674.61392171335,1.1422646045684814,0.7015141856405535,0.26020421306253794,0.5091888581755084,0.28330769652848586
6660.166666666667,87000.0,87000.0,0.4853655752222935,-7.19798397664125e-06,-7.197983976584772e-06,0.6966818321316364,0.2452926232799097,0.7043911432960734,-0.7040375247324973,0.4952702529665967,0.2692698026035741,168391.94326942047,0.2949070930480957,0.6979997636497117,0.24421560004293089,0.4964164622896223,0.26940159575538164
6660.333333333333,87000.0,87000.0,0.4853655752222935,-7.19798397664125e-06,-7.197983976584772e-06,0.6966818321316364,0.2465554648018221,0.7200652189248423,-0.719742368320497,0.4965435177133904,0.2706103787258449,168382.41803021976,0.1971833705902099,0.6969232039382092,0.24634766906373315,0.49701803675638906,0.2706345159065022
6660.5,87000.0,87000.0,0.4853655752222935,-7.19798397664125e-06,-7.197983976584772e-06,0.6966818321316364,0.247767610934367,0.7376208944837193,-0.737620894687118,0.4977626051618848,0.2718653583718226,168381.74019601592,0.2400076389312744,0.6961641486167846,0.24725276533200768,0.49943772849877316,0.2718135900203374
6660.666666666667,87000.0,87000.0,0.4853655752222935,-7.19798397664125e-06,-7.197983976584772e-06,0.6966818321316364,0.2489024196007062,0.7500276892498132,-0.7500276934866063,0.4989012124041604,0.2729852754102105,168389.87117891695,0.1957905292510986,0.6966870617720424,0.2478980178321476,0.5000611681991529,0.27298579837425113
6660.833333333333,87000.0,87000.0,0.4853655752222935,-7.19798397664125e-06,-7.197983976584772e-06,0.6966818321316364,0.249974183953129,0.7650947982089151,-0.7650947982091257,0.4999741834055544,0.2741127592646635,168415.94870439474,0.419459581375122,0.6996713598042901,0.24957024970781155,0.5015340188082938,0.2744117120319289
6661.0,87000.0,87000.0,0.4853655752222935,-7.19798397664125e-06,-7.197983976584772e-06,0.6966818321316364,0.250996684244251,0.7927013958866629,-0.792701395886738,0.5009956929384131,0.2751331059090008,168466.94417281155,0.3306727409362793,0.69913070654661,0.2521089969967667,0.5029713325766628,0.2753779933504982
6661.166666666667,87000.0,87000.0,0.4853655752222935,-7.19798397664125e-06,-7.197983976584772e-06,0.6966818321316364,0.25197396217321,0.8270952626049946,-0.8270952626049127,0.501970081035238,0.2761283042142745,168547.40784549917,0.1861047744750976,0.6969660138510831,0.2519911261098386,0.5052232506415654,0.27615672238621913
6661.333333333333,87000.0,87000.0,0.4853655752222935,-7.19798397664125e-06,-7.197983976584772e-06,0.6966818321316364,0.2528626090506999,0.8575026019571835,-0.8575074731294906,0.5028544611706786,0.2770381939541623,168651.45409918134,0.4450092315673828,0.6987529626976087,0.2511210006312425,0.5049777920595945,0.2772453070107595
6661.5,87000.0,87000.0,0.4853655752222935,-7.19798397664125e-06,-7.197983976584772e-06,0.6966818321316364,0.2536406183510306,0.8826301716516075,-0.8825860990144988,0.5036274599347186,0.2777975349992513,168776.15240188662,0.188103437423706,0.6962061906610553,0.25090414604170685,0.5058950319013603,0.2777499708521932
6661.666666666667,87000.0,87000.0,0.4853655752222935,-7.19798397664125e-06,-7.197983976584772e-06,0.6966818321316364,0.2543386300698028,0.9037719725501672,-0.903464862115683,0.5043199679795242,0.2785079164415839,168929.18537602626,0.326913833618164,0.6965968112578028,0.2520044801991559,0.5046232270154792,0.27849941435420056
6661.833333333333,87000.0,87000.0,0.4853655752222935,-7.19798397664125e-06,-7.197983976584772e-06,0.6966818321316364,0.2549872580510947,0.939246673606078,-0.9391198149877767,0.5049626303745942,0.2791447760109375,169116.73287801785,0.2735917568206787,0.6970394511541602,0.2523167993947919,0.5049730982050992,0.2791805379131899
6662.0,87000.0,87000.0,0.4853655752222935,-7.19798397664125e-06,-7.197983976584772e-06,0.6966818321316364,0.2555890869899241,0.977518194213258,-0.9771539381050712,0.5055581934894177,0.279740407403096,169337.64781845635,0.2018272876739502,0.6940222590766911,0.2537061577998583,0.5077648874136568,0.2794744500976015
6720.166666666667,87000.0,87000.0,0.4845758449113081,3.3080166801588783e-06,3.3080166802103016e-06,0.6961148216431742,0.2448891470413101,0.7042720209211165,-0.7042722909842181,0.4948627558486682,0.2688270426369252,168257.00853118068,0.3713095188140869,0.6936505423426212,0.24464383052409897,0.4976314422632737,0.2685806147068699
6720.333333333333,87000.0,87000.0,0.4845758449113081,3.3080166801588783e-06,3.3080166802103016e-06,0.6961148216431742,0.2461516224158322,0.7197532790421117,-0.7197540159597795,0.4961366974174082,0.270167299846651,168292.36698707798,0.5781707763671875,0.6927572036263612,0.24455597008886273,0.4969857651842286,0.2698315380449697
6720.5,87000.0,87000.0,0.4845758449113081,3.3080166801588783e-06,3.3080166802103016e-06,0.6961148216431742,0.247363905130927,0.7365828940904119,-0.736582894090384,0.4973569193878539,0.2714223076765736,168342.54634296027,0.468609094619751,0.692826881547906,0.24649700654832538,0.4973612629293509,0.27109351366704676
6720.666666666667,87000.0,87000.0,0.4845758449113081,3.3080166801588783e-06,3.3080166802103016e-06,0.6961148216431742,0.2484992168180497,0.7485625356321066,-0.763445299347528,0.4984969578351589,0.2725434475547251,168405.74116546853,0.5596969127655029,0.6912616860571889,0.24565120665609486,0.4981931002044819,0.27205813399612655
6720.833333333333,87000.0,87000.0,0.4845758449113081,3.3080166801588783e-06,3.3080166802103016e-06,0.6961148216431742,0.249571271331665,0.7655963096793066,-0.8206448017711292,0.4995710875428646,0.2736718418050731,168488.25051007172,0.629086971282959,0.6919157658224494,0.24946182544781156,0.500357260073725,0.2732519362230006
6721.0,87000.0,87000.0,0.4845758449113081,3.3080166801588783e-06,3.3080166802103016e-06,0.6961148216431742,0.2505938081165174,0.7915263351285674,-0.8937450005779769,0.5005934561263051,0.274693203441595,168595.22168938542,0.3274493217468261,0.6924196776521797,0.2508798038001086,0.5018527181304487,0.27432368904249554
6721.166666666667,87000.0,87000.0,0.4845758449113081,3.3080166801588783e-06,3.3080166802103016e-06,0.6961148216431742,0.2515706577933709,0.8246847739698184,-0.9737408987470848,0.5015681987699437,0.275689351051568,168729.60742386186,0.5985913276672363,0.695517573322436,0.24993767480505294,0.5014385508966653,0.27562962621949416
6721.333333333333,87000.0,87000.0,0.4845758449113081,3.3080166801588783e-06,3.3080166802103016e-06,0.6961148216431742,0.2524581092254211,0.8584190902161346,-1.0321615004558795,0.5024520966983173,0.2765992493577506,168882.54667688758,0.8025243282318115,0.6957260922697617,0.25245330821033857,0.5035538577368557,0.27656037642040937
6721.5,87000.0,87000.0,0.4845758449113081,3.3080166801588783e-06,3.3080166802103016e-06,0.6961148216431742,0.2532337960085841,0.8807393269413517,-1.0610322470043103,0.5032234059321997,0.2773576361456066,169048.31588701298,0.3940496444702148,0.6942471938282622,0.2518677233349425,0.5032580971492024,0.2771708733641154
6721.666666666667,87000.0,87000.0,0.4845758449113081,3.3080166801588783e-06,3.3080166802103016e-06,0.6961148216431742,0.253927892824543,0.9047982406611664,-1.0749593366479642,0.5039125847904103,0.2780650506902394,169232.69279412847,0.2356562614440918,0.6951942456737331,0.25229319973210257,0.5046847976023802,0.2779729930932953
6721.833333333333,87000.0,87000.0,0.4845758449113081,3.3080166801588783e-06,3.3080166802103016e-06,0.6961148216431742,0.2545709697943705,0.9378231885709484,-1.0905697898579012,0.5045502651881038,0.2786967647763745,169440.86414290176,0.3089468479156494,0.6933628154976329,0.2527864601430318,0.5052542581939187,0.2784215641618204
6722.0,87000.0,87000.0,0.4845758449113081,3.3080166801588783e-06,3.3080166802103016e-06,0.6961148216431742,0.2551655052861501,0.9769553306559272,-1.107543394692421,0.5051390953090384,0.2792852013481591,169670.88133990442,0.1911158561706543,0.6948162799598412,0.2551923537507738,0.5051070385896239,0.2791553471798258
6780.166666666667,88000.0,88000.0,0.481314885246018,-3.666202247634249e-06,-3.6662022475788817e-06,0.6937686107384926,0.2432464760657525,0.701202605330049,-0.7015245417387408,0.4932002395397473,0.2670236053095962,168421.89459035473,0.1958017349243164,0.6903197254042429,0.2433772158103856,0.49249614253069207,0.2666787167761712
6780.333333333333,88000.0,88000.0,0.481314885246018,-3.666202247634249e-06,-3.6662022475788817e-06,0.6937686107384926,0.2444988380873857,0.7163886081245384,-0.7166842918709847,0.4944682379019812,0.2683531024526255,168415.2436156147,0.4149773120880127,0.6891758989310577,0.24496546065019567,0.4935979569550643,0.267893831271882
6780.5,88000.0,88000.0,0.481314885246018,-3.666202247634249e-06,-3.6662022475788817e-06,0.6937686107384926,0.2457008301095411,0.7325170455380787,-0.7329383198998627,0.4956821867884863,0.2695976860872642,168416.5022430476,0.2389197349548339,0.6910545295353855,0.24535885549084258,0.4969591018434856,0.26932627796695346
6780.666666666667,88000.0,88000.0,0.481314885246018,-3.666202247634249e-06,-3.6662022475788817e-06,0.6937686107384926,0.2468259932683928,0.7475111895549662,-0.7480770272390005,0.4968158546511905,0.2707081367804867,168425.40563212943,0.3941576480865478,0.6938073510132392,0.24812204718583886,0.49759094273474025,0.27071201080796137
6780.833333333333,88000.0,88000.0,0.481314885246018,-3.666202247634249e-06,-3.6662022475788817e-06,0.6937686107384926,0.2478885822060889,0.7625051910181547,-0.762505191017934,0.4978841053419476,0.2718260249201274,168451.24909919078,0.2178750038146972,0.6938426502304578,0.2491500406372475,0.49856311152979005,0.27183342886932393
6781.0,88000.0,88000.0,0.481314885246018,-3.666202247634249e-06,-3.6662022475788817e-06,0.6937686107384926,0.2489022108288899,0.7872994523177128,-0.7881260856159189,0.4989010031600647,0.2728375210897828,168501.01791136464,0.2544045448303222,0.6927549417496919,0.24852523982142402,0.5015325930259644,0.27273615419090275
6781.166666666667,88000.0,88000.0,0.481314885246018,-3.666202247634249e-06,-3.6662022475788817e-06,0.6937686107384926,0.2498708965669385,0.8238584910467509,-0.8238579028311359,0.4998708800022632,0.2738238951824312,168579.16326226312,0.6051456928253174,0.695112246179729,0.24874614449258095,0.5005397975914382,0.2739582587265549
6781.333333333333,88000.0,88000.0,0.481314885246018,-3.666202247634249e-06,-3.6662022475788817e-06,0.6937686107384926,0.2507516337578357,0.8553097020232892,-0.8553058880305068,0.5007510697462613,0.2747255826296244,168679.78183759502,0.2063937187194824,0.6933089811988283,0.24953578401770504,0.5032543319721186,0.27467961967565796
6781.5,88000.0,88000.0,0.481314885246018,-3.666202247634249e-06,-3.6662022475788817e-06,0.6937686107384926,0.2515225372100345,0.8773243491419658,-0.8773209551031874,0.5015202261946345,0.2754777639874209,168799.894146894,0.2041692733764648,0.691950050993033,0.24903194922002614,0.5017393738091008,0.27529590801287496
6781.666666666667,88000.0,88000.0,0.481314885246018,-3.666202247634249e-06,-3.6662022475788817e-06,0.6937686107384926,0.2522141417000828,0.9023011676189672,-0.9022356344070714,0.5022092609193195,0.2761813397820848,168947.53067408325,0.5822098255157471,0.694616508970622,0.24985166078554347,0.5030584558060954,0.27626612960529773
6781.833333333333,88000.0,88000.0,0.481314885246018,-3.666202247634249e-06,-3.6662022475788817e-06,0.6937686107384926,0.2528569647928337,0.932604760683696,-0.932587068797336,0.5028488488946159,0.2768121190367902,169129.30816977803,0.2044410705566406,0.6938713084231176,0.25138242796495003,0.5047416626201291,0.27682238880525273
6782.0,88000.0,88000.0,0.481314885246018,-3.666202247634249e-06,-3.6662022475788817e-06,0.6937686107384926,0.2534535701246915,0.9752692222645054,-0.9748701264382078,0.5034417246853734,0.2774020407410155,169344.2250378857,0.5010719299316406,0.6926085102663977,0.2511553300418261,0.5079067929737403,0.277286030693806
6840.166666666667,88000.0,88000.0,0.4763988164135389,6.676326117921936e-06,6.6763261179743925e-06,0.6902164996677049,0.2407558145442173,0.69677226361655,-0.6967722636165868,0.4906687422332279,0.2642897157797134,168228.46512143305,0.2718505859375,0.6874569056400875,0.2387670151936507,0.49319024241114495,0.2640137563769516
6840.333333333333,88000.0,88000.0,0.4763988164135389,6.676326117921936e-06,6.6763261179743925e-06,0.6902164996677049,0.2419969133363983,0.7124051524667565,-0.7124051524667492,0.4919318178543092,0.2656072340627,168260.59056446658,0.3499674797058105,0.6913590252949168,0.24104231841453974,0.4952797771026824,0.26572148662542117
6840.5,88000.0,88000.0,0.4763988164135389,6.676326117921936e-06,6.6763261179743925e-06,0.6902164996677049,0.2431887587914172,0.7305145994759303,-0.7305145994758483,0.4931417229295897,0.2668409705737227,168308.41584091837,0.1755752563476562,0.6916754213844438,0.24146626578246483,0.4963659505361132,0.26698686274539657
6840.666666666667,88000.0,88000.0,0.4763988164135389,6.676326117921936e-06,6.6763261179743925e-06,0.6902164996677049,0.2443050643262894,0.7435582067777017,-0.7435582067776335,0.4942722574139138,0.2679432837416549,168370.3748422323,0.5804193019866943,0.690142965082565,0.24056854240048234,0.49878905390211936,0.2679359302831409
6840.833333333333,88000.0,88000.0,0.4763988164135389,6.676326117921936e-06,6.6763261179743925e-06,0.6902164996677049,0.2453592377843602,0.7914185732795727,-0.7571023179303681,0.4953374990149332,0.2690527963720034,168452.634428596,0.6136202812194824,0.6901341600390074,0.24138188243153125,0.49734277360801593,0.26904456240913366
6841.0,88000.0,88000.0,0.4763988164135389,6.676326117921936e-06,6.6763261179743925e-06,0.6902164996677049,0.2463648372996165,0.873026769327596,-0.785087902422764,0.4963515261066508,0.2700572292170564,168560.3436667416,0.2011768817901611,0.6884185168368434,0.24272823691299342,0.49902119698309033,0.2698774309339702
6841.166666666667,88000.0,88000.0,0.4763988164135389,6.676326117921936e-06,6.6763261179743925e-06,0.6902164996677049,0.247325621285936,0.9634912930080096,-0.8198302257925102,0.497318430664646,0.2710370545965945,168696.5670326027,0.192643404006958,0.6881811730907499,0.24366008530524272,0.4990080759234887,0.270833521938899
6841.333333333333,88000.0,88000.0,0.4763988164135389,6.676326117921936e-06,6.6763261179743925e-06,0.6902164996677049,0.2481985793572772,1.0331809142995745,-0.8488888051269088,0.4981953227168041,0.2719321835203242,168852.48638145486,0.4370996952056885,0.6881637842057585,0.24561690857441343,0.4988471081385163,0.27172691197412957
6841.5,88000.0,88000.0,0.4763988164135389,6.676326117921936e-06,6.6763261179743925e-06,0.6902164996677049,0.248961787019312,1.0730158081543657,-0.8743213644407952,0.4989607071296736,0.2726785775998116,169022.450489694,0.1829333305358886,0.6868045972795512,0.2469348290675314,0.5004508703581505,0.2723373873609963
6841.666666666667,88000.0,88000.0,0.4763988164135389,6.676326117921936e-06,6.6763261179743925e-06,0.6902164996677049,0.2496447655770914,1.0976563646510462,-0.8961817579726453,0.4996446395548344,0.2733749306939389,169211.9086879914,0.2009546756744384,0.6892324257405767,0.24808388898160127,0.5002209302023627,0.2732765233012261
6841.833333333333,88000.0,88000.0,0.4763988164135389,6.676326117921936e-06,6.6763261179743925e-06,0.6902164996677049,0.2502774130015128,1.1247263289401352,-0.9300624583320978,0.5002773363675769,0.2739967703965891,169425.62345157843,0.547884464263916,0.6904497513630463,0.24856959996535993,0.5001147887880117,0.2740200955661232
6842.0,88000.0,88000.0,0.4763988164135389,6.676326117921936e-06,6.6763261179743925e-06,0.6902164996677049,0.2508621661944373,1.154530708900249,-0.9690067900862774,0.5008614244428266,0.2745760546035745,169661.50904068962,0.6734590530395508,0.6907151215932418,0.24828721058619158,0.5012124287410973,0.2746259167961282
6900.166666666667,89000.0,89000.0,0.4759259617511128,-2.013314191849762e-07,-2.013314191331902e-07,0.6898738737994887,0.2405238967325036,0.6978187720746252,-0.6978187720746822,0.4904323571787814,0.2640348596802167,168448.78344838766,0.6220705509185791,0.6910016786552549,0.23816552275100888,0.49072645568173123,0.26414764016579334
6900.333333333333,89000.0,89000.0,0.4759259617511128,-2.013314191849762e-07,-2.013314191331902e-07,0.6898738737994887,0.2417623227691985,0.7132481375267443,-0.7132481375268095,0.4916933221001243,0.2653496075873064,168445.69709468674,0.5324957370758057,0.68742294263919,0.23890560557320892,0.4939669341602795,0.26510451447127653
6900.5,89000.0,89000.0,0.4759259617511128,-2.013314191849762e-07,-2.013314191331902e-07,0.6898738737994887,0.2429508556541333,0.7307137457274883,-0.7303382773484332,0.4929004522907236,0.2665803659280429,168449.70822002052,0.1792521476745605,0.6851489304012295,0.24449835424472005,0.4956067500543606,0.26610787158821697
6900.666666666667,89000.0,89000.0,0.4759259617511128,-2.013314191849762e-07,-2.013314191331902e-07,0.6898738737994887,0.2440632920557905,0.7419730170017763,-0.7414747034178215,0.4940276229579716,0.2676783190961918,168460.3014699041,0.3886477947235107,0.689142415165984,0.24626621051589592,0.4953802820423511,0.2676051732328413
6900.833333333333,89000.0,89000.0,0.4759259617511128,-2.013314191849762e-07,-2.013314191331902e-07,0.6898738737994887,0.2451137955520165,0.759253795286399,-0.7584841719756557,0.4950896845264772,0.2687835576179915,168486.87739050857,0.191720962524414,0.6897331391202616,0.24469341272821496,0.4968389995013917,0.2687694841500688
6901.0,89000.0,89000.0,0.4759259617511128,-2.013314191849762e-07,-2.013314191331902e-07,0.6898738737994887,0.2461157778484916,0.7855700450252507,-0.7848394967989829,0.4961005724653784,0.2697834507374245,168536.40372227906,0.3379688262939453,0.6872557603717565,0.24735557804040287,0.49647908118869943,0.2695216393946513
6901.166666666667,89000.0,89000.0,0.4759259617511128,-2.013314191849762e-07,-2.013314191331902e-07,0.6898738737994887,0.2470732170932088,0.8178619368608834,-0.8178624460963231,0.4970646006580873,0.2707583243515184,168613.20791671914,0.4733431339263916,0.6879111694630426,0.2475933420849876,0.4972360170060696,0.2705620539178738
6901.333333333333,89000.0,89000.0,0.4759259617511128,-2.013314191849762e-07,-2.013314191331902e-07,0.6898738737994887,0.2479436221564737,0.8509962556086196,-0.8503053580635298,0.4979393761070857,0.2716493546965408,168711.31874268563,0.9396188259124756,0.6865977089342117,0.24595253539159276,0.49825013777067645,0.2713217382100131
6901.5,89000.0,89000.0,0.4759259617511128,-2.013314191849762e-07,-2.013314191331902e-07,0.6898738737994887,0.2487052862134269,0.8735107667077772,-0.8735144659292035,0.4987036056729041,0.2723923266494702,168827.66144482765,0.5950508117675781,0.6887088828717423,0.24528369333738928,0.5004023841910955,0.27227582755669555
6901.666666666667,89000.0,89000.0,0.4759259617511128,-2.013314191849762e-07,-2.013314191331902e-07,0.6898738737994887,0.2493885402228626,0.8965607745283807,-0.8959622413586568,0.4993881659581608,0.2730871496947272,168970.57298386298,0.6566922664642334,0.6897942846911809,0.2464256598673832,0.5012135957333843,0.2730791907838964
6901.833333333333,89000.0,89000.0,0.4759259617511128,-2.013314191849762e-07,-2.013314191331902e-07,0.6898738737994887,0.2500237135746382,0.9298626576772394,-0.9298848612997712,0.5000237130760067,0.2737100605009578,169147.07889949414,0.4687552452087402,0.688152239398028,0.24803101463740676,0.5002264015947274,0.2735378970608117
6902.0,89000.0,89000.0,0.4759259617511128,-2.013314191849762e-07,-2.013314191331902e-07,0.6898738737994887,0.2506133399886239,0.9674619868257603,-0.9671454071767912,0.500612964312401,0.274292561412538,169356.30574587337,0.6408882141113281,0.6883715510685378,0.24888255452883346,0.50191680136746,0.2741423291394429
6960.166666666667,90000.0,90000.0,0.4699990632813071,-6.960942316001815e-06,-6.960942315943341e-06,0.6855647768674432,0.2375207966471079,0.6933612969901125,-0.6933612969900683,0.4873610537240515,0.2607385084498126,168203.4576819929,0.422382116317749,0.6814322419033548,0.23426349011530911,0.4872906917737293,0.26032525495340375
6960.333333333333,90000.0,90000.0,0.4699990632813071,-6.960942316001815e-06,-6.960942315943341e-06,0.6855647768674432,0.2387451261386857,0.7084669688908758,-0.7084669688908855,0.4886155198064523,0.2620381809132152,168231.7176960198,0.1728627681732177,0.6847924061253302,0.2389279671712061,0.48702403979565434,0.26196094383900387
6960.5,90000.0,90000.0,0.4699990632813071,-6.960942316001815e-06,-6.960942315943341e-06,0.6855647768674432,0.239920944153081,0.7244100469322008,-0.7244100469323022,0.4898172559526732,0.2632552210779155,168276.41640502797,0.1977472305297851,0.6857815050812536,0.24005151946018174,0.48923803316490816,0.26327689389929654
6960.666666666667,90000.0,90000.0,0.4699990632813071,-6.960942316001815e-06,-6.960942315943341e-06,0.6855647768674432,0.2410223579141824,0.7382833663743987,-0.7385884431638512,0.4909402794730135,0.2643427624755808,168336.24715540628,0.6605854034423828,0.6853734952160297,0.2405455181390833,0.49148206543239564,0.2643236343104395
6960.833333333333,90000.0,90000.0,0.4699990632813071,-6.960942316001815e-06,-6.960942315943341e-06,0.6855647768674432,0.2420625339595915,0.7538818820094293,-0.7574244964218954,0.4919985102377145,0.2654374753703399,168417.29897688684,0.1725986003875732,0.685438815712181,0.23992682458324352,0.4928899083919073,0.2654248792548137
6961.0,90000.0,90000.0,0.4699990632813071,-6.960942316001815e-06,-6.960942315943341e-06,0.6855647768674432,0.2430548963223698,0.7784100969107953,-0.8466752624729756,0.493005980147239,0.2664286597807582,168524.75393660337,0.2069559097290039,0.6836542408733027,0.24049694557978027,0.49282190133683884,0.2662376061813441
6961.166666666667,90000.0,90000.0,0.4699990632813071,-6.960942316001815e-06,-6.960942315943341e-06,0.6855647768674432,0.244003149186334,0.8135577934654669,-0.9468334866775098,0.4939667492335214,0.2673957400848909,168661.810899688,0.2182779312133789,0.6844922631290976,0.24202909841972053,0.4948526076617326,0.26728848871105637
6961.333333333333,90000.0,90000.0,0.4699990632813071,-6.960942316001815e-06,-6.960942315943341e-06,0.6855647768674432,0.2448648313530962,0.8454945626259125,-1.0271465958480483,0.4948381872299161,0.2682793716949468,168819.74382304423,0.3216314315795898,0.6876338282512162,0.2444377345963449,0.4971877374992632,0.2684862768333241
6961.5,90000.0,90000.0,0.4699990632813071,-6.960942316001815e-06,-6.960942315943341e-06,0.6855647768674432,0.2456183803420249,0.8658437861482692,-1.0775081035755811,0.4955990118550535,0.2690164943627445,168993.0186568842,0.1821811199188232,0.6883772598307881,0.2452951852572165,0.49573463748432123,0.26929774265907896
6961.666666666667,90000.0,90000.0,0.4699990632813071,-6.960942316001815e-06,-6.960942315943341e-06,0.6855647768674432,0.246292791623363,0.8916037854910944,-1.1125319002693717,0.4962789456079028,0.2697043502804178,169186.80298474737,0.507157564163208,0.6879418632532611,0.24409423173456263,0.4950924849869527,0.2699420589189996
6961.833333333333,90000.0,90000.0,0.4699990632813071,-6.960942316001815e-06,-6.960942315943341e-06,0.6855647768674432,0.2469174138264287,0.9223393927736848,-1.1507032925030387,0.4969078527053822,0.2703186467295423,169405.47015222488,0.6009557247161865,0.6875208187344893,0.244420776578635,0.4973430512119807,0.2705142509162469
6962.0,90000.0,90000.0,0.4699990632813071,-6.960942316001815e-06,-6.960942315943341e-06,0.6855647768674432,0.2474946531525661,0.9631149516975468,-1.1929409545990572,0.4974883450164978,0.270890986782733,169646.81690628378,0.2487728595733642,0.6861823245466369,0.2442131259131372,0.4974795705806427,0.27095274155065235
7020.166666666667,90000.0,90000.0,0.4692508439956148,3.168341537660058e-06,3.1683415377130874e-06,0.6850188639706317,0.2371511517349387,0.6912294490114774,-0.6930691983730902,0.4869816752047161,0.260332401100156,168471.69266768623,0.2129476070404052,0.6879957167552399,0.2352057110414357,0.4859018707429023,0.2606300863786168
7020.333333333333,90000.0,90000.0,0.4692508439956148,3.168341537660058e-06,3.1683415377130874e-06,0.6850188639706317,0.2383723162115824,0.7061491775683997,-0.7071303313539556,0.4882338747551948,0.2616288665995889,168472.7396842645,0.2224583625793457,0.6879555660207505,0.2382250727676478,0.48829574757378086,0.26192253680460076
7020.5,90000.0,90000.0,0.4692508439956148,3.168341537660058e-06,3.1683415377130874e-06,0.6850188639706317,0.2395442137201241,0.7245100425786822,-0.7245100425765743,0.4894325428038388,0.2628424992439859,168480.22542760448,0.544806957244873,0.6870410614381812,0.2370205079009874,0.48922640975733683,0.26304471899074083
7020.666666666667,90000.0,90000.0,0.4692508439956148,3.168341537660058e-06,3.1683415377130874e-06,0.6850188639706317,0.2406409676917951,0.7381973497527667,-0.7381973494847678,0.4905516974838289,0.2639250446469309,168493.36831637268,0.2058534622192382,0.6868700467336794,0.2370086855399672,0.490949415513758,0.26411016292323564
7020.833333333333,90000.0,90000.0,0.4692508439956148,3.168341537660058e-06,3.1683415377130874e-06,0.6850188639706317,0.241676597142802,0.7518065143412294,-0.7525005242585131,0.4916061404619534,0.2650147043852049,168521.61818778887,0.2495255470275879,0.6854782179025307,0.23982942059123138,0.492462386532325,0.26506063977839484
7021.0,90000.0,90000.0,0.4692508439956148,3.168341537660058e-06,3.1683415377130874e-06,0.6850188639706317,0.2426642792455741,0.7786580563199383,-0.7786580563196216,0.4926096623323903,0.2660003610779171,168571.894463846,0.3407201766967773,0.6874641322238082,0.2429532004071135,0.4931648606940934,0.26624488790323475
7021.166666666667,90000.0,90000.0,0.4692508439956148,3.168341537660058e-06,3.1683415377130874e-06,0.6850188639706317,0.2436079381725396,0.8137897423465911,-0.8147947800684631,0.4935665490420323,0.2669611818124172,168648.38040793518,0.2589020729064941,0.6878896629029446,0.24228263998493038,0.4944182832269022,0.26724826170564847
7021.333333333333,90000.0,90000.0,0.4692508439956148,3.168341537660058e-06,3.1683415377130874e-06,0.6850188639706317,0.2444657030464656,0.8435154790513769,-0.8440995829291921,0.4944347309762091,0.2678392198742647,168744.9889696923,0.2089643478393554,0.6852546901220075,0.24269349303076465,0.49642532300744685,0.26786280248940225
7021.5,90000.0,90000.0,0.4692508439956148,3.168341537660058e-06,3.1683415377130874e-06,0.6850188639706317,0.2452161030361535,0.8673712259509603,-0.8688989260609797,0.4951929958718729,0.2685710461365303,168858.50707744705,0.3255419731140136,0.6857741682416041,0.24178454464937582,0.49534773605771387,0.26864657656362756
7021.666666666667,90000.0,90000.0,0.4692508439956148,3.168341537660058e-06,3.1683415377130874e-06,0.6850188639706317,0.2458891645714462,0.8902262228145451,-0.8907059221371925,0.4958721253234928,0.2692552823086225,168997.52632469873,0.1966557502746582,0.6853415746098038,0.24179950895333482,0.4952905979123115,0.26928755337253973
7021.833333333333,90000.0,90000.0,0.4692508439956148,3.168341537660058e-06,3.1683415377130874e-06,0.6850188639706317,0.2465149339793446,0.9224079570670968,-0.9244947125594216,0.4965027029811813,0.2698686401379958,169169.43897270746,0.6317980289459229,0.6864517329441888,0.2452133506209908,0.49831525306559243,0.2700119270353515
7022.0,90000.0,90000.0,0.4692508439956148,3.168341537660058e-06,3.1683415377130874e-06,0.6850188639706317,0.247095906591464,0.9622996523486878,-0.9625086924150024,0.4970874235619262,0.2704421099707662,169373.47799730202,0.1632168292999267,0.6868295769323256,0.246918450864858,0.497687467996406,0.2706231812669356
7080.166666666667,91000.0,91000.0,0.4660770010832641,-3.5553056300946987e-06,-3.55530563003406e-06,0.6826983236271085,0.2355380708396518,0.6901901099757831,-0.6901900981908392,0.4853226461468851,0.2585619989725665,168182.8393622281,0.2069098949432373,0.6809397098964548,0.23572304186531992,0.48527897238489764,0.25838613759950113
7080.333333333333,91000.0,91000.0,0.4660770010832641,-3.5553056300946987e-06,-3.55530563003406e-06,0.6826983236271085,0.2367520658874425,0.7055417244083707,-0.7055398417146594,0.4865717479717968,0.2598506596577906,168206.7333869147,0.4771840572357178,0.6819186279707912,0.2355548401708079,0.484500318890213,0.25977269009215886
7080.5,91000.0,91000.0,0.4660770010832641,-3.5553056300946987e-06,-3.55530563003406e-06,0.6826983236271085,0.2379180203063114,0.7229014938302312,-0.7228536570573366,0.4877684085291647,0.2610573959212525,168247.63967810056,0.1956546306610107,0.6816355412115915,0.23660904991820345,0.4876998498545469,0.2609511176797008
7080.666666666667,91000.0,91000.0,0.4660770010832641,-3.5553056300946987e-06,-3.55530563003406e-06,0.6826983236271085,0.2390102976560716,0.7349381336967936,-0.7346241245481873,0.4888867943868921,0.2621358425828664,168304.52231779616,0.1714036464691162,0.6842289375927204,0.2365780553711371,0.48994144019043173,0.26228890397942756
7080.833333333333,91000.0,91000.0,0.4660770010832641,-3.5553056300946987e-06,-3.55530563003406e-06,0.6826983236271085,0.2400419082917902,0.7502077729871149,-0.7500963119921592,0.4899407192520537,0.2632214688800641,168383.44953724917,0.2024602890014648,0.6816843366342007,0.23860662357270948,0.48820294175612394,0.2631200701807733
7081.0,91000.0,91000.0,0.4660770010832641,-3.5553056300946987e-06,-3.55530563003406e-06,0.6826983236271085,0.2410262084240028,0.8155472326247974,-0.7768194340511136,0.4909442010393174,0.2642045594480202,168489.66652777855,0.2062242031097412,0.6829651170774161,0.24057568210712305,0.4890829623014638,0.26423123879305094
7081.166666666667,91000.0,91000.0,0.4660770010832641,-3.5553056300946987e-06,-3.55530563003406e-06,0.6826983236271085,0.2419668714354085,0.9246945707751144,-0.8101760188929,0.4919012823400756,0.2651639067491125,168626.52460073485,0.6337563991546631,0.6824687503374427,0.24273782821758663,0.49040865959688673,0.26514094942014593
7081.333333333333,91000.0,91000.0,0.4660770010832641,-3.5553056300946987e-06,-3.55530563003406e-06,0.6826983236271085,0.2428217707691072,1.0150351376115987,-0.8407642276069102,0.4927694906606839,0.2660406208175618,168785.43589073388,0.2074043750762939,0.6821626480502794,0.24286597283332773,0.492349011624942,0.26598705325987887
7081.5,91000.0,91000.0,0.4660770010832641,-3.5553056300946987e-06,-3.55530563003406e-06,0.6826983236271085,0.2435695923595181,1.0755074102845692,-0.8647945160132,0.4935277018961227,0.2667722775288648,168961.0243666684,0.4367396831512451,0.6826519982840444,0.24357625089691998,0.49364379768625266,0.2667676449945584
7081.666666666667,91000.0,91000.0,0.4660770010832641,-3.5553056300946987e-06,-3.55530563003406e-06,0.6826983236271085,0.2442389787963921,1.1205918873988223,-0.8856277547813822,0.4942054016273172,0.2674552078883596,169158.23213758905,0.3251972198486328,0.6823540648278039,0.2446233357553025,0.4940140198919835,0.2674207820084291
7081.833333333333,91000.0,91000.0,0.4660770010832641,-3.5553056300946987e-06,-3.55530563003406e-06,0.6826983236271085,0.2448588987582913,1.169515500696589,-0.9203236728909032,0.4948321927515419,0.2680651892681638,169381.09181874996,0.6628167629241943,0.6842401390111733,0.24411753795570418,0.4950709800165801,0.26821937080657027
7082.0,91000.0,91000.0,0.4660770010832641,-3.5553056300946987e-06,-3.55530563003406e-06,0.6826983236271085,0.2454317419885123,1.2237984124406742,-0.9569414463716492,0.4954106803811546,0.2686336259308756,169627.3062715619,0.610105037689209,0.682851868147944,0.24648559233662612,0.49332722529139994,0.26864898038295915
7140.166666666667,91000.0,91000.0,0.4613492614224237,6.4176189379700354e-06,6.417618938024569e-06,0.6792269586982128,0.2331584021496982,0.6890504248265683,-0.6871661172580087,0.4828647868812568,0.2559493399520301,168489.84083303766,1.5060272216796875,0.6762191229613694,0.23461196104701101,0.48114420199243607,0.25564855637834577
7140.333333333333,91000.0,91000.0,0.4613492614224237,6.4176189379700354e-06,6.417618938024569e-06,0.6792269586982128,0.2343591294334953,0.7029055105874008,-0.7022254241337321,0.4841065272168361,0.2572241473363919,168495.44896889874,0.5307679176330566,0.6784552266975744,0.2368835177986366,0.48218116508863496,0.25714697413632803
7140.5,91000.0,91000.0,0.4613492614224237,6.4176189379700354e-06,6.417618938024569e-06,0.6792269586982128,0.2355113615388172,0.7184345244412074,-0.7184345244418197,0.4852951285464674,0.2584175014717287,168507.01290763836,0.712651252746582,0.6772953489770391,0.23928319080512817,0.48254038251461623,0.25822434049961135
7140.666666666667,91000.0,91000.0,0.4613492614224237,6.4176189379700354e-06,6.417618938024569e-06,0.6792269586982128,0.2365896183192626,0.7308267176094331,-0.730826717611537,0.4864047887829252,0.2594818646570089,168523.47820958504,0.6210436820983887,0.6797960380751217,0.23933556088743158,0.48497590473235014,0.25953877259469976
7140.833333333333,91000.0,91000.0,0.4613492614224237,6.4176189379700354e-06,6.417618938024569e-06,0.6792269586982128,0.2376077208381839,0.747050430254774,-0.7470504302566594,0.4874502241838989,0.2605531560470173,168554.28639473338,0.2142632007598877,0.677540592078994,0.23940675400889302,0.4843397070453565,0.2603845193850954
7141.0,91000.0,91000.0,0.4613492614224237,6.4176189379700354e-06,6.417618938024569e-06,0.6792269586982128,0.2385785828995091,0.7720122618731539,-0.7720122618734558,0.4884450666150904,0.2615220746108779,168606.27942567132,0.2533681392669678,0.6780973481638063,0.24187907737664746,0.48563532873489584,0.26140911355743723
7141.166666666667,91000.0,91000.0,0.4613492614224237,6.4176189379700354e-06,6.417618938024569e-06,0.6792269586982128,0.239506060592001,0.8052122002081518,-0.8052122474059595,0.4893935642994741,0.2624664251701594,168683.48085820494,0.3071122169494629,0.6777179035125966,0.24081146511922127,0.48733195703659665,0.2623155196515978
7141.333333333333,91000.0,91000.0,0.4613492614224237,6.4176189379700354e-06,6.417618938024569e-06,0.6792269586982128,0.2403490030217972,0.8376957796818703,-0.8376957796858935,0.4902540190529364,0.2633292656501648,168779.64388072627,0.330183744430542,0.6786377669331343,0.23988432649165106,0.4900888947074352,0.26327034647365694
7141.5,91000.0,91000.0,0.4613492614224237,6.4176189379700354e-06,6.417618938024569e-06,0.6792269586982128,0.2410862332114517,0.8602705051486795,-0.8589175366716849,0.4910053292608205,0.2640481310799869,168891.37877874938,0.162095308303833,0.678316480003089,0.24157221246166302,0.48984398886769376,0.26395708321047456
7141.666666666667,91000.0,91000.0,0.4613492614224237,6.4176189379700354e-06,6.417618938024569e-06,0.6792269586982128,0.2417473717884806,0.8839801117701391,-0.8831018450737921,0.4916781181992142,0.2647200674758856,169027.47125171754,0.6385600566864014,0.6756873559047011,0.24197072017874863,0.49092140176127974,0.2643661071965344
7141.833333333333,91000.0,91000.0,0.4613492614224237,6.4176189379700354e-06,6.417618938024569e-06,0.6792269586982128,0.2423620854124688,0.9165582769425156,-0.914721519270078,0.4923028392431498,0.2653223007752603,169195.62569358133,0.4917991161346435,0.6778740641162767,0.24154633901755201,0.4919527186439109,0.2651870113170667
7142.0,91000.0,91000.0,0.4613492614224237,6.4176189379700354e-06,6.417618938024569e-06,0.6792269586982128,0.2429328230618161,0.955429548449139,-0.953676957108052,0.4928821595056921,0.2658852405075844,169395.15612926625,0.2257354259490966,0.6785768547394443,0.24115160201264557,0.49176372577123095,0.2658202301117075
7200.166666666667,92000.0,92000.0,0.4608682793012954,-2.1587931789081207e-07,-2.1587931781805278e-07,0.6788728005313628,0.2329052860099266,0.6858248311058663,-0.6858248419201627,0.4826026170887625,0.2556718802025599,168167.3135859837,0.2391862869262695,0.6800532523818977,0.23186948006203492,0.4827689793243108,0.25578992538761336
7200.333333333333,92000.0,92000.0,0.4608682793012954,-2.1587931789081207e-07,-2.1587931781805278e-07,0.6788728005313628,0.2341055801924982,0.7006318566522931,-0.7006337564052724,0.4838445827052165,0.2569459600499519,168186.49000106455,1.0316531658172607,0.6814993760033197,0.23267011009437957,0.48368124246421046,0.2572086175971476
7200.5,92000.0,92000.0,0.4608682793012954,-2.1587931789081207e-07,-2.1587931781805278e-07,0.6788728005313628,0.2352584203338124,0.7172686955001917,-0.717268695500249,0.4850344527628357,0.2581390431407718,168223.06738361472,0.1792764663696289,0.6814935920072736,0.23382085100119146,0.4855717841684085,0.25840112228836287
7200.666666666667,92000.0,92000.0,0.4608682793012954,-2.1587931789081207e-07,-2.1587931781805278e-07,0.6788728005313628,0.2363384948771151,0.7315638932788237,-0.7315638932788658,0.4861465776129254,0.2592053641877328,168276.28259458076,0.3113200664520263,0.6814814753200785,0.2358281355923898,0.48560681954770885,0.2594662316666044
7200.833333333333,92000.0,92000.0,0.4608682793012954,-2.1587931789081207e-07,-2.1587931781805278e-07,0.6788728005313628,0.2373586387565523,0.7458325869946568,-0.7459612145012519,0.4871946621435294,0.2602788493733873,168352.24081957695,0.3461580276489258,0.679783276533107,0.23553359586423894,0.48705371493108485,0.2603698969735617
7201.0,92000.0,92000.0,0.4608682793012954,-2.1587931789081207e-07,-2.1587931781805278e-07,0.6788728005313628,0.2383320977362698,0.7708985997019181,-0.7774540247915686,0.4881926851352228,0.2612510581783722,168456.27834631997,0.4070107936859131,0.6780185274149088,0.23852358993243794,0.4870122419752781,0.2611656308667268
7201.166666666667,92000.0,92000.0,0.4608682793012954,-2.1587931789081207e-07,-2.1587931781805278e-07,0.6788728005313628,0.2392625080279827,0.8063484916761299,-0.8935762755183677,0.4891446699409831,0.2621999300613461,168591.911796876,0.8934578895568848,0.6777549614897821,0.2412415124563747,0.4883516883770205,0.26208814615718806
7201.333333333333,92000.0,92000.0,0.4608682793012954,-2.1587931789081207e-07,-2.1587931781805278e-07,0.6788728005313628,0.2401082036327864,0.8366753157145641,-0.992948041509079,0.4900083711110474,0.2630672158601566,168750.73285642307,0.1822056770324707,0.677376671292317,0.2409803620733171,0.48915438540716283,0.262917602936252
7201.5,92000.0,92000.0,0.4608682793012954,-2.1587931789081207e-07,-2.1587931781805278e-07,0.6788728005313628,0.2408481756255206,0.8589365051892028,-1.062831028093716,0.4907628508494787,0.2637912871276286,168927.5589739177,0.3757543563842773,0.6769250502827893,0.24113071726046606,0.4896068711996594,0.26359651210277124
7201.666666666667,92000.0,92000.0,0.4608682793012954,-2.1587931789081207e-07,-2.1587931781805278e-07,0.6788728005313628,0.2415106576261827,0.8827277537580328,-1.1174296450513248,0.4914373386270323,0.26446732787124,169127.17075534372,0.2218716144561767,0.6786959459946701,0.24034617648133,0.4893571469308745,0.26444964241757074
7201.833333333333,92000.0,92000.0,0.4608682793012954,-2.1587931789081207e-07,-2.1587931781805278e-07,0.6788728005313628,0.242124176894214,0.9131790011308782,-1.1765140108278724,0.4920611517770952,0.2650712745181895,169353.32010033587,0.2612776756286621,0.6812210665561151,0.243524621331211,0.4905083705071342,0.2653061011206648
7202.0,92000.0,92000.0,0.4608682793012954,-2.1587931789081207e-07,-2.1587931781805278e-07,0.6788728005313628,0.2426911015091217,0.9539290188144508,-1.2421847873260183,0.4926368862822931,0.2656342335120421,169603.64280231757,0.1976346969604492,0.6828826347270893,0.24283712967705154,0.49242109848104665,0.26603521693161475
7260.166666666667,93000.0,93000.0,0.4551185431388556,-6.729247890081181e-06,-6.729247890016715e-06,0.6746247424597289,0.2300098973814563,0.6814319104513511,-0.6814319104512909,0.4795934712316043,0.2524930547816345,168502.60893525087,0.5962598323822021,0.6784070451524585,0.23045424973466583,0.47976345887863847,0.25287128505090745
7260.333333333333,93000.0,93000.0,0.4551185431388556,-6.729247890081181e-06,-6.729247890016715e-06,0.6746247424597289,0.2311945472339164,0.6966749012105157,-0.6981807374594718,0.4808269413254824,0.2537508273843605,168513.05035614705,0.3671815395355224,0.6741830714162697,0.23191134583499098,0.48077823244117107,0.2537066602800146
7260.5,93000.0,93000.0,0.4551185431388556,-6.729247890081181e-06,-6.729247890016715e-06,0.6746247424597289,0.2323313161347517,0.714174873217854,-0.7162397589039915,0.4820075895672392,0.2549282379808493,168529.15694414353,0.3608744144439697,0.6741551852102807,0.2356389324651104,0.48114952859119614,0.25488128225590445
7260.666666666667,93000.0,93000.0,0.4551185431388556,-6.729247890081181e-06,-6.729247890016715e-06,0.6746247424597289,0.2333950313561775,0.7265432465883421,-0.7265432465722951,0.4831097510962949,0.2559783247162354,168549.6040743488,0.1664092540740966,0.6719930683392163,0.23431215675437175,0.4808030999656719,0.25571515730418415
7260.833333333333,93000.0,93000.0,0.4551185431388556,-6.729247890081181e-06,-6.729247890016715e-06,0.6746247424597289,0.2343993487480405,0.740483007095158,-0.7427126005407422,0.4841480651475059,0.2570351842075515,168583.76763539753,0.1947419643402099,0.6714039849833453,0.2343341772413065,0.4841867023751167,0.25671310845991313
7261.0,93000.0,93000.0,0.4551185431388556,-6.729247890081181e-06,-6.729247890016715e-06,0.6746247424597289,0.2353569722892606,0.7675156224754902,-0.7675156219082478,0.4851360350581825,0.2579909497863445,168638.38563279383,0.4484648704528808,0.6735773208585383,0.23717494234305017,0.4845377740180857,0.25788620762622544
7261.166666666667,93000.0,93000.0,0.4551185431388556,-6.729247890081181e-06,-6.729247890016715e-06,0.6746247424597289,0.2362717003355943,0.8011361938868857,-0.8011361699291191,0.4860778749799559,0.2589223500969353,168717.31185083816,0.1743755340576172,0.6750523303806621,0.2388299955703186,0.4856413671592622,0.25896510888902863
7261.333333333333,93000.0,93000.0,0.4551185431388556,-6.729247890081181e-06,-6.729247890016715e-06,0.6746247424597289,0.237102943150788,0.8298525693742047,-0.8298525277844502,0.4869321753102872,0.259773217673858,168814.1012355044,0.2338426113128662,0.6742615267436647,0.23799412514076054,0.4863914043511859,0.2597368961022516
7261.5,93000.0,93000.0,0.4551185431388556,-6.729247890081181e-06,-6.729247890016715e-06,0.6746247424597289,0.2378297448871414,0.8546452272395371,-0.854644296094472,0.4876779111921638,0.2604818408498812,168925.15513584402,0.5698366165161133,0.6751159824280859,0.23804007241624928,0.4860605274811627,0.2605309648467169
7261.666666666667,93000.0,93000.0,0.4551185431388556,-6.729247890081181e-06,-6.729247890016715e-06,0.6746247424597289,0.2384814024484921,0.8754164407372099,-0.8763555910883777,0.488345577027746,0.2611440096881955,169059.38621978994,1.173253059387207,0.6733488677634619,0.23737925087666462,0.48798742258673056,0.2610164222185688
7261.833333333333,93000.0,93000.0,0.4551185431388556,-6.729247890081181e-06,-6.729247890016715e-06,0.6746247424597289,0.2390872886849649,0.9092744085453288,-0.9092643333053908,0.4889655292826281,0.2617373568720572,169224.74577355105,0.6085941791534424,0.6720738381116311,0.23844314895488916,0.48842499864445843,0.2614822664372474
7262.0,93000.0,93000.0,0.4551185431388556,-6.729247890081181e-06,-6.729247890016715e-06,0.6746247424597289,0.2396498138589711,0.9466922890264036,-0.948417936042094,0.4895404109807021,0.2622918349051329,169420.60072220766,0.5080358982086182,0.671464529829268,0.23981854824326185,0.4901065545262984,0.26197581364208683
7320.166666666667,93000.0,93000.0,0.4544058086924356,3.0388060466847725e-06,3.038806046750369e-06,0.674096290371365,0.2296390891780611,0.6819586950872798,-0.6819586950872792,0.4792067290650728,0.2520864257143502,168157.4100453909,0.4180331230163574,0.6736668671234328,0.22820301669118032,0.4779425654708274,0.25204348338955695
7320.333333333333,93000.0,93000.0,0.4544058086924356,3.0388060466847725e-06,3.038806046750369e-06,0.674096290371365,0.2308224079799462,0.6969917881547683,-0.6969917881547592,0.4804398068321651,0.2533424546632228,168171.67817357607,0.2136061191558838,0.6750326906127239,0.2317248944091243,0.4784938637422448,0.25343609468735867
7320.5,93000.0,93000.0,0.4544058086924356,3.0388060466847725e-06,3.038806046750369e-06,0.674096290371365,0.2319589701219696,0.7134833155137701,-0.713483315513728,0.4816211894629349,0.2545186282207931,168203.53782671984,0.2103047370910644,0.6771215894880951,0.23145859774891214,0.4822346017919506,0.2548211581324661
7320.666666666667,93000.0,93000.0,0.4544058086924356,3.0388060466847725e-06,3.038806046750369e-06,0.674096290371365,0.2330238541098433,0.7244730184476276,-0.7244351883712891,0.4827254438487686,0.2555698738227671,168252.49137812053,0.6945171356201172,0.6761412420416005,0.2338307195233739,0.48310672961525863,0.2557743689897906
7320.833333333333,93000.0,93000.0,0.4544058086924356,3.0388060466847725e-06,3.038806046750369e-06,0.674096290371365,0.2340297018604021,0.7412944282799431,-0.7412944282799725,0.4837661644879428,0.2566282423116745,168324.73746909283,0.394078254699707,0.6745802846747666,0.23324340480567152,0.4849450526031593,0.2566766417420147
7321.0,93000.0,93000.0,0.4544058086924356,3.0388060466847725e-06,3.038806046750369e-06,0.674096290371365,0.234989605550788,0.7667147392279638,-0.7667147392278462,0.4847572646281926,0.2575868488439541,168425.72834847908,0.3762445449829101,0.6737662883955067,0.23566724466140218,0.4855735210815626,0.25755384864636827
7321.166666666667,93000.0,93000.0,0.4544058086924356,3.0388060466847725e-06,3.038806046750369e-06,0.674096290371365,0.2359071578210826,0.8539517214354853,-0.7986308788862198,0.4857027464386756,0.2585225632969942,168559.1531812831,0.1934576034545898,0.6736583129443311,0.2343783713006258,0.48423417391117785,0.2584787655542908
7321.333333333333,93000.0,93000.0,0.4544058086924356,3.0388060466847725e-06,3.038806046750369e-06,0.674096290371365,0.236741276288238,0.9612513358079328,-0.8311052546826639,0.4865606605399299,0.2593779592892397,168716.81846231726,0.3769869804382324,0.6726775040365246,0.2346741236755311,0.4838987954367823,0.25923608065575565
7321.5,93000.0,93000.0,0.4544058086924356,3.0388060466847725e-06,3.038806046750369e-06,0.674096290371365,0.2374713096113663,1.039730556798055,-0.8532309979457793,0.4873102807548868,0.2600923554510986,168893.76398883178,0.1998705863952636,0.673021712329098,0.23657690950081778,0.48627337963788925,0.2599848976468719
7321.666666666667,93000.0,93000.0,0.4544058086924356,3.0388060466847725e-06,3.038806046750369e-06,0.674096290371365,0.2381250313906107,1.1031797346981882,-0.8758751145625117,0.4879805647056298,0.2607595617790941,169094.67835856273,0.3846485614776611,0.6733448389448287,0.2374455254943267,0.487414557357821,0.2606844166364405
7321.833333333333,93000.0,93000.0,0.4544058086924356,3.0388060466847725e-06,3.038806046750369e-06,0.674096290371365,0.2387304724336278,1.1717084570200045,-0.9084079801123472,0.4886005245552769,0.2613557650243674,169323.10234638926,0.2764730453491211,0.6735207895036109,0.23875956274575832,0.48751267536702036,0.26129821493759203
7322.0,93000.0,93000.0,0.4544058086924356,3.0388060466847725e-06,3.038806046750369e-06,0.674096290371365,0.2392899738585172,1.247969652311835,-0.9455989250788704,0.4891727445833711,0.2619116751685639,169576.63377330918,0.5413148403167725,0.6727551543584253,0.24037082327614315,0.4877608676237112,0.26177756156726995
7380.166666666667,94000.0,94000.0,0.4513425795701106,-3.455169723934204e-06,-3.4551697238718734e-06,0.6718203476898498,0.2281018016613605,0.6800501309600292,-0.6792602598832223,0.4776000438976593,0.2503984344633082,168509.56147729908,0.1827290058135986,0.6726090265255739,0.22853505232692115,0.47703613724847826,0.2504773023468806
7380.333333333333,94000.0,94000.0,0.4513425795701106,-3.455169723934204e-06,-3.4551697238718734e-06,0.6718203476898498,0.229276770751825,0.6958852907881542,-0.6940132793455686,0.4788285403244095,0.251645957690684,168524.9434888963,0.269291877746582,0.6724007681063895,0.2290802538394083,0.4771640655570968,0.251703999732338
7380.5,94000.0,94000.0,0.4513425795701106,-3.455169723934204e-06,-3.4551697238718734e-06,0.6718203476898498,0.2304042333027177,0.7107573619236893,-0.7094226129193428,0.4800044099577878,0.2528137833201119,168545.90222224922,0.3462541103363037,0.6711601862895382,0.22985282164393145,0.4794368155644373,0.25274776718008074
7380.666666666667,94000.0,94000.0,0.4513425795701106,-3.455169723934204e-06,-3.4551697238718734e-06,0.6718203476898498,0.23145919233651,0.7266590765841716,-0.723709867417275,0.4811020604803634,0.2538553038957815,168570.85475122614,0.2736594676971435,0.6697929825475789,0.23043844992887408,0.47928221622581585,0.2536525673815544
7380.833333333333,94000.0,94000.0,0.4513425795701106,-3.455169723934204e-06,-3.4551697238718734e-06,0.6718203476898498,0.2324551949326224,0.7399151380587078,-0.738599017613255,0.4821360753849528,0.2549034852909646,168609.05626528533,0.4360332489013672,0.6681578458199605,0.23024132462968713,0.4811564230941547,0.2545372351039757
7381.0,94000.0,94000.0,0.4513425795701106,-3.455169723934204e-06,-3.4551697238718734e-06,0.6718203476898498,0.2334048112001983,0.7669620230540842,-0.7622935871306475,0.4831198727465095,0.2558513278257617,168667.11786060824,0.5185403823852539,0.6685862126555369,0.2324387709484954,0.48146354595149565,0.2555279143223304
7381.166666666667,94000.0,94000.0,0.4513425795701106,-3.455169723934204e-06,-3.4551697238718734e-06,0.6718203476898498,0.2343117989188263,0.798860044645412,-0.797564406535165,0.4840576403182572,0.2567749026136393,168748.71928352478,0.3888776302337646,0.6716034996168463,0.23390678981515262,0.4820532168601028,0.2567532178063389
7381.333333333333,94000.0,94000.0,0.4513425795701106,-3.455169723934204e-06,-3.4551697238718734e-06,0.6718203476898498,0.2351359010262275,0.8284248569862941,-0.8284249101182798,0.4849081369214532,0.2576184908097952,168847.18552999946,0.2270979881286621,0.6731927301937475,0.2349358808708873,0.4830845760986524,0.25775572906018496
7381.5,94000.0,94000.0,0.4513425795701106,-3.455169723934204e-06,-3.4551697238718734e-06,0.6718203476898498,0.2358562752800541,0.8490811539675563,-0.8490811539675879,0.4856503634136017,0.258320818332137,168958.6838529776,0.2090547084808349,0.671056862904522,0.23670356117934438,0.4835340110853081,0.2582444698536042
7381.666666666667,94000.0,94000.0,0.4513425795701106,-3.455169723934204e-06,-3.4551697238718734e-06,0.6718203476898498,0.2365020266611833,0.8737465242968158,-0.8737466034240033,0.4863147405149208,0.258976904010892,169092.1824370565,0.4578373432159424,0.6708170284240227,0.23869992764644674,0.485365900261536,0.2588765720843093
7381.833333333333,94000.0,94000.0,0.4513425795701106,-3.455169723934204e-06,-3.4551697238718734e-06,0.6718203476898498,0.237102369102951,0.903261926466828,-0.903271077666862,0.4869315858235454,0.2595646400491838,169255.8058023562,0.2001335620880127,0.6682240240917913,0.24043679090266712,0.4868170574676566,0.25920500768937793
7382.0,94000.0,94000.0,0.4513425795701106,-3.455169723934204e-06,-3.4551697238718734e-06,0.6718203476898498,0.2376596861131215,0.9439613157002784,-0.9439613157002396,0.4875035243622706,0.2601136978165358,169448.94381273162,0.1795780658721923,0.6685177318472291,0.24029210136339876,0.48668889530782433,0.25978343623227373
7440.166666666667,94000.0,94000.0,0.4468072701670189,6.157075617826498e-06,6.157075617891535e-06,0.6684364368936054,0.2257989572907715,0.6743631566887175,-0.6743630392237757,0.4751830776562215,0.2478709260437323,168153.4666226718,0.1803658008575439,0.6663591128721595,0.22891704673009483,0.47516893839208857,0.2476631936415877
7440.333333333333,94000.0,94000.0,0.4468072701670189,6.157075617826498e-06,6.157075617891535e-06,0.6684364368936054,0.2269623391856657,0.6895355419846305,-0.689535217754014,0.4764056456295822,0.249105767380479,168162.80324064338,0.5027265548706055,0.6682855999310964,0.22878603368108621,0.4766448571895879,0.24909068368422807
7440.5,94000.0,94000.0,0.4468072701670189,6.157075617826498e-06,6.157075617891535e-06,0.6684364368936054,0.2280797598811949,0.7072564955532713,-0.7072579469389998,0.4775769675017788,0.2502620877466146,168189.71728679337,0.2488842010498047,0.6694955187788956,0.22968425481607171,0.4766162574377593,0.25036799593514364
7440.666666666667,94000.0,94000.0,0.4468072701670189,6.157075617826498e-06,6.157075617891535e-06,0.6684364368936054,0.2291267453250495,0.7202373404943138,-0.7202744216285079,0.4786718555962803,0.2512955875945344,168233.9603159718,0.3985285758972168,0.6684956356483291,0.23068211895434623,0.4782446723480717,0.2513015074700068
7440.833333333333,94000.0,94000.0,0.4468072701670189,6.157075617826498e-06,6.157075617891535e-06,0.6684364368936054,0.2301157299340945,0.7331161427901831,-0.7331161427901624,0.4797037939806307,0.2523361429029424,168301.87774407456,0.1998999118804931,0.6674278515994879,0.23083599396563845,0.47823141560319593,0.2522352843735306
7441.0,94000.0,94000.0,0.4468072701670189,6.157075617826498e-06,6.157075617891535e-06,0.6684364368936054,0.2310596114719408,0.7601033753537502,-0.7607684756662029,0.4806866042550024,0.2532786767443101,168399.0586883979,0.1990463733673095,0.667148186727111,0.23086339701373576,0.48085511540492426,0.25314985172766064
7441.166666666667,94000.0,94000.0,0.4468072701670189,6.157075617826498e-06,6.157075617891535e-06,0.6684364368936054,0.2319619330763356,0.7940561401253008,-0.8064873087245841,0.4816242655116501,0.2541987919391561,168529.3662082721,0.2205581665039062,0.6668371415235818,0.2320507706411469,0.4815100639584464,0.25403886240215373
7441.333333333333,94000.0,94000.0,0.4468072701670189,6.157075617826498e-06,6.157075617891535e-06,0.6684364368936054,0.2327823080244066,0.8226151150765268,-0.9205312722145526,0.4824751890973365,0.2550400507638558,168684.84954994114,0.4887220859527588,0.6657196167183901,0.23244292942696965,0.4825397256830721,0.25476836874633424
7441.5,94000.0,94000.0,0.4468072701670189,6.157075617826498e-06,6.157075617891535e-06,0.6684364368936054,0.2335004871650943,0.8465954166972174,-1.006698102560143,0.4832188813101131,0.2557428517501579,168860.79214832257,0.2097764015197754,0.6670790543183127,0.2319789652491684,0.48161450714941395,0.2556071134926286
7441.666666666667,94000.0,94000.0,0.4468072701670189,6.157075617826498e-06,6.157075617891535e-06,0.6684364368936054,0.2341437418892601,0.8683115245819385,-1.078234014022016,0.4838840170942366,0.2563994285205112,169061.863245414,0.1994392871856689,0.6669425433662164,0.23248439358274356,0.482460440857448,0.2562500391677723
7441.833333333333,94000.0,94000.0,0.4468072701670189,6.157075617826498e-06,6.157075617891535e-06,0.6684364368936054,0.2347395619563466,0.9004462061078738,-1.155383879961417,0.4844992900788255,0.2569863058974325,169291.46929238687,0.5714118480682373,0.6657621967421264,0.23137449114729916,0.48456435047748647,0.2567188818822846
7442.0,94000.0,94000.0,0.4468072701670189,6.157075617826498e-06,6.157075617891535e-06,0.6684364368936054,0.2352902565182399,0.9387460332488134,-1.2413181574237375,0.4850672702528331,0.257533705597485,169547.2005231297,0.3660426139831543,0.6649479584604767,0.23370908268018428,0.4865461485603099,0.25718485775417216
7500.166666666667,95000.0,95000.0,0.4462397987440903,-2.083441332461462e-07,-2.0834413318360345e-07,0.6680118253025842,0.2255229652838121,0.6755588344836231,-0.6827463254985914,0.4748925831714274,0.247567517116069,168510.46132256245,0.3592379093170166,0.6666296299029212,0.22268483156565555,0.4768708714783113,0.24742929757610269
7500.333333333333,95000.0,95000.0,0.4462397987440903,-2.083441332461462e-07,-2.0834413318360345e-07,0.6680118253025842,0.2266848016553644,0.6905379650625926,-0.6905379650626287,0.4761142740288637,0.248801119029822,168530.72271523153,0.6489930152893066,0.6661693152573389,0.2238259726299042,0.4767689998924784,0.24861686802529745
7500.5,95000.0,95000.0,0.4462397987440903,-2.083441332461462e-07,-2.0834413318360345e-07,0.6680118253025842,0.2277996641196749,0.7072763406068894,-0.7084463639920385,0.4772836309794179,0.2499559285106352,168556.67758352187,0.6959538459777832,0.663260807007012,0.22430284714337853,0.47894734560039676,0.24948082668107796
7500.666666666667,95000.0,95000.0,0.4462397987440903,-2.083441332461462e-07,-2.0834413318360345e-07,0.6680118253025842,0.228842809961387,0.7184135990310284,-0.721308118572154,0.4783751772740583,0.2509858614460075,168586.50538774414,0.8286104202270508,0.666915763806523,0.22510071212738697,0.4810257087912567,0.25087625529640134
7500.833333333333,95000.0,95000.0,0.4462397987440903,-2.083441332461462e-07,-2.0834413318360345e-07,0.6680118253025842,0.2298276208720786,0.7342438132482121,-0.737425551336368,0.479403401259478,0.2520223322186273,168629.28967122527,1.1547839641571045,0.6624598882661875,0.22865433920909953,0.478678520728334,0.25146713851498764
7501.0,95000.0,95000.0,0.4462397987440903,-2.083441332461462e-07,-2.0834413318360345e-07,0.6680118253025842,0.2307665042391291,0.7600673813739744,-0.764321602836799,0.4803816238125842,0.2529595375282812,168691.4959953581,0.6353836059570312,0.6650665052095537,0.23068114046395807,0.480117811448858,0.25266500551897814
7501.166666666667,95000.0,95000.0,0.4462397987440903,-2.083441332461462e-07,-2.0834413318360345e-07,0.6680118253025842,0.2316631632876182,0.792364026883154,-0.7947915686695369,0.4813139968227837,0.2538726726405299,168776.63174280382,0.183673620223999,0.6656451481784668,0.22971412180465522,0.48001100371359456,0.2536360049281181
7501.333333333333,95000.0,95000.0,0.4462397987440903,-2.083441332461462e-07,-2.0834413318360345e-07,0.6680118253025842,0.2324777828605394,0.8230655336587378,-0.8276373091898245,0.4821594996555934,0.2547066093982475,168877.76810569142,0.1675052642822265,0.6667596847018616,0.2315587741778159,0.4823793363491311,0.25458139533817525
7501.5,95000.0,95000.0,0.4462397987440903,-2.083441332461462e-07,-2.0834413318360345e-07,0.6680118253025842,0.2331897028406383,0.8460388673847337,-0.8460388591441392,0.482897197204143,0.2554007103826165,168990.82107211722,0.5222201347351074,0.667288345960995,0.23191635156810547,0.48528455391971714,0.2553283624484576
7501.666666666667,95000.0,95000.0,0.4462397987440903,-2.083441332461462e-07,-2.0834413318360345e-07,0.6680118253025842,0.2338277237331198,0.8671273670984054,-0.8707180595458585,0.4835573636486601,0.2560489122189127,169124.741018284,0.4488158226013183,0.6673477492447305,0.233524176150511,0.48405545443747133,0.2559825046131273
7501.833333333333,95000.0,95000.0,0.4462397987440903,-2.083441332461462e-07,-2.0834413318360345e-07,0.6680118253025842,0.2344207892011918,0.9004957572975366,-0.9004957572975916,0.4841702070526579,0.2566294035441809,169287.7461421971,0.2074625492095947,0.6695433213215105,0.23363682335403804,0.48336024200990585,0.2567825531460735
7502.0,95000.0,95000.0,0.4462397987440903,-2.083441332461462e-07,-2.0834413318360345e-07,0.6680118253025842,0.234971248202302,0.935893997215027,-0.938001582404044,0.4847383298052591,0.2571715022795883,169479.2184994829,0.1991591453552246,0.6669712015840581,0.23540135850775445,0.48503967896670924,0.2570674399077357
7560.166666666667,96000.0,96000.0,0.4408024597409967,-6.538991050744224e-06,-6.538991050685763e-06,0.6639295593216171,0.2227644190298896,0.6716093440494875,-0.6716094697273406,0.4719792569927624,0.2445397596158296,168155.61785785822,0.1776459217071533,0.6616203958305901,0.22199842002295572,0.4742589197685522,0.2443088432667269
7560.333333333333,96000.0,96000.0,0.4408024597409967,-6.538991050744224e-06,-6.538991050685763e-06,0.6639295593216171,0.2239120158427034,0.6862828284785095,-0.6862831778715106,0.4731934232876807,0.2457578275502034,168160.16799236933,0.3758788108825683,0.6626176925888243,0.22026535320797977,0.4724355962025148,0.24562664087692412
7560.5,96000.0,96000.0,0.4408024597409967,-6.538991050744224e-06,-6.538991050685763e-06,0.6639295593216171,0.2250142645153919,0.70191970962327,-0.7019183628044467,0.4743566849076481,0.2468984225819279,168182.07727886777,0.1949491500854492,0.6635514838443094,0.22245771320638966,0.47497595541669224,0.24686061503419712
7560.666666666667,96000.0,96000.0,0.4408024597409967,-6.538991050744224e-06,-6.538991050685763e-06,0.6639295593216171,0.2260470453838526,0.7147173302444461,-0.7147173302444515,0.4754440507454784,0.2479178285274979,168221.32161455744,0.2140753269195556,0.6635144875950147,0.22269336607594606,0.4754244707734647,0.24787632135483767
7560.833333333333,96000.0,96000.0,0.4408024597409967,-6.538991050744224e-06,-6.538991050685763e-06,0.6639295593216171,0.2270226459631814,0.7301863366210629,-0.7301870724655265,0.4764689349531656,0.2489442379138642,168284.4415032154,0.6998515129089355,0.6646990013425816,0.22506194075150182,0.47486228001403746,0.24902118211596064
7561.0,96000.0,96000.0,0.4408024597409967,-6.538991050744224e-06,-6.538991050685763e-06,0.6639295593216171,0.2279538070332603,0.7549093187086416,-0.7542528193825536,0.4774450827635169,0.2498739918957004,168377.17916582548,0.3495275974273681,0.6653797373371098,0.22598228474066945,0.47716365300834773,0.25001900969724966
7561.166666666667,96000.0,96000.0,0.4408024597409967,-6.538991050744224e-06,-6.538991050685763e-06,0.6639295593216171,0.2288440374265776,0.7875284350370688,-0.7875292036541148,0.4783764599770835,0.2507816902207088,168503.56697796893,0.3224031925201416,0.6638813153358326,0.22896655136819963,0.4765470764454451,0.2507768658221303
7561.333333333333,96000.0,96000.0,0.4408024597409967,-6.538991050744224e-06,-6.538991050685763e-06,0.6639295593216171,0.2296535106559298,0.8740813929329303,-0.818855754222879,0.4792217761153334,0.2516117028826942,168655.9166065435,0.3875463008880615,0.6659942891317358,0.2289889481599035,0.4773534545389174,0.25181817586370603
7561.5,96000.0,96000.0,0.4408024597409967,-6.538991050744224e-06,-6.538991050685763e-06,0.6639295593216171,0.2303622988802916,0.9672260585034071,-0.8390524317980169,0.4799607264605015,0.2523052754397455,168829.76810666572,0.221170425415039,0.6652739192194237,0.22694056649228625,0.478313648827262,0.25243971142952615
7561.666666666667,96000.0,96000.0,0.4408024597409967,-6.538991050744224e-06,-6.538991050685763e-06,0.6639295593216171,0.23099729590231,1.0462337406052866,-0.8633810572909952,0.4806217805979116,0.2529534251642616,169029.84469879497,0.2434759140014648,0.6638171894722129,0.22973681036763344,0.47811005043638727,0.2529421881793212
7561.833333333333,96000.0,96000.0,0.4408024597409967,-6.538991050744224e-06,-6.538991050685763e-06,0.6639295593216171,0.2315855753203271,1.1313430379904272,-0.8936973134035512,0.4812333897617207,0.2535329602436335,169259.49990860347,0.2405915260314941,0.6683322863166387,0.22930236673520002,0.4795020067733776,0.2539732329431356
7562.0,96000.0,96000.0,0.4408024597409967,-6.538991050744224e-06,-6.538991050685763e-06,0.6639295593216171,0.2321294231237377,1.2262122812271294,-0.9325043804744536,0.4817981146136609,0.2540737066984939,169516.3470264625,0.3396656513214111,0.668054083973838,0.23069236243897162,0.48103024932496,0.254486159163716
7620.166666666667,96000.0,96000.0,0.4401722142235357,2.8658071436533173e-06,2.8658071437141736e-06,0.6634547567268892,0.2224563492733945,0.678800181770669,-0.669873111197022,0.4716527849313031,0.2442011478378156,168505.27777970364,0.501582145690918,0.6661762796165621,0.22176983934839745,0.47051748477310124,0.2444733001267829
7620.333333333333,96000.0,96000.0,0.4401722142235357,2.8658071436533173e-06,2.8658071437141736e-06,0.6634547567268892,0.2236025370297992,0.6991439865755897,-0.6842907957318034,0.4728662996073628,0.245418149656342,168530.19091891413,0.6015558242797852,0.6661671659517994,0.22346060048370686,0.4742068751943274,0.24568939057883302
7620.5,96000.0,96000.0,0.4401722142235357,2.8658071436533173e-06,2.8658071437141736e-06,0.6634547567268892,0.2247024032035687,0.7022636648994752,-0.7013836350395084,0.4740278509584881,0.2465574406557986,168561.11550053456,0.6912798881530762,0.6663600617852122,0.22399818421295353,0.4733214982560617,0.2468479711616309
7620.666666666667,96000.0,96000.0,0.4401722142235357,2.8658071436533173e-06,2.8658071437141736e-06,0.6634547567268892,0.2257315188179767,0.7149844582206113,-0.7149844582412156,0.475112112129304,0.2475735907289724,168596.02215626198,0.3871045112609863,0.6642444992301276,0.22863867565867688,0.4746973774323499,0.24765256497929625
7620.833333333333,96000.0,96000.0,0.4401722142235357,2.8658071436533173e-06,2.8658071437141736e-06,0.6634547567268892,0.2267030554853522,0.7331937215263986,-0.7285335422578408,0.4761334432271975,0.2485961516568336,168643.77769069537,0.6182510852813721,0.6657237283559853,0.228357807396835,0.4757267703645793,0.2488230488197432
7621.0,96000.0,96000.0,0.4401722142235357,2.8658071436533173e-06,2.8658071437141736e-06,0.6634547567268892,0.2276292396927921,0.754315674090559,-0.753814105739572,0.4771050617640881,0.2495207601548166,168710.6884658108,0.931652307510376,0.6615038118056119,0.22919760817156454,0.4777639855517412,0.24932566566268888
7621.166666666667,96000.0,96000.0,0.4401722142235357,2.8658071436533173e-06,2.8658071437141736e-06,0.6634547567268892,0.2285137097449479,0.7941572046998929,-0.788139345045594,0.478031076404624,0.2504215788218372,168800.09705580448,0.8330960273742676,0.6621276084196336,0.2287335884046293,0.47649166778147334,0.2502888639911116
7621.333333333333,96000.0,96000.0,0.4401722142235357,2.8658071436533173e-06,2.8658071437141736e-06,0.6634547567268892,0.2293171701816678,0.8205710290624295,-0.8173387374333604,0.4788707241481099,0.2512441699111361,168904.80565988258,0.6812899112701416,0.6660958276349227,0.22889396781392107,0.477232568064868,0.2515082770019394
7621.5,96000.0,96000.0,0.4401722142235357,2.8658071436533173e-06,2.8658071437141736e-06,0.6634547567268892,0.2300191968013916,0.8464573929370908,-0.8397950234872193,0.479603166219723,0.2519286843094193,169020.47040704757,0.6449565887451172,0.6646837762038743,0.23018234466631224,0.4790331698494561,0.25205158625711777
7621.666666666667,96000.0,96000.0,0.4401722142235357,2.8658071436533173e-06,2.8658071437141736e-06,0.6634547567268892,0.2306481962894779,0.8645038461349411,-0.8624684730830526,0.4802584684490831,0.2525677430474976,169155.9511690667,0.5383274555206299,0.6643158558020094,0.22837024565654618,0.4786775016894133,0.2526538529550096
7621.833333333333,96000.0,96000.0,0.4401722142235357,2.8658071436533173e-06,2.8658071437141736e-06,0.6634547567268892,0.2312327524575052,0.8999923856407864,-0.8929604839163368,0.4808666682956774,0.2531398493662929,169319.47708795147,1.0593652725219729,0.6640191773173212,0.22949511036278505,0.4796086668691536,0.2531962914253361
7622.0,96000.0,96000.0,0.4401722142235357,2.8658071436533173e-06,2.8658071437141736e-06,0.6634547567268892,0.2317751741708869,0.9325762506063832,-0.9321699115824648,0.4814303421853613,0.2536739194819667,169510.39193251095,0.6016790866851807,0.6638389654050249,0.23004023025614848,0.4809475196778758,0.2537123403497803
7680.166666666667,97000.0,97000.0,0.4368534690578005,-3.2833081093387654e-06,-3.283308109280309e-06,0.6609489156189006,0.2207689890155267,0.6679489795707328,-0.667948979675008,0.4698606059492019,0.2423492675323855,168163.79035665543,0.2344536781311035,0.6610242104268267,0.219430855772484,0.4701220832728108,0.2423567970131781
7680.333333333333,97000.0,97000.0,0.4368534690578005,-3.2833081093387654e-06,-3.283308109280309e-06,0.6609489156189006,0.2219061589752207,0.6828456033400259,-0.6828456136160975,0.4710691658110038,0.2435562569090958,168163.8623380498,0.4154245853424072,0.6603972087957235,0.22037102461138877,0.4710650487703068,0.2435010862267781
7680.5,97000.0,97000.0,0.4368534690578005,-3.2833081093387654e-06,-3.283308109280309e-06,0.6609489156189006,0.2229983647345614,0.6997929397896319,-0.6997930827617448,0.4722270266881957,0.2446864542926412,168180.87846095153,0.9109673500061036,0.6596226606001697,0.21952673778362036,0.47226875685053155,0.2445538287907681
7680.666666666667,97000.0,97000.0,0.4368534690578005,-3.2833081093387654e-06,-3.283308109280309e-06,0.6609489156189006,0.2240217223131692,0.711536618073668,-0.7115366180736817,0.4733093304740539,0.2456964928827592,168215.00646448656,0.2204084396362304,0.6578368122872785,0.22248967406943898,0.4732000561991474,0.245385282549597
7680.833333333333,97000.0,97000.0,0.4368534690578005,-3.2833081093387654e-06,-3.283308109280309e-06,0.6609489156189006,0.2249884447090974,0.7258799420737548,-0.7258799420737126,0.4743294685268063,0.246713505030507,168273.02359548374,0.2154161930084228,0.6581199641743302,0.22475686917361715,0.4765322932069911,0.24643060988604998
7681.0,97000.0,97000.0,0.4368534690578005,-3.2833081093387654e-06,-3.283308109280309e-06,0.6609489156189006,0.2259111664578125,0.7520478748326194,-0.7520478748326385,0.475301132407312,0.247634751917746,168360.836186862,0.8676896095275879,0.6606523897418395,0.2266483796397292,0.4741639666386219,0.2476050993300399
7681.166666666667,97000.0,97000.0,0.4368534690578005,-3.2833081093387654e-06,-3.283308109280309e-06,0.6609489156189006,0.2267933805555,0.7846546450444126,-0.7846537626950864,0.47622828619665,0.2485341723257447,168482.63557620847,0.1801600456237793,0.6606432937538751,0.22535517543363992,0.4721458385751911,0.24850361013924216
7681.333333333333,97000.0,97000.0,0.4368534690578005,-3.2833081093387654e-06,-3.283308109280309e-06,0.6609489156189006,0.2275956428392504,0.8135563478265562,-0.8226579511306132,0.477069851141096,0.2493567027843034,168631.00657349487,0.5176427364349365,0.6600998157714077,0.22774368742512746,0.47303734066789815,0.24927179279955414
7681.5,97000.0,97000.0,0.4368534690578005,-3.2833081093387654e-06,-3.283308109280309e-06,0.6609489156189006,0.2282982442060858,0.8373165161703797,-0.9221168462406568,0.4778056553126292,0.2500441411309185,168801.7500845291,0.2612075805664062,0.6596031143780483,0.22812776483666114,0.4750352603037298,0.24990956100683326
7681.666666666667,97000.0,97000.0,0.4368534690578005,-3.2833081093387654e-06,-3.283308109280309e-06,0.6609489156189006,0.2289278528838306,0.8570826651391579,-1.0080160157878764,0.4784640560613151,0.2506867419900098,168999.7148219739,0.23439621925354,0.6605309077949229,0.22645156075603542,0.47773813056660636,0.250644941207612
7681.833333333333,97000.0,97000.0,0.4368534690578005,-3.2833081093387654e-06,-3.283308109280309e-06,0.6609489156189006,0.2295112796208468,0.8909608441263985,-1.100460648322647,0.4790733552345147,0.2512615175164601,169228.28460949447,0.230743408203125,0.6600575026641162,0.23013527414514903,0.47920432862297746,0.25117237622098165
7682.0,97000.0,97000.0,0.4368534690578005,-3.2833081093387654e-06,-3.283308109280309e-06,0.6609489156189006,0.230050798240393,0.9269988037352987,-1.2035684892550564,0.4796361103311427,0.2517980222171154,169485.12565559574,0.3965597152709961,0.6589286493273264,0.2311811942777928,0.4790497511761296,0.251595995587958
7740.166666666667,97000.0,97000.0,0.4323992244388061,6.007942979916149e-06,6.007942979976969e-06,0.6575706991942434,0.2185276788745894,0.6652768384061483,-0.6677352930016218,0.4674694419126326,0.2398884665462825,168494.18764898152,0.7004964351654053,0.6552896461351593,0.21936236866000267,0.4681737399004849,0.2396603612403741
7740.333333333333,97000.0,97000.0,0.4323992244388061,6.007942979916149e-06,6.007942979976969e-06,0.6575706991942434,0.219653767408723,0.6798977283004047,-0.7016095417118822,0.4686723457529111,0.2410841349127016,168523.36623966854,0.3452651500701904,0.6581385839297569,0.2187202096025253,0.46797294441225257,0.24114092338625293
7740.5,97000.0,97000.0,0.4323992244388061,6.007942979916149e-06,6.007942979976969e-06,0.6575706991942434,0.220734382970295,0.695780841265491,-0.7137511180853829,0.4698237789264022,0.2422034805779939,168559.0646075832,0.413844347000122,0.6574625536715252,0.2218584296983594,0.46849354573171087,0.24219266602572206
7740.666666666667,97000.0,97000.0,0.4323992244388061,6.007942979916149e-06,6.007942979976969e-06,0.6575706991942434,0.2217455116210099,0.7071458672316236,-0.7071458672310709,0.4708986216719686,0.2432019320640981,168599.0804564863,0.5620212554931641,0.6570705988814947,0.22615848977188402,0.47113457139134984,0.24315192203282324
7740.833333333333,97000.0,97000.0,0.4323992244388061,6.007942979916149e-06,6.007942979976969e-06,0.6575706991942434,0.2227000499071422,0.7232090596071561,-0.7232090596023348,0.4719110617290855,0.2442066538416112,168652.0261479277,0.4159362316131592,0.6581755281066921,0.22420018020897275,0.4718517396482445,0.24426713673285605
7741.0,97000.0,97000.0,0.4323992244388061,6.007942979916149e-06,6.007942979976969e-06,0.6575706991942434,0.2236100048250302,0.7476799330050528,-0.750936874560463,0.4728741958469245,0.2451151411873306,168724.04060602238,0.6770825386047363,0.6589314589971895,0.22453420533799726,0.4742994826751348,0.2452512171676252
7741.166666666667,97000.0,97000.0,0.4323992244388061,6.007942979916149e-06,6.007942979976969e-06,0.6575706991942434,0.2244789339944181,0.7790610191709019,-0.7851320726428855,0.4737920791509666,0.2460002426305356,168818.31477197536,0.4352807998657226,0.657675751818964,0.22306954149817598,0.4748810418010062,0.24601074789300767
7741.333333333333,97000.0,97000.0,0.4323992244388061,6.007942979916149e-06,6.007942979976969e-06,0.6575706991942434,0.2252682068357051,0.8108976340850222,-0.8167170508952926,0.4746242799431802,0.2468084055022768,168927.37584219972,0.6677227020263672,0.6580558031865166,0.2236000651884317,0.4754062286155495,0.24685691590150413
7741.5,97000.0,97000.0,0.4323992244388061,6.007942979916149e-06,6.007942979976969e-06,0.6575706991942434,0.2259577247626662,0.8319434990705129,-0.8384404397924756,0.4753501078404845,0.2474808220228434,169046.6203575218,0.3865745067596435,0.6576009731071348,0.22653763192397602,0.4771528098238548,0.24748384941413257
7741.666666666667,97000.0,97000.0,0.4323992244388061,6.007942979916149e-06,6.007942979976969e-06,0.6575706991942434,0.2265753647329049,0.8547196402823106,-0.8627326261477586,0.4759993329596773,0.2481084113146663,169184.74809613448,0.5891084671020508,0.6546547338703781,0.2290073378566614,0.47733594203937024,0.24781681478227977
7741.833333333333,97000.0,97000.0,0.4323992244388061,6.007942979916149e-06,6.007942979976969e-06,0.6575706991942434,0.2271492127217255,0.8858742670674802,-0.8916522936248634,0.4766017341157629,0.2486700460056635,169349.916058149,0.7771627902984619,0.6558903934587196,0.22809437956431916,0.4763175898962043,0.24850201543211112
7742.0,97000.0,97000.0,0.4323992244388061,6.007942979916149e-06,6.007942979976969e-06,0.6575706991942434,0.2276815284447177,0.922895741638436,-0.9325552057485575,0.4771598565187032,0.2491941431942624,169541.40055998808,0.8232567310333252,0.6558216981410129,0.2285246472459612,0.47872702572430675,0.24901924308893933
7800.166666666667,98000.0,98000.0,0.4325803516204441,-3.429269908808507e-07,-3.429269908246323e-07,0.6577084092669365,0.2186099218267356,0.6647356781791702,-0.6647356780776398,0.4675573995180619,0.239979135840666,168177.70529545716,0.2578208446502685,0.6566379355426114,0.219190963502966,0.46977373952110896,0.2398720884682335
7800.333333333333,98000.0,98000.0,0.4325803516204441,-3.429269908808507e-07,-3.429269908246323e-07,0.6577084092669365,0.2197358315192543,0.6791287411261088,-0.6791287309241016,0.4687598868600274,0.2411741697635015,168173.76023724198,0.7010810375213623,0.658731962451912,0.22034578712851285,0.46940751048671764,0.24127652508199907
7800.5,98000.0,98000.0,0.4325803516204441,-3.429269908808507e-07,-3.429269908246323e-07,0.6577084092669365,0.2208171779312284,0.6944781002804378,-0.6944813706423035,0.469911883160226,0.2422931443269359,168186.1617372938,0.3815617561340332,0.6567845631580815,0.2191757855077199,0.47174163783455947,0.2422007597160504
7800.666666666667,98000.0,98000.0,0.4325803516204441,-3.429269908808507e-07,-3.429269908246323e-07,0.6577084092669365,0.2218303238711577,0.7086668202867461,-0.7086668202867635,0.4709886663941058,0.2432930464422635,168215.2303246305,0.5726034641265869,0.6572834522289941,0.2197816923860226,0.47231632161955994,0.24325055073846924
7800.833333333333,98000.0,98000.0,0.4325803516204441,-3.429269908808507e-07,-3.429269908246323e-07,0.6577084092669365,0.2227874122703959,0.722853576500907,-0.7228535765009436,0.4720036146795552,0.2442998758634291,168268.01356117902,0.8221662044525146,0.6582667861207803,0.22122279793704075,0.47251670649590083,0.24435571354881347
7801.0,98000.0,98000.0,0.4325803516204441,-3.429269908808507e-07,-3.429269908246323e-07,0.6577084092669365,0.2237009533997037,0.7464489162215782,-0.7464147425335692,0.4729703515044632,0.2452118761459686,168350.5872970384,0.6418070793151855,0.6601818168875438,0.2228395472647565,0.473516553939533,0.24545921690802933
7801.166666666667,98000.0,98000.0,0.4325803516204441,-3.429269908808507e-07,-3.429269908246323e-07,0.6577084092669365,0.2245744233883501,0.781114822456872,-0.7810507982720145,0.4738928395701033,0.2461022643932107,168467.2860517685,1.0678699016571045,0.659168037830159,0.22491829875685648,0.47419450197019525,0.24624822724953294
7801.333333333333,98000.0,98000.0,0.4325803516204441,-3.429269908808507e-07,-3.429269908246323e-07,0.6577084092669365,0.2253687964663141,0.810833399987987,-0.8108333999880191,0.4747302354817971,0.2469166001286855,168610.96918431952,0.3780128955841064,0.6611590234684942,0.22751034797739014,0.47511969389640063,0.24726166154884124
7801.5,98000.0,98000.0,0.4325803516204441,-3.429269908808507e-07,-3.429269908246323e-07,0.6577084092669365,0.2260645863383181,0.8691866374149433,-0.8317540377618214,0.4754624973258716,0.247597255793954,168777.6937827364,0.3219008445739746,0.6585346635411251,0.22893644301994015,0.4751052300100458,0.24767988122137286
7801.666666666667,98000.0,98000.0,0.4325803516204441,-3.429269908808507e-07,-3.429269908246323e-07,0.6577084092669365,0.2266882411408878,0.9611447855184962,-0.8553330231060582,0.4761178858004872,0.2482336830739573,168972.50130229257,0.4390342235565185,0.6573619418554816,0.22784164129081994,0.47622845277682313,0.2481990363328118
7801.833333333333,98000.0,98000.0,0.4325803516204441,-3.429269908808507e-07,-3.429269908246323e-07,0.6577084092669365,0.2272663156839684,1.0600295692605324,-0.8841590161928053,0.4767245700983125,0.2488031431120771,169198.8880765965,0.367194652557373,0.6570774559842407,0.2280498706847787,0.47603735089009697,0.2487400477838075
7802.0,98000.0,98000.0,0.4325803516204441,-3.429269908808507e-07,-3.429269908246323e-07,0.6577084092669365,0.227801070007977,1.17037703164678,-0.924201131104397,0.4772851035548596,0.2493348826592007,169454.60129783463,0.7525277137756348,0.6563609929640565,0.22647689419266967,0.4773438384436393,0.2492001410289127
7860.166666666667,99000.0,99000.0,0.4262037079989877,-6.161980832648459e-06,-6.161980832589402e-06,0.6528427896507609,0.2153960887521309,0.6590731936125008,-0.6590731936124595,0.46410784197674,0.2364507853426089,168477.56919440333,1.0614838600158691,0.6540805657805968,0.21588940252631542,0.4653454795548114,0.2365745629555925
7860.333333333333,99000.0,99000.0,0.4262037079989877,-6.161980832648459e-06,-6.161980832589402e-06,0.6528427896507609,0.2165061718792746,0.6992156755245117,-0.6738570974225966,0.4653022374017853,0.2376294593262327,168510.48145455946,0.4263679981231689,0.654265982540142,0.21680126318442783,0.46532233614776364,0.2377717786151708
7860.5,99000.0,99000.0,0.4262037079989877,-6.161980832648459e-06,-6.161980832589402e-06,0.6528427896507609,0.2175714797292717,0.7245453710219253,-0.6909721459086741,0.4664455809564028,0.238732924905174,168550.5948609936,0.2127254009246826,0.6527914816868438,0.21813727346697412,0.4676337091989671,0.23872779410878228
7860.666666666667,99000.0,99000.0,0.4262037079989877,-6.161980832648459e-06,-6.161980832589402e-06,0.6528427896507609,0.2185683327264639,0.7246148139511916,-0.7032831782495637,0.4675129228074023,0.2397173319566942,168595.57598275278,0.5588481426239014,0.6524917056004398,0.21829593338369113,0.4680616836135555,0.2396822235516621
7860.833333333333,99000.0,99000.0,0.4262037079989877,-6.161980832648459e-06,-6.161980832589402e-06,0.6528427896507609,0.2195093875735682,0.7161424811144451,-0.7161424811660329,0.4685182897667972,0.240707903330767,168653.7537048894,0.3197710514068603,0.6510902470143393,0.2192680523273895,0.4687432189231162,0.24053264906712485
7861.0,99000.0,99000.0,0.4262037079989877,-6.161980832648459e-06,-6.161980832589402e-06,0.6528427896507609,0.2204064840923061,0.7427009581068836,-0.7425905959157105,0.4694746898034772,0.2416036319196456,168731.09698225235,0.5550601482391357,0.6513081761066059,0.21769306808476493,0.46962039168302605,0.24145017056523008
7861.166666666667,99000.0,99000.0,0.4262037079989877,-6.161980832648459e-06,-6.161980832589402e-06,0.6528427896507609,0.2212631111841984,0.7754284862273857,-0.7754284862615379,0.4703861301742987,0.242476323771367,168830.6634666893,0.195044994354248,0.6530859017274431,0.2194138357778884,0.4687662980555815,0.2425006349790352
7861.333333333333,99000.0,99000.0,0.4262037079989877,-6.161980832648459e-06,-6.161980832589402e-06,0.6528427896507609,0.2220411564995681,0.8116218048031205,-0.8028821391665004,0.4712124327551772,0.2432731031031805,168944.70872208942,0.7625000476837158,0.6535299553611521,0.21904986412382435,0.4707759908350108,0.24334181967421964
7861.5,99000.0,99000.0,0.4262037079989877,-6.161980832648459e-06,-6.161980832589402e-06,0.6528427896507609,0.2227207850770795,0.8298946866197926,-0.8269863884208963,0.4719330305769852,0.2439360096754444,169068.37882534583,0.8868942260742188,0.6540264965738084,0.21949576430347317,0.47003017744190706,0.24405438036774915
7861.666666666667,99000.0,99000.0,0.4262037079989877,-6.161980832648459e-06,-6.161980832589402e-06,0.6528427896507609,0.2233294221519861,0.8575968850245567,-0.8476223694046633,0.4725774247798868,0.2445545685074263,169210.14934809066,0.2176151275634765,0.6567783112011634,0.22135271967418896,0.46924275489210754,0.24494812066246655
7861.833333333333,99000.0,99000.0,0.4262037079989877,-6.161980832648459e-06,-6.161980832589402e-06,0.6528427896507609,0.2238947320650373,0.8866892878065923,-0.8797189055377181,0.4731751602976619,0.2451079176747119,169378.02454555625,0.1799860000610351,0.6543298296559794,0.22109205828973022,0.47129856399419046,0.24525662167523377
7862.0,99000.0,99000.0,0.4262037079989877,-6.161980832648459e-06,-6.161980832589402e-06,0.6528427896507609,0.2244189338148039,0.9268322375154928,-0.9165149949066436,0.473728755790622,0.2456240923857677,169571.186428099,0.2633454799652099,0.6542488006725253,0.2215712292964411,0.4730936156437438,0.24576469348794416
7920.166666666667,99000.0,99000.0,0.4253998850269376,2.9351030018722985e-06,2.9351030019323887e-06,0.6522268662259609,0.2149817307202811,0.659749104200888,-0.6597470514387115,0.4636612241183848,0.2359962667642138,168196.88793788035,0.1944332122802734,0.6551836775710559,0.21195112736739796,0.4627645225752675,0.2362919478987233
7920.333333333333,99000.0,99000.0,0.4253998850269376,2.9351030018722985e-06,2.9351030019323887e-06,0.6522268662259609,0.216088828632855,0.6743359628687337,-0.6743314651648705,0.4648535561375208,0.2371713376806071,168189.52400156454,0.1851255893707275,0.655389424242236,0.2143290773718281,0.46206684551630184,0.2374875934822346
7920.5,99000.0,99000.0,0.4253998850269376,2.9351030018722985e-06,2.9351030019323887e-06,0.6522268662259609,0.2171520495044334,0.6904779499992051,-0.690474659403238,0.4659957612645361,0.2382715887652512,168197.74686176644,0.1998276710510254,0.6549321315265266,0.21651587014572837,0.4645321378700435,0.23854211529530778
7920.666666666667,99000.0,99000.0,0.4253998850269376,2.9351030018722985e-06,2.9351030019323887e-06,0.6522268662259609,0.2181481548633453,0.7009767344859738,-0.7009767344859702,0.4670633306826128,0.2392546257925407,168221.98556788944,0.5070855617523193,0.6562634100743377,0.21551042590989736,0.46486784830917,0.23965828017737836
7920.833333333333,99000.0,99000.0,0.4253998850269376,2.9351030018722985e-06,2.9351030019323887e-06,0.6522268662259609,0.2190891469431414,0.7171122537676945,-0.7171138652645931,0.4680695962614808,0.2402444855971112,168269.58233759511,0.3315153121948242,0.6569231408976428,0.21798013137066466,0.4659415855779076,0.2407141130642794
7921.0,99000.0,99000.0,0.4253998850269376,2.9351030018722985e-06,2.9351030019323887e-06,0.6522268662259609,0.2199873193534328,0.7420001311191341,-0.7420323099803352,0.4690280581728944,0.2411410655523369,168346.78215616025,0.8003265857696533,0.6591784372706048,0.21656175275289552,0.4703900125108992,0.24183622265680127
7921.166666666667,99000.0,99000.0,0.4253998850269376,2.9351030018722985e-06,2.9351030019323887e-06,0.6522268662259609,0.2208461087791072,0.7731964288155805,-0.773250944442243,0.4699426654183329,0.2420163632828003,168458.0420551927,0.4426007270812988,0.6561773502586564,0.2189064393853015,0.46816683096202655,0.24241141168606983
7921.333333333333,99000.0,99000.0,0.4253998850269376,2.9351030018722985e-06,2.9351030019323887e-06,0.6522268662259609,0.2216271753407165,0.8039238328509579,-0.8044127997991107,0.470772955197649,0.2428169387377588,168596.48797995583,0.2773144245147705,0.6517264466606745,0.2191614780551023,0.46999344419088535,0.24276689678123017
7921.5,99000.0,99000.0,0.4253998850269376,2.9351030018722985e-06,2.9351030019323887e-06,0.6522268662259609,0.2223113750808001,0.8258241062561841,-0.8258241062546151,0.4714990722075869,0.2434861059238193,168758.4197900751,0.2071790695190429,0.6527685997175294,0.22126298733076544,0.4715743788326631,0.24354027927297617
7921.666666666667,99000.0,99000.0,0.4253998850269376,2.9351030018722985e-06,2.9351030019323887e-06,0.6522268662259609,0.2229247809761474,0.8470992907162591,-0.9034087456476314,0.4721491088604473,0.2441119347980557,168949.1323706935,0.2469398975372314,0.654607088207045,0.2214259075120656,0.4713080845061245,0.24434995699616413
7921.833333333333,99000.0,99000.0,0.4253998850269376,2.9351030018722985e-06,2.9351030019323887e-06,0.6522268662259609,0.223493539029124,0.8791088632082824,-1.0074672629207968,0.4727510328500916,0.2446721143010175,169172.31296047443,0.2039599418640136,0.6565763625849586,0.22018866844240237,0.4725174356942865,0.24510706393691728
7922.0,99000.0,99000.0,0.4253998850269376,2.9351030018722985e-06,2.9351030019323887e-06,0.6522268662259609,0.2240198800230448,0.9144097963748634,-1.1236404280409642,0.4733073843368076,0.2451953738260029,169425.8150506127,0.5500857830047607,0.6565764143765483,0.21823144977457434,0.47261077150150504,0.24563032864106166
7980.166666666667,100000.0,100000.0,0.4241856810677275,-3.4062750152364336e-06,-3.406275015187e-06,0.6512953869541281,0.2143755967051097,0.6586902811701716,-0.6586902811702293,0.4630071240498385,0.2353305650671169,168455.98924689688,0.6428732872009277,0.6532976488356674,0.21026691195088817,0.46302008126371824,0.23553079125527082
7980.333333333333,100000.0,100000.0,0.4241856810677275,-3.4062750152364336e-06,-3.406275015187e-06,0.6512953869541281,0.2154805383993948,0.6730374555786761,-0.6942411222800173,0.4641988136961014,0.2365037724969594,168491.97604153998,0.6501920223236084,0.6541473505508281,0.21361413240563837,0.4636951327384412,0.2367889688566294
7980.5,100000.0,100000.0,0.4241856810677275,-3.4062750152364336e-06,-3.406275015187e-06,0.6512953869541281,0.2165409770780611,0.6881687918631678,-0.7325387651585015,0.4653396365354926,0.2376021526556623,168535.99515341848,0.8640167713165283,0.6539913851639254,0.2142083758957675,0.4646375505459639,0.23787175247664205
7980.666666666667,100000.0,100000.0,0.4241856810677275,-3.4062750152364336e-06,-3.406275015187e-06,0.6512953869541281,0.2175333423197493,0.7013966205392002,-0.7426383797047389,0.4664046982796025,0.2385821695945044,168585.6282793137,1.1199986934661863,0.6542205024115249,0.21669543887894716,0.46615684542026137,0.23887468114024407
7980.833333333333,100000.0,100000.0,0.4241856810677275,-3.4062750152364336e-06,-3.406275015187e-06,0.6512953869541281,0.2184701648342947,0.7161879748857621,-0.7422070361194241,0.4674079215225825,0.2395683169499856,168648.90145321263,1.135303974151611,0.6526002219229097,0.21738661106000534,0.4683673446138228,0.23969880044686376
7981.0,100000.0,100000.0,0.4241856810677275,-3.4062750152364336e-06,-3.406275015187e-06,0.6512953869541281,0.2193632414162635,0.7394664703840012,-0.7442359013162775,0.4683622974673589,0.2404601071084312,168731.6169231445,0.4158368110656738,0.654346419326319,0.2177631934056248,0.4683503407393969,0.24076521034565027
7981.166666666667,100000.0,100000.0,0.4241856810677275,-3.4062750152364336e-06,-3.406275015187e-06,0.6512953869541281,0.2202160258543964,0.772914697059685,-0.7729146961605347,0.4692718041102088,0.241329013036179,168836.72193558488,0.6769194602966309,0.6556330742043279,0.22039470198020897,0.4716405058261568,0.241762781761199
7981.333333333333,100000.0,100000.0,0.4241856810677275,-3.4062750152364336e-06,-3.406275015187e-06,0.6512953869541281,0.2209905457179654,0.8032249244873367,-0.8035531067589013,0.4700963156704708,0.2421223071689801,168956.21305337752,0.754080057144165,0.6547742248818658,0.21943625544238535,0.47140115054769555,0.24247019096175385
7981.5,100000.0,100000.0,0.4241856810677275,-3.4062750152364336e-06,-3.406275015187e-06,0.6512953869541281,0.2216670467039555,0.8226065157463812,-0.8293309113021725,0.4708153002884628,0.2427823285907272,169085.00355346026,0.6482813358306885,0.6546031750151314,0.2205311178707043,0.47172515207498034,0.24311310739682754
7981.666666666667,100000.0,100000.0,0.4241856810677275,-3.4062750152364336e-06,-3.406275015187e-06,0.6512953869541281,0.2222727494343841,0.847038893728617,-0.8493168900200752,0.4714581102353893,0.2433980646686306,169231.28834449724,0.4502162933349609,0.6552674641832819,0.22092629022929094,0.4720859853280445,0.24379527239154597
7981.833333333333,100000.0,100000.0,0.4241856810677275,-3.4062750152364336e-06,-3.406275015187e-06,0.6512953869541281,0.2228351428793,0.8761963438845854,-0.8869578184421716,0.4720541739595989,0.2439486893645347,169402.84356407076,0.2443740367889404,0.65408378633108,0.22006280498051542,0.4723592823139425,0.2442275293022299
7982.0,100000.0,100000.0,0.4241856810677275,-3.4062750152364336e-06,-3.406275015187e-06,0.6512953869541281,0.2233564274325784,0.9149851227576458,-0.9177128213224156,0.4726059962583112,0.2444621433051353,169598.73329321182,0.213172435760498,0.6560004476192306,0.22249337898972238,0.47311532530562594,0.24493264937164555
8040.166666666667,100000.0,100000.0,0.420169792509562,5.540459195277877e-06,5.540459195331243e-06,0.6482050543690338,0.212339304079953,0.6540494193505455,-0.654051490203656,0.4608028907536936,0.2330955159829658,168220.68383748943,0.2321584224700927,0.6533011308968657,0.21241542843402253,0.46034416737713,0.233605123635749
8040.333333333333,100000.0,100000.0,0.420169792509562,5.540459195277877e-06,5.540459195331243e-06,0.6482050543690338,0.2134326856379512,0.6682350820793438,-0.6682350816660388,0.4619877548955342,0.234256039316616,168210.61582017914,1.0366957187652588,0.649467834413778,0.21430165265882814,0.4608505305930353,0.23438231732109044
8040.5,100000.0,100000.0,0.420169792509562,5.540459195277877e-06,5.540459195331243e-06,0.6482050543690338,0.2144826635581107,0.6855957451102928,-0.6855957109442568,0.463122730582611,0.2353426360293154,168215.23858917024,0.190958023071289,0.6478409528530041,0.21215044559843219,0.46139155336761284,0.23530622587771244
8040.666666666667,100000.0,100000.0,0.420169792509562,5.540459195277877e-06,5.540459195331243e-06,0.6482050543690338,0.215466284641029,0.6985223855739547,-0.698526257990039,0.46418346012616,0.2363133168831216,168235.0417401054,0.3554437160491943,0.6481878892777294,0.2119182171803176,0.4622628904760546,0.23631160037399115
8040.833333333333,100000.0,100000.0,0.420169792509562,5.540459195277877e-06,5.540459195331243e-06,0.6482050543690338,0.2163954737615988,0.7113791134280315,-0.7113779039714253,0.4651832690117224,0.2372907356088847,168277.67642361496,0.4072449207305908,0.6493571718173754,0.21472799040407292,0.46585357934926835,0.23740594735371887
8041.0,100000.0,100000.0,0.420169792509562,5.540459195277877e-06,5.540459195331243e-06,0.6482050543690338,0.2172823565668165,0.7368345504971812,-0.7368435116148181,0.4661355560016407,0.2381759737707471,168349.5506046933,0.2220869064331054,0.6495593059447184,0.21530227106054212,0.468516124158603,0.23831139892831557
8041.166666666667,100000.0,100000.0,0.420169792509562,5.540459195277877e-06,5.540459195331243e-06,0.6482050543690338,0.218130346134164,0.7700879930095682,-0.7700689195393713,0.4670442657118267,0.2390401342678749,168455.21897063978,0.1852357387542724,0.6500661834258077,0.21778181888104678,0.466170707062052,0.2392262471735523
8041.333333333333,100000.0,100000.0,0.420169792509562,5.540459195277877e-06,5.540459195331243e-06,0.6482050543690338,0.218901616294289,0.7986146539093468,-0.7981534493496885,0.4678692299079607,0.2398305399856547,168588.05698972836,0.6651296615600586,0.6512700616385827,0.2200862197866891,0.4676110866459923,0.2401370407126096
8041.5,100000.0,100000.0,0.420169792509562,5.540459195277877e-06,5.540459195331243e-06,0.6482050543690338,0.2195772659587534,0.8209590507958484,-0.8207945154725347,0.4685907232994019,0.2404911675828837,168744.58559569583,0.7475869655609131,0.6522970129429745,0.2218928249137049,0.46945529334993114,0.24090036344027776
8041.666666666667,100000.0,100000.0,0.420169792509562,5.540459195277877e-06,5.540459195331243e-06,0.6482050543690338,0.2201831319447638,0.84476939727954,-0.8423615477208471,0.4692367546925063,0.2411091268161843,168930.40515013746,0.2046024799346923,0.651441756990933,0.22275738878398965,0.4683846770236554,0.24143279707837423
8041.833333333333,100000.0,100000.0,0.420169792509562,5.540459195277877e-06,5.540459195331243e-06,0.6482050543690338,0.2207450947654511,0.9515469699735118,-0.8728918346813928,0.4698351783147512,0.2416624552597164,169149.46569708796,0.3626329898834228,0.6500792975894281,0.22051762076093284,0.4698522496653801,0.24184987958175583
8042.0,100000.0,100000.0,0.420169792509562,5.540459195277877e-06,5.540459195331243e-06,0.6482050543690338,0.2212653655956526,1.070413570903222,-0.9105691953585712,0.4703885262440999,0.2421794853086781,169399.74872988387,0.2317240238189697,0.6525845259725436,0.22069452379296123,0.47006520466646623,0.2426174324690291
8100.166666666667,101000.0,101000.0,0.4171946444167827,-1.209308542497007e-07,-1.2093085420667505e-07,0.6459060647004197,0.2108417305621902,0.6530682504285217,-0.6530110082072588,0.4591750545885775,0.2314512958862721,168430.18387752812,0.3530752658843994,0.6485276500541478,0.21236601578653522,0.45940490448829724,0.23171345442164493
8100.333333333333,101000.0,101000.0,0.4171946444167827,-1.209308542497007e-07,-1.2093085420667505e-07,0.6459060647004197,0.2119285566586505,0.6793224618351207,-0.6675307588325227,0.4603569885162413,0.2326052541355598,168468.48119533074,0.3122434616088867,0.6475057615754617,0.21154666244559883,0.46119084092695717,0.232765223823064
8100.5,101000.0,101000.0,0.4171946444167827,-1.209308542497007e-07,-1.2093085420667505e-07,0.6459060647004197,0.2129716845278908,0.7298987821997975,-0.6838975050318277,0.461488553230263,0.233685646454225,168515.7634634077,0.9335694313049316,0.6480998034854103,0.21253703128059112,0.46188297674341766,0.23390502033272406
8100.666666666667,101000.0,101000.0,0.4171946444167827,-1.209308542497007e-07,-1.2093085420667505e-07,0.6459060647004197,0.2139479359893409,0.7497765607622706,-0.6950074080464645,0.4625450640012395,0.2346497794469857,168569.5766627303,0.2075703144073486,0.6475583375539722,0.21182436505609886,0.46268129856114987,0.23481500673234096
8100.833333333333,101000.0,101000.0,0.4171946444167827,-1.209308542497007e-07,-1.2093085420667505e-07,0.6459060647004197,0.2148695613927945,0.7580917680885553,-0.709693545507709,0.4635402481429088,0.2356199484830728,168637.6349205733,0.2145700454711914,0.6483956622769228,0.21530990807705194,0.46337796936867853,0.23586890824072312
8101.0,101000.0,101000.0,0.4171946444167827,-1.209308542497007e-07,-1.2093085420667505e-07,0.6459060647004197,0.2157481835466452,0.7709207500994293,-0.7349541164102329,0.464487011454996,0.236497373530484,168725.58272418758,0.4098293781280517,0.648690216523272,0.21637554389981722,0.46465285753963176,0.23677578871276922
8101.166666666667,101000.0,101000.0,0.4171946444167827,-1.209308542497007e-07,-1.2093085420667505e-07,0.6459060647004197,0.2165871807364727,0.7792590493145835,-0.7664894930180415,0.465389279001157,0.237352361686517,168836.2835572012,0.2320451736450195,0.646801097526386,0.21665357833128496,0.4661325390631927,0.23744186496911363
8101.333333333333,101000.0,101000.0,0.4171946444167827,-1.209308542497007e-07,-1.2093085420667505e-07,0.6459060647004197,0.2173491625091707,0.7954825802105875,-0.7954825805914847,0.4662072101494241,0.2381329454202518,168961.49643990834,0.8184301853179932,0.6475576655750915,0.2182836263160445,0.4667801465884888,0.238298105507719
8101.5,101000.0,101000.0,0.4171946444167827,-1.209308542497007e-07,-1.2093085420667505e-07,0.6459060647004197,0.2180146983372787,0.818180574576953,-0.8181805753173395,0.4669204414246233,0.2387824574263434,169095.92744867955,0.2641518115997314,0.6476712873446556,0.21742895006479385,0.4662648117719635,0.238958979690767
8101.666666666667,101000.0,101000.0,0.4171946444167827,-1.209308542497007e-07,-1.2093085420667505e-07,0.6459060647004197,0.2186104668638028,0.8379397084215883,-0.8379397117660147,0.4675579826514295,0.2393882879697757,169247.44394750058,0.5498647689819336,0.647220512038936,0.21723942334816312,0.46736091938632174,0.23951973270362734
8101.833333333333,101000.0,101000.0,0.4171946444167827,-1.209308542497007e-07,-1.2093085420667505e-07,0.6459060647004197,0.2191634370028123,0.874451441571232,-0.8707256870679599,0.4681489477550244,0.2399298691282375,169423.52637994237,0.7399442195892334,0.6471033710915406,0.22075377756573678,0.4691405663445091,0.24004959976734958
8102.0,101000.0,101000.0,0.4171946444167827,-1.209308542497007e-07,-1.2093085420667505e-07,0.6459060647004197,0.2196757653889837,0.9095126885642392,-0.9053258652914604,0.4686958135794362,0.240434730079673,169623.10131139169,0.4129626750946045,0.644537812023097,0.21968759859505838,0.469997201833651,0.24029790481194074
8160.166666666667,102000.0,102000.0,0.4146416524064655,-6.142556462048538e-06,-6.142556462001548e-06,0.6439267445963598,0.2095463447203636,0.6514496691124217,-0.6514496691130385,0.4577623234669922,0.2300295139132018,168248.28117288346,1.130462408065796,0.6420519699521456,0.21143539739174513,0.45752133674670303,0.2298420364487804
8160.333333333333,102000.0,102000.0,0.4146416524064655,-6.142556462048538e-06,-6.142556462001548e-06,0.6439267445963598,0.2106252563750637,0.665723133834959,-0.6657231342142083,0.458939273137496,0.2311746963591237,168236.3161149735,0.6635565757751465,0.6422762521057781,0.21152698523827695,0.4591594264631358,0.23100964711006552
8160.5,102000.0,102000.0,0.4146416524064655,-6.142556462048538e-06,-6.142556462001548e-06,0.6439267445963598,0.2116612594429881,0.6810753915822144,-0.681075423604638,0.4600665815755806,0.2322468955135485,168238.04016427428,0.4260835647583008,0.6407794844452421,0.2131994063867626,0.4590667509483523,0.23193216949843673
8160.666666666667,102000.0,102000.0,0.4146416524064655,-6.142556462048538e-06,-6.142556462001548e-06,0.6439267445963598,0.2126316956748078,0.6928711648557404,-0.6928711648557118,0.4611200447832389,0.2332045418118875,168253.95342346176,0.2434532642364502,0.6458780795567777,0.21282694729305246,0.4590473425357915,0.23339967530792927
8160.833333333333,102000.0,102000.0,0.4146416524064655,-6.142556462048538e-06,-6.142556462001548e-06,0.6439267445963598,0.2135484099212436,0.7082247647496903,-0.7082247647495995,0.4621129839528546,0.2341688251545915,168292.01970287497,0.2407624721527099,0.6476921034601144,0.21407715799888952,0.46044507838526455,0.23454536104096696
8161.0,102000.0,102000.0,0.4146416524064655,-6.142556462048538e-06,-6.142556462001548e-06,0.6439267445963598,0.2144233444386235,0.7318753837032183,-0.7318662347138202,0.463058683589165,0.2350420726709635,168358.79822956093,0.204010009765625,0.6443897552815719,0.21416149674405432,0.46315690274296856,0.2350883737394847
8161.166666666667,102000.0,102000.0,0.4146416524064655,-6.142556462048538e-06,-6.142556462001548e-06,0.6439267445963598,0.2152598857758976,0.7633979567164575,-0.7633979567163965,0.4639610821819653,0.2358944372734776,168458.91315096704,0.5804290771484375,0.6460224428150784,0.21738117325616338,0.4651774221545561,0.23610400709534946
8161.333333333333,102000.0,102000.0,0.4146416524064655,-6.142556462048538e-06,-6.142556462001548e-06,0.6439267445963598,0.2160207504461178,0.7941767176945599,-0.7941639185917282,0.464780324935356,0.2366740460819147,168585.96387372128,0.2031698226928711,0.646444957460951,0.21612287233517763,0.4642702870112686,0.23692586736837382
8161.5,102000.0,102000.0,0.4146416524064655,-6.142556462048538e-06,-6.142556462001548e-06,0.6439267445963598,0.216687282192635,0.8142645996177328,-0.8144443150080487,0.4654968122261748,0.2373255609783514,168736.66316016967,0.5325005054473877,0.6460106832978962,0.21688101142261101,0.4646506318956206,0.23753395484850504
8161.666666666667,102000.0,102000.0,0.4146416524064655,-6.142556462048538e-06,-6.142556462001548e-06,0.6439267445963598,0.2172850793868649,0.8372390019208311,-0.8372186820608561,0.4661384766238917,0.23793508294136,168916.95847088867,0.204174518585205,0.6461701189431147,0.21510552172892702,0.46519408764490106,0.2381594203760355
8161.833333333333,102000.0,102000.0,0.4146416524064655,-6.142556462048538e-06,-6.142556462001548e-06,0.6439267445963598,0.2178397594338365,0.8671834373412293,-0.8880547710025464,0.466733070866096,0.2384810336259222,169131.1256020348,0.6424970626831055,0.6464880055920988,0.21703974106905985,0.4667229632724711,0.2387371597254961
8162.0,102000.0,102000.0,0.4146416524064655,-6.142556462048538e-06,-6.142556462001548e-06,0.6439267445963598,0.2183535115343367,0.9041677863627896,-1.0082681500551334,0.4672831171218321,0.2389913187988877,169377.29139939207,0.4936234951019287,0.6475531207196641,0.21878398506548485,0.46786500081717364,0.23935395641121812
8220.166666666666,102000.0,102000.0,0.4140532298199559,2.684563850889423e-06,2.684563850933161e-06,0.6434696805755155,0.2092533085413318,0.6500350586611484,-0.6501001577416227,0.4574421370117695,0.2297076394548762,168401.03329879447,0.3813014030456543,0.6492708746755306,0.20987966010688988,0.455367432211132,0.23028775886487773
8220.333333333334,102000.0,102000.0,0.4140532298199559,2.684563850889423e-06,2.684563850933161e-06,0.6434696805755155,0.210332024462201,0.6640662523929587,-0.6657372692946747,0.458619695017978,0.2308529658112366,168440.79830575068,0.4222042560577392,0.6476312188099145,0.21160399015187784,0.4553195492320308,0.2312691196346765
8220.5,102000.0,102000.0,0.4140532298199559,2.684563850889423e-06,2.684563850933161e-06,0.6434696805755155,0.2113674515532324,0.6798933615056174,-0.7243397791702462,0.4597471606967449,0.2319253105836342,168490.58987567862,0.6872878074645996,0.6449106955947189,0.21216682722099403,0.4578116397925741,0.23206941208555454
8220.666666666666,102000.0,102000.0,0.4140532298199559,2.684563850889423e-06,2.684563850933161e-06,0.6434696805755155,0.2123365964222565,0.6934174729866889,-0.7537978718881917,0.4607999529606965,0.232882441800492,168547.96865042558,0.8631007671356201,0.6453525291833054,0.21023339660068782,0.45934008339268667,0.233070726661271
8220.833333333334,102000.0,102000.0,0.4140532298199559,2.684563850889423e-06,2.684563850933161e-06,0.6434696805755155,0.2132515375934924,0.706914637894303,-0.7707209193961713,0.461791660638568,0.2338455812151814,168620.33842350592,0.5497491359710693,0.645064789405362,0.21079425693158252,0.4591904512550578,0.23400509209816606
8221.0,102000.0,102000.0,0.4140532298199559,2.684563850889423e-06,2.684563850933161e-06,0.6434696805755155,0.2141238375112096,0.7307279141932561,-0.7941683849512935,0.4627351702261518,0.234716752702344,168713.20024732556,0.6961839199066162,0.6450262387722683,0.2144698998758198,0.4623797377990559,0.23487240852201927
8221.166666666666,102000.0,102000.0,0.4140532298199559,2.684563850889423e-06,2.684563850933161e-06,0.6434696805755155,0.214956830918971,0.7643070445833255,-0.8151162673328151,0.463634372306405,0.2355657507840696,168829.36333474182,1.475151777267456,0.6469541160786952,0.21509580503235193,0.4637395517373304,0.23591419433438757
8221.333333333334,102000.0,102000.0,0.4140532298199559,2.684563850889423e-06,2.684563850933161e-06,0.6434696805755155,0.2157133629257993,0.7930219244859348,-0.8156711262069629,0.4644495270821596,0.2363408863230246,168960.37871481763,0.5205059051513672,0.6465020449073186,0.21520045774979255,0.4649146946720087,0.23664412275620492
8221.5,102000.0,102000.0,0.4140532298199559,2.684563850889423e-06,2.684563850933161e-06,0.6434696805755155,0.216374158749209,0.814170925195515,-0.8141709169349097,0.4651603584044145,0.2369859788923072,169100.77792394484,0.209904670715332,0.6430552823146577,0.21511372928493566,0.4654977923379407,0.23694453906622143
8221.666666666666,102000.0,102000.0,0.4140532298199559,2.684563850889423e-06,2.684563850933161e-06,0.6434696805755155,0.2169655869767504,0.8366813767978224,-0.8366813766845593,0.4657956496755637,0.2375876171586707,169258.06506584503,0.6752970218658447,0.643534607249191,0.21832703577548018,0.46596413421465266,0.23759410982603824
8221.833333333334,102000.0,102000.0,0.4140532298199559,2.684563850889423e-06,2.684563850933161e-06,0.6434696805755155,0.2175143260348997,0.865595667936435,-0.8655955407223086,0.4663843118307939,0.2381252833878714,169439.36740838422,0.1667091846466064,0.642717394686384,0.22045721272358645,0.46768127725310127,0.23805005479895824
8222.0,102000.0,102000.0,0.4140532298199559,2.684563850889423e-06,2.684563850933161e-06,0.6434696805755155,0.2180225096016522,0.904178495162105,-0.9041778918010932,0.4669288060170788,0.2386263579036814,169643.45911883216,0.3373639583587646,0.639279089928253,0.22056339351557522,0.4675262763222722,0.23820729883895514
8280.166666666666,103000.0,103000.0,0.4086358658700534,-3.2711912861245207e-06,-3.271191286076146e-06,0.6392463264423609,0.2065120569624942,0.6457213362827258,-0.6457491639943792,0.454435976841543,0.2266985908780695,168278.73845186448,0.3741276264190674,0.6373766337847303,0.20830258373930668,0.4546863151574042,0.22651162161230645
8280.333333333334,103000.0,103000.0,0.4086358658700534,-3.2711912861245207e-06,-3.271191286076146e-06,0.6392463264423609,0.2075752801154132,0.6601624198302858,-0.6602038474534029,0.4556043022050918,0.227827144605209,168265.74809808456,0.6121270656585693,0.6367915156662616,0.20862491369281844,0.4558708130327312,0.22758166352759907
8280.5,103000.0,103000.0,0.4086358658700534,-3.2711912861245207e-06,-3.271191286076146e-06,0.6392463264423609,0.2085961331560461,0.6767310328717517,-0.6767399250283456,0.4567232567034406,0.2288837412840815,168265.37368761026,1.0653958320617676,0.6393894154464675,0.2102037352839938,0.45811425238401005,0.2288980501844922
8280.666666666666,103000.0,103000.0,0.4086358658700534,-3.2711912861245207e-06,-3.271191286076146e-06,0.6392463264423609,0.2095522727996672,0.688424966989679,-0.6884249669896924,0.4577687984575819,0.2298272692530312,168278.0754358627,0.5968997478485107,0.6412480895692769,0.20846619857345502,0.4600770821782226,0.2300274455657228
8280.833333333334,103000.0,103000.0,0.4086358658700534,-3.2711912861245207e-06,-3.271191286076146e-06,0.6392463264423609,0.2104554529865671,0.7016818909902097,-0.7017155577484462,0.4587542403253364,0.2307773155342043,168312.12286356863,0.3903846740722656,0.6373982470968302,0.2113048420023745,0.4602285936579409,0.23059250759965125
8281.0,103000.0,103000.0,0.4086358658700534,-3.2711912861245207e-06,-3.271191286076146e-06,0.6392463264423609,0.2113174131387982,0.7272783003464296,-0.7272743468450886,0.4596927377695581,0.2316375589303084,168374.20958129494,0.7539451122283936,0.6361286893308007,0.21247690622299106,0.46078183959087293,0.2313257952191524
8281.166666666666,103000.0,103000.0,0.4086358658700534,-3.2711912861245207e-06,-3.271191286076146e-06,0.6392463264423609,0.2121415082243121,0.759108842411431,-0.7591088424114845,0.4605882198185934,0.232477117449304,168468.99862412896,0.4442768096923828,0.6347188288534614,0.2113685786753433,0.4614309250103502,0.23202436769041404
8281.333333333334,103000.0,103000.0,0.4086358658700534,-3.2711912861245207e-06,-3.271191286076146e-06,0.6392463264423609,0.2128910407999642,0.7864511730776396,-0.7863724758307375,0.4614011712231717,0.2332449819182585,168590.28010228864,0.4221274852752685,0.6358089496459894,0.21178063188075116,0.4613598455364381,0.23290124423862135
8281.5,103000.0,103000.0,0.4086358658700534,-3.2711912861245207e-06,-3.271191286076146e-06,0.6392463264423609,0.2135476100787607,0.8098275341996695,-0.8098275341996819,0.4621121185170161,0.2338865485906915,168734.92281035273,0.3248918056488037,0.6368085568885968,0.2134183603683248,0.46270262401561146,0.23364277163531508
8281.666666666666,103000.0,103000.0,0.4086358658700534,-3.2711912861245207e-06,-3.271191286076146e-06,0.6392463264423609,0.214136558201807,0.8294696041092281,-0.8294902701748638,0.4627489148575143,0.234486818162394,168909.25107903007,0.2428555488586425,0.6365641719847944,0.21548192762309995,0.4622414764157599,0.23421860271663736
8281.833333333334,103000.0,103000.0,0.4086358658700534,-3.2711912861245207e-06,-3.271191286076146e-06,0.6392463264423609,0.214683227052248,0.8615923844201022,-0.8615923844202434,0.4633392138089643,0.2350246368384313,169117.91829490033,0.3559253215789795,0.6366897494078548,0.21731003746445604,0.4621603946879452,0.2347689791349807
8282.0,103000.0,103000.0,0.4086358658700534,-3.2711912861245207e-06,-3.271191286076146e-06,0.6392463264423609,0.2151897803094078,0.937704959118952,-0.8970543395288364,0.4638855250095327,0.2355274444208374,169359.2090596731,0.6782519817352295,0.6363026777482915,0.2171060774566649,0.46404002194390653,0.23523307955143044
8340.166666666666,103000.0,103000.0,0.4048098892515785,5.256814484307912e-06,5.2568144843518615e-06,0.6362467204250082,0.2045810676915788,0.6436721218238399,-0.6436721218238021,0.4523063871303599,0.2245787255509572,168369.53184873596,0.356795072555542,0.6345474820560365,0.20751167190423844,0.45030942271314583,0.22440880171406002
8340.333333333334,103000.0,103000.0,0.4048098892515785,5.256814484307912e-06,5.2568144843518615e-06,0.6362467204250082,0.205635751307514,0.6578581499704688,-0.6578581499704768,0.4534707834891318,0.2256985096474971,168409.87163129536,0.506986141204834,0.6344068154877048,0.20637918001441755,0.45266897581403015,0.22551451915376677
8340.5,103000.0,103000.0,0.4048098892515785,5.256814484307912e-06,5.2568144843518615e-06,0.6362467204250082,0.2066481977064067,0.7073137205428768,-0.6734096284128499,0.4545857431742363,0.2267469725719491,168461.33305027126,0.2042744159698486,0.6368759206989111,0.2064991259489706,0.4556804271334716,0.22680989259933937
8340.666666666666,103000.0,103000.0,0.4048098892515785,5.256814484307912e-06,5.2568144843518615e-06,0.6362467204250082,0.207595942858576,0.7457391231716681,-0.6837936841674386,0.4556269779792864,0.2276829728000169,168521.54128964813,0.732215166091919,0.6336805079595172,0.2088923213419261,0.45706724205705296,0.2274263515534678
8340.833333333334,103000.0,103000.0,0.4048098892515785,5.256814484307912e-06,5.2568144843518615e-06,0.6362467204250082,0.2084907143381163,0.7708714312186452,-0.6996799401585329,0.4566078345356434,0.2286248744707799,168597.60195937558,0.705634593963623,0.6367923644183477,0.20953040386015315,0.45954999807360747,0.22867943887011385
8341.0,103000.0,103000.0,0.4048098892515785,5.256814484307912e-06,5.2568144843518615e-06,0.6362467204250082,0.2093438488277053,0.8044046948965126,-0.7236504406693072,0.4575410900263817,0.2294769542976832,168694.89189585103,0.2088816165924072,0.6349884361439214,0.2110922678838791,0.4590130400318038,0.2293511258695745
8341.166666666666,103000.0,103000.0,0.4048098892515785,5.256814484307912e-06,5.2568144843518615e-06,0.6362467204250082,0.2101585898594291,0.8374395565794358,-0.7537507319508979,0.4584305728336783,0.2303074693248511,168816.19737765577,0.2937936782836914,0.6312340386520405,0.2121986703398986,0.4609343857613071,0.22980620114755435
8341.333333333334,103000.0,103000.0,0.4048098892515785,5.256814484307912e-06,5.2568144843518615e-06,0.6362467204250082,0.2108985661583618,0.850106461040273,-0.7844537671760636,0.4592369393086939,0.2310657730426032,168952.89807790474,0.2314918041229248,0.6333867391059119,0.21201985473841167,0.46039043223932946,0.23077977491069357
8341.5,103000.0,103000.0,0.4048098892515785,5.256814484307912e-06,5.2568144843518615e-06,0.6362467204250082,0.2115449531122077,0.8393072846784712,-0.8053000742128026,0.4599401628297703,0.2316970128563155,169099.38960065736,0.2586457729339599,0.6343072063155761,0.21014740801793838,0.45949371825965674,0.2315030614453723
8341.666666666666,103000.0,103000.0,0.4048098892515785,5.256814484307912e-06,5.2568144843518615e-06,0.6362467204250082,0.2121234114144595,0.8267203175024872,-0.8267203232572834,0.46056857436013,0.2322856951178215,169262.78945141984,0.1969883441925048,0.6355057228606624,0.2086108176057162,0.46012366714498815,0.2322115953613869
8341.833333333334,103000.0,103000.0,0.4048098892515785,5.256814484307912e-06,5.2568144843518615e-06,0.6362467204250082,0.2126599209274378,0.8573864394499487,-0.8573865855999971,0.4611506491493666,0.232811641519045,169449.82628817894,0.554194450378418,0.6348958863679631,0.21260841963421057,0.4606425774755116,0.23267655811334048
8342.0,103000.0,103000.0,0.4048098892515785,5.256814484307912e-06,5.2568144843518615e-06,0.6362467204250082,0.2131565620575767,0.8925403823330591,-0.8925403823330785,0.461688815485304,0.2333016858723703,169659.11220617397,0.19423508644104,0.6382942919991371,0.2141139002802383,0.46017201601819946,0.23350644302978318
8400.166666666666,104000.0,104000.0,0.4059721524940251,7.57460375225727e-08,7.574603756656744e-08,0.6371594404024985,0.2051667837997365,0.6442267413333292,-0.6441996918082935,0.4529534014736855,0.2252217817761449,168311.01663816118,0.9884397983551024,0.6391217903318085,0.203350509941874,0.45220075052881886,0.2254180167690759
8400.333333333334,104000.0,104000.0,0.4059721524940251,7.57460375225727e-08,7.574603756656744e-08,0.6371594404024985,0.2062230392766378,0.6582285021954437,-0.6581881400746352,0.4541178694684015,0.2263429682439585,168297.90769257513,0.501697301864624,0.6371234343852875,0.20480769072241117,0.45515899296937895,0.2263393676422374
8400.5,104000.0,104000.0,0.4059721524940251,7.57460375225727e-08,7.574603756656744e-08,0.6371594404024985,0.2072371130958986,0.6727963596825302,-0.6727878993815994,0.4552330317258241,0.2273926351371615,168296.306662083,0.2435908317565918,0.6383585165626057,0.20623859777527445,0.45732436772650553,0.2275125427531722
8400.666666666666,104000.0,104000.0,0.4059721524940251,7.57460375225727e-08,7.574603756656744e-08,0.6371594404024985,0.2081867886875035,0.6864758924109121,-0.6863849349776882,0.4562749047971162,0.2283297871443968,168306.58484712095,0.3303666114807129,0.6390566631765654,0.20663331043894245,0.4559036088792731,0.2285195094218035
8400.833333333334,104000.0,104000.0,0.4059721524940251,7.57460375225727e-08,7.574603756656744e-08,0.6371594404024985,0.2090838256324669,0.7005126101534503,-0.7004795895227434,0.4572568486956639,0.2292733827591285,168337.3000934505,0.4939389228820801,0.6374875889291325,0.20850410120556903,0.4593188734993127,0.2293061976117919
8401.0,104000.0,104000.0,0.4059721524940251,7.57460375225727e-08,7.574603756656744e-08,0.6371594404024985,0.2099398518672578,0.7229278021475393,-0.7229313757508146,0.4581919378391921,0.2301276602493563,168395.25893326945,0.3028168678283691,0.6367254885890274,0.20854797152331464,0.45969481790435224,0.2300842650680092
8401.166666666666,104000.0,104000.0,0.4059721524940251,7.57460375225727e-08,7.574603756656744e-08,0.6371594404024985,0.2107582166190872,0.756481425578544,-0.7564424495598249,0.4590841062837092,0.2309612645642658,168485.13138415222,0.2055118083953857,0.6362550314266712,0.20800889930262845,0.4587509949256305,0.23087082366668307
8401.333333333334,104000.0,104000.0,0.4059721524940251,7.57460375225727e-08,7.574603756656744e-08,0.6371594404024985,0.2115025074723863,0.7856735354155417,-0.7857461461223904,0.4598940176695819,0.2317236296539382,168600.858508734,0.1905050277709961,0.6381401426353425,0.21035229180739287,0.46127894840466377,0.2318216998772226
8401.5,104000.0,104000.0,0.4059721524940251,7.57460375225727e-08,7.574603756656744e-08,0.6371594404024985,0.2121544185411251,0.8053848620095926,-0.805362027430772,0.4606022346327935,0.2323604273247237,168739.4240081587,0.2817473411560058,0.6367880307034964,0.21263937102289776,0.46037533031953576,0.2323232863548235
8401.666666666666,104000.0,104000.0,0.4059721524940251,7.57460375225727e-08,7.574603756656744e-08,0.6371594404024985,0.2127392511193863,0.8286660734404135,-0.8291374526341402,0.4612366541394448,0.2329562565100686,168907.5459814755,0.360034704208374,0.6365245158746133,0.21245321428466993,0.4615114257932865,0.23289276405728007
8401.833333333334,104000.0,104000.0,0.4059721524940251,7.57460375225727e-08,7.574603756656744e-08,0.6371594404024985,0.2132822926893445,0.8566176517751217,-0.8566772054638536,0.4618249589289714,0.2334902269235116,169110.29435907333,0.3484666347503662,0.6392562463657447,0.21140455393357088,0.46147365216360003,0.23369990751983621
8402.0,104000.0,104000.0,0.4059721524940251,7.57460375225727e-08,7.574603756656744e-08,0.6371594404024985,0.2137856979416143,0.8952673865551769,-0.8952673865520284,0.462369655083233,0.2339895315935626,169346.11852842956,0.4172613620758056,0.63667302726927,0.2121805363231107,0.46206146445782387,0.23394089028023973
8460.166666666666,105000.0,105000.0,0.3999274254062465,-6.342035510712574e-06,-6.3420355106653095e-06,0.632398154176818,0.2021127024252832,0.6380377602688995,-0.6380385117417025,0.4495694635413531,0.2218691151024986,168336.7540803608,0.5609292984008789,0.6337118305475131,0.20234370023042372,0.44789842301403404,0.2220004827395681
8460.333333333334,105000.0,105000.0,0.3999274254062465,-6.342035510712574e-06,-6.3420355106653095e-06,0.632398154176818,0.2031546895582397,0.6523896033944006,-0.6524851698462345,0.4507268459994489,0.2229753886441687,168376.75609863363,0.3335654735565185,0.6325260065307274,0.2036930299962079,0.44991524373356734,0.22298817387955963
8460.5,105000.0,105000.0,0.3999274254062465,-6.342035510712574e-06,-6.3420355106653095e-06,0.632398154176818,0.2041550368220706,0.6691418430167857,-0.688185315226794,0.4518351878605559,0.2240112323928893,168428.99094196275,0.3350155353546142,0.6318340576188742,0.20535202184230175,0.4505044262309878,0.22395482273709494
8460.666666666666,105000.0,105000.0,0.3999274254062465,-6.342035510712574e-06,-6.3420355106653095e-06,0.632398154176818,0.2050915724042867,0.6813976998036756,-0.7352936099381547,0.4528703706206632,0.2249361526433508,168491.1960229169,1.1803500652313232,0.6339153166078336,0.20547552750545237,0.45259210093193547,0.22508786888645235
8460.833333333334,105000.0,105000.0,0.3999274254062465,-6.342035510712574e-06,-6.3420355106653095e-06,0.632398154176818,0.2059758013826264,0.6935550694833243,-0.7684088203444285,0.4538455701921526,0.2258669393155005,168570.2010843759,0.1789090633392334,0.6361573183707802,0.2062925541306549,0.4528584677188196,0.22624285573489672
8461.0,105000.0,105000.0,0.3999274254062465,-6.342035510712574e-06,-6.3420355106653095e-06,0.632398154176818,0.2068189603256801,0.7191398303337138,-0.8117407867129661,0.4547735266500881,0.226709093034465,168671.28220457368,0.1986408233642578,0.6319147240564603,0.2094502913288526,0.45350764137028543,0.22666075002242922
8461.166666666666,105000.0,105000.0,0.3999274254062465,-6.342035510712574e-06,-6.3420355106653095e-06,0.632398154176818,0.2076242385677033,0.7512402533119923,-0.8565427878054788,0.4556580283504314,0.2275300713777416,168797.23484160998,0.6970334053039551,0.6320222128611189,0.2089807972205156,0.45619480562349274,0.2274924772461717
8461.333333333334,105000.0,105000.0,0.3999274254062465,-6.342035510712574e-06,-6.3420355106653095e-06,0.632398154176818,0.2083556589138727,0.7782291662024301,-0.8810704421477533,0.4564599206569556,0.2282797316212144,168939.30978290015,0.4371449947357178,0.6312023351678284,0.20715336021653452,0.45578848588969173,0.22816014972031545
8461.5,105000.0,105000.0,0.3999274254062465,-6.342035510712574e-06,-6.3420355106653095e-06,0.632398154176818,0.2089946532928104,0.8009639782751863,-0.8809969836760845,0.4571593305981829,0.2289039676829153,169091.80993880524,0.2570877075195312,0.6295387519904131,0.20795103320677397,0.45860206387133445,0.2286180274642748
8461.666666666666,105000.0,105000.0,0.3999274254062465,-6.342035510712574e-06,-6.3420355106653095e-06,0.632398154176818,0.2095664467594425,0.8214696006079809,-0.8687006253765194,0.4577842800109957,0.2294861153584879,169261.45604748916,0.4099006652832031,0.6291040758041622,0.20840831598036894,0.4578950579491741,0.2291567075212223
8461.833333333334,105000.0,105000.0,0.3999274254062465,-6.342035510712574e-06,-6.3420355106653095e-06,0.632398154176818,0.2100965902306395,0.8519210887979192,-0.8561586749399649,0.4583629462649903,0.2300061104604661,169454.54631231853,0.2245185375213623,0.6298003756162366,0.2097177567836079,0.4574185037530622,0.22974633260440794
8462.0,105000.0,105000.0,0.3999274254062465,-6.342035510712574e-06,-6.3420355106653095e-06,0.632398154176818,0.2105871345567327,0.8881135982652869,-0.8881135982653022,0.4588977389802761,0.230490532425568,169669.52661684866,0.1985037326812744,0.6322949882168964,0.20798695566420583,0.45727509978759107,0.23048021582957584
8520.166666666666,105000.0,105000.0,0.3999412324565356,2.043336160131505e-06,2.04333616017456e-06,0.6324090705046344,0.202119821577457,0.6395662759535018,-0.6395662759534558,0.4495773812202507,0.2218769435741757,168344.01460344385,0.1930484771728515,0.6338915296957673,0.1991571786941637,0.449302500218035,0.222025189493289
8520.333333333334,105000.0,105000.0,0.3999412324565356,2.043336160131505e-06,2.04333616017456e-06,0.6324090705046344,0.2031603741252275,0.6537442869210356,-0.6537442869210068,0.4507331519208224,0.2229814941719008,168331.6977940907,0.187861680984497,0.6326088076869846,0.20142873564600058,0.44957694941722637,0.22300146789013583
8520.5,105000.0,105000.0,0.3999412324565356,2.043336160131505e-06,2.04333616017456e-06,0.6324090705046344,0.2041592829851972,0.6695767719597805,-0.6695866938346208,0.4518398865581008,0.2240155567004763,168329.78381342086,0.504204273223877,0.6346434035825474,0.20085113364506824,0.4500958017381275,0.2242389900082676
8520.666666666666,105000.0,105000.0,0.3999412324565356,2.043336160131505e-06,2.04333616017456e-06,0.6324090705046344,0.2050946379045811,0.6800947132200664,-0.680182468604448,0.4528737550184836,0.2249385923135985,168338.50905993755,0.3591837882995605,0.6354550272095372,0.20321946968088567,0.45057140151317815,0.2252431879840888
8520.833333333334,105000.0,105000.0,0.3999412324565356,2.043336160131505e-06,2.04333616017456e-06,0.6324090705046344,0.2059781041426139,0.6951279218778671,-0.6951279218778924,0.4538481069785308,0.2258679355398411,168366.69248008737,0.2003819942474365,0.6318132760440615,0.2038770772566521,0.4519860354416794,0.2258083560937838
8521.0,105000.0,105000.0,0.3999412324565356,2.043336160131505e-06,2.04333616017456e-06,0.6324090705046344,0.2068210984113949,0.7195531220710326,-0.7196815809357389,0.4547758771768252,0.2267091764552199,168421.2282162055,0.200610876083374,0.6307817382464975,0.20351605231145642,0.4533142789345868,0.2265464432294062
8521.166666666666,105000.0,105000.0,0.3999412324565356,2.043336160131505e-06,2.04333616017456e-06,0.6324090705046344,0.2076269343210303,0.7501121694366475,-0.7501499997795659,0.4556609862160494,0.227529915050003,168506.76112115933,0.208425760269165,0.6305446785116642,0.20589996071599123,0.4571622733224001,0.227343475850706
8521.333333333334,105000.0,105000.0,0.3999412324565356,2.043336160131505e-06,2.04333616017456e-06,0.6324090705046344,0.2083597840666845,0.7792225164152465,-0.7794375205439655,0.4564644390268592,0.2282804407136672,168617.33829989738,0.3877873420715332,0.6327952908986515,0.20656436762692484,0.4559016162031492,0.22831906275306893
8521.5,105000.0,105000.0,0.3999412324565356,2.043336160131505e-06,2.04333616017456e-06,0.6324090705046344,0.2090015796392007,0.8009835360869696,-0.8010032217386099,0.457166905688796,0.2289071423784194,168750.01330944613,0.6461081504821777,0.6341950225363292,0.20856636330817277,0.45703208678451557,0.22908573758158887
8521.666666666666,105000.0,105000.0,0.3999412324565356,2.043336160131505e-06,2.04333616017456e-06,0.6324090705046344,0.209577375183418,0.8209469217272474,-0.8212431164251752,0.4577962157910624,0.2294935135076741,168911.90146230918,0.3012270927429199,0.6371150520257451,0.2074400791360457,0.45735769938274434,0.2299641116597852
8521.833333333334,105000.0,105000.0,0.3999412324565356,2.043336160131505e-06,2.04333616017456e-06,0.6324090705046344,0.2101122035957748,0.8532019333589749,-0.8525523760141931,0.4583799773119315,0.2300191078096791,169108.5139648103,0.57389235496521,0.6349453033594762,0.2063516261642763,0.4599996608182418,0.23027273109516327
8522.0,105000.0,105000.0,0.3999412324565356,2.043336160131505e-06,2.04333616017456e-06,0.6324090705046344,0.2106081914087889,0.8860604222624308,-0.8864116766148248,0.4589206809570711,0.2305106432903833,169338.46640183945,0.212015151977539,0.6372793470382854,0.2073229401604005,0.4603125714804536,0.2309976709437484
8580.166666666666,106000.0,106000.0,0.3957879209577651,-2.495165393492652e-06,-2.495165393447331e-06,0.6291167784742075,0.2000198239555503,0.6363869338829209,-0.6363862109512908,0.4472357589191259,0.219571694817444,168303.81811195984,0.206057071685791,0.6325001373476756,0.19845265196097336,0.44977335669590396,0.21991003070479082
8580.333333333334,106000.0,106000.0,0.3957879209577651,-2.495165393492652e-06,-2.495165393447331e-06,0.6291167784742075,0.2010510250204854,0.650385706569934,-0.6502870873846965,0.4483871375748315,0.2206664831151575,168342.58132502664,0.633371114730835,0.6312225981675231,0.19838334864859536,0.4507139717725653,0.22087706508448904
8580.5,106000.0,106000.0,0.3957879209577651,-2.495165393492652e-06,-2.495165393447331e-06,0.6291167784742075,0.2020411049345499,0.665867833760292,-0.6650882259898159,0.4494898275567324,0.2216916007732337,168394.66676735025,0.7147669792175293,0.6315824394976518,0.2008105639479844,0.45030988406682054,0.2219381668755781
8580.666666666666,106000.0,106000.0,0.3957879209577651,-2.495165393492652e-06,-2.495165393447331e-06,0.6291167784742075,0.2029681470710716,0.7193229548303774,-0.6772628879548681,0.4505198633019571,0.222607123808889,168457.9679462657,0.1922914981842041,0.6322568388616159,0.20137696924678314,0.45208004166251253,0.22292112984762982
8580.833333333334,106000.0,106000.0,0.3957879209577651,-2.495165393492652e-06,-2.495165393447331e-06,0.6291167784742075,0.2038434592362428,0.760077503141186,-0.6918943625230968,0.4514902650270431,0.2235284961279036,168539.07046338133,0.5356948375701904,0.6339252627101454,0.2020327584818655,0.45158875333963605,0.22400934455149737
8581.0,106000.0,106000.0,0.3957879209577651,-2.495165393492652e-06,-2.495165393447331e-06,0.6291167784742075,0.2046782012991759,0.8127658622419511,-0.7146757402061125,0.4524137503373664,0.2243622673139912,168643.176536899,0.2028150558471679,0.6356490795949414,0.20446896097169195,0.452486961958953,0.22501549742606458
8581.166666666666,106000.0,106000.0,0.3957879209577651,-2.495165393492652e-06,-2.495165393447331e-06,0.6291167784742075,0.2054755166421003,0.8688593538306414,-0.7462627792138758,0.4532940732628644,0.2251752228424095,168773.122602579,0.5846719741821289,0.6328695877606222,0.2058167237428426,0.45345015785794407,0.225550503771051
8581.333333333334,106000.0,106000.0,0.3957879209577651,-2.495165393492652e-06,-2.495165393447331e-06,0.6291167784742075,0.2061997584987914,0.9049266331515414,-0.7759177821639921,0.4540922359311449,0.225917639494923,168920.07742071888,0.5854990482330322,0.6312581026950282,0.2074637722751501,0.4550462636886605,0.22613177191700506
8581.5,106000.0,106000.0,0.3957879209577651,-2.495165393492652e-06,-2.495165393447331e-06,0.6291167784742075,0.2068325889365417,0.9154592611335558,-0.7950191454774289,0.4547885103888319,0.2265360644372014,169078.29760437104,0.7487919330596924,0.6338105533569023,0.20880882501890863,0.45525687661451775,0.22700544192547087
8581.666666666666,106000.0,106000.0,0.3957879209577651,-2.495165393492652e-06,-2.495165393447331e-06,0.6291167784742075,0.2073988430844648,0.913209182758275,-0.8181175812237927,0.4554106315606701,0.2271128224768506,169254.11046860204,0.9373719692230223,0.6311038587672871,0.20628625305975656,0.4571012992721606,0.22731153050615857
8581.833333333334,106000.0,106000.0,0.3957879209577651,-2.495165393492652e-06,-2.495165393447331e-06,0.6291167784742075,0.2079236831872161,0.9114289475097668,-0.8468051936505804,0.4559864948173763,0.2276279216067135,169453.36658630538,0.5686473846435547,0.6334388556745316,0.2088630312131668,0.4568291361140165,0.2280601293267459
8582.0,106000.0,106000.0,0.3957879209577651,-2.495165393492652e-06,-2.495165393447331e-06,0.6291167784742075,0.2084091356960895,0.9089924209633294,-0.8836258157478963,0.4565184946681753,0.2281077376321332,169674.34716012207,1.135066270828247,0.6336136074396618,0.20984629094253782,0.4568605709115592,0.22855742052867864
8640.166666666666,106000.0,107000.0,0.3914501441641281,5.925062667310185e-06,-9.296189396320078e-06,0.6256597670972044,0.1978295125038079,0.6316849605269909,-0.6316849605270468,0.4447802970567935,0.2171672233186441,168376.60669422374,0.3014430999755859,0.6285080645628239,0.20100549598578693,0.44358735659114734,0.21745205306520607
8640.333333333334,106000.0,107000.0,0.3914501441641281,5.925062667310185e-06,-9.296189396320078e-06,0.6256597670972044,0.1988479863672236,0.6452776904533307,-0.6452776904533424,0.4459237451657369,0.2182483720452856,168365.96570340075,0.173924446105957,0.6277643122467345,0.19940064581850736,0.44520806124331214,0.21845882656023863
8640.5,106000.0,107000.0,0.3914501441641281,5.925062667310185e-06,-9.296189396320078e-06,0.6256597670972044,0.1998256146770844,0.6614529612059551,-0.6614529613961443,0.4470185843983275,0.2192605001163715,168364.6630975683,0.2085952758789062,0.6265271367761858,0.19978630791701513,0.44637008613663387,0.21934723708426962
8640.666666666666,106000.0,107000.0,0.3914501441641281,5.925062667310185e-06,-9.296189396320078e-06,0.6256597670972044,0.2007409249647181,0.6742540175373694,-0.6742540213244604,0.4480412091145227,0.2201637820617513,168372.7589965907,0.8986830711364746,0.6297178651614067,0.20220819450339247,0.44747000711923174,0.22056959186817152
8640.833333333334,106000.0,107000.0,0.3914501441641281,5.925062667310185e-06,-9.296189396320078e-06,0.6256597670972044,0.2016054101583469,0.6870045428430249,-0.687004542843004,0.4490049111574026,0.2210731912786358,168399.29731739085,0.5519504547119141,0.6287405041717049,0.20234190654764914,0.4487548373650329,0.22138126498608587
8641.0,106000.0,107000.0,0.3914501441641281,5.925062667310185e-06,-9.296189396320078e-06,0.6256597670972044,0.2024302042427017,0.7108977084174998,-0.7108977084175673,0.4499224425519389,0.2218962520148069,168451.23151608204,0.3811399936676025,0.6263703824641256,0.20296874536114298,0.4491044047222657,0.221967313551499
8641.166666666666,106000.0,107000.0,0.3914501441641281,5.925062667310185e-06,-9.296189396320078e-06,0.6256597670972044,0.2032185621276908,0.7432458887580362,-0.7432458887579644,0.45079769540613,0.2226991022645496,168533.14999097094,0.6250889301300049,0.6240693652656101,0.2016706527724346,0.45157695415364113,0.22254006208139016
8641.333333333334,106000.0,107000.0,0.3914501441641281,5.925062667310185e-06,-9.296189396320078e-06,0.6256597670972044,0.2039354565466733,0.7709561234587439,-0.7707522170731869,0.4515921352199877,0.2234331807579933,168639.15735503816,0.4001209735870361,0.6238254830005644,0.20270777436727455,0.45179879914917886,0.22324975234832928
8641.5,106000.0,107000.0,0.3914501441641281,5.925062667310185e-06,-9.296189396320078e-06,0.6256597670972044,0.2045631616905205,0.7920139322041377,-0.7919763955379506,0.4522865924633638,0.2240459190733734,168766.32958437304,0.2995164394378662,0.625780775497154,0.20331168504863945,0.45168421502038947,0.22405801991336835
8641.666666666666,106000.0,107000.0,0.3914501441641281,5.925062667310185e-06,-9.296189396320078e-06,0.6256597670972044,0.2051263275499149,0.8136012320657511,-0.8133192103626693,0.4529087408848052,0.2246191822712057,168922.169078512,0.2324645519256591,0.6244166054947426,0.2053864743401971,0.4559601034881154,0.2244948661109595
8641.833333333334,106000.0,107000.0,0.3914501441641281,5.925062667310185e-06,-9.296189396320078e-06,0.6256597670972044,0.2056495816852617,0.8422344640729467,-0.8421230538298525,0.4534860325286945,0.2251330942086927,169112.6379809588,1.4162001609802246,0.627500368171868,0.20711044269505038,0.4553792537493702,0.2253171543161591
8642.0,106000.0,107000.0,0.3914501441641281,5.925062667310185e-06,-9.296189396320078e-06,0.6256597670972044,0.2061350079583793,0.8793921240309199,-0.8790576428340745,0.454020933400091,0.2256137343995078,169336.51381413444,0.8571085929870605,0.62848490145498,0.20658885409440672,0.4554605897775274,0.22589624783528536
8700.166666666666,107000.0,107000.0,0.3944864891379866,-5.531946529113126e-07,-5.531946528687705e-07,0.6280815943314902,0.1993612627160036,0.6347538383018276,-0.6347540711041685,0.4464988945058004,0.2188487946058629,168271.84748768568,0.6071605682373047,0.6312255878608595,0.20051081483519195,0.44768809681576593,0.21916319395879982
8700.333333333334,107000.0,107000.0,0.3944864891379866,-5.531946529113126e-07,-5.531946528687705e-07,0.6280815943314902,0.2003890474819401,0.6489071030611349,-0.648907313555696,0.4476483525949208,0.2199399198396573,168308.5130897678,0.2649438381195068,0.6317993725289156,0.19919616428913622,0.4466810806820562,0.22031169765939984
8700.5,107000.0,107000.0,0.3944864891379866,-5.531946529113126e-07,-5.531946528687705e-07,0.6280815943314902,0.2013759314670943,0.6649981923809423,-0.6649981923809121,0.4487492970310125,0.2209616318798865,168359.53137920005,0.3729786872863769,0.6292983352330855,0.20272916133152868,0.4484453789892993,0.22108330597004602
8700.666666666666,107000.0,107000.0,0.3944864891379866,-5.531946529113126e-07,-5.531946528687705e-07,0.6280815943314902,0.2023000994691673,0.6761324431238306,-0.6998664368770642,0.4497778336075582,0.2218742835420197,168422.99050776614,0.2096970081329345,0.630719117019848,0.20359043957814704,0.44939983135723605,0.22213803581085548
8700.833333333334,107000.0,107000.0,0.3944864891379866,-5.531946529113126e-07,-5.531946528687705e-07,0.6280815943314902,0.2031727488571961,0.6898090757386157,-0.7480045051663655,0.4507468790934499,0.2227928149860411,168505.2719931038,0.1879167556762695,0.6323678776184112,0.2037278198859146,0.44962021570502697,0.22322144331473318
8701.0,107000.0,107000.0,0.3944864891379866,-5.531946529113126e-07,-5.531946528687705e-07,0.6280815943314902,0.2040050442887395,0.7146541431106647,-0.8097220788032026,0.4516691759045608,0.2236241534280991,168611.5336152932,0.3042447566986084,0.630771918307026,0.20380778183410236,0.4515987855920704,0.22389318582565268
8701.166666666666,107000.0,107000.0,0.3944864891379866,-5.531946529113126e-07,-5.531946528687705e-07,0.6280815943314902,0.2048001083263182,0.7456158849828664,-0.8767496568750918,0.4525484598570969,0.2244348924659237,168744.6831884014,0.2017779350280761,0.6299913130390165,0.20522439466382622,0.4533618317871772,0.22462586433667633
8701.333333333334,107000.0,107000.0,0.3944864891379866,-5.531946529113126e-07,-5.531946528687705e-07,0.6280815943314902,0.2055223731951439,0.7731333204010566,-0.924097546060514,0.4533457548160332,0.225175383024053,168895.85709731473,0.7802455425262451,0.6309988998393745,0.20474087040593508,0.4544135583543801,0.22546711357484142
8701.5,107000.0,107000.0,0.3944864891379866,-5.531946529113126e-07,-5.531946528687705e-07,0.6280815943314902,0.2061536065225476,0.7956747326749466,-0.9451112288888432,0.4540414152374811,0.2257924469068105,169059.31363155151,0.1872804164886474,0.6332895944698016,0.20468250556441608,0.4538866389953581,0.22631324692064164
8701.666666666666,107000.0,107000.0,0.3944864891379866,-5.531946529113126e-07,-5.531946528687705e-07,0.6280815943314902,0.2067184337669695,0.8144180741040651,-0.9528501024944956,0.454662989484673,0.2263679966800355,169241.00342716472,0.9841070175170898,0.6321894475610761,0.2052583328622191,0.45416335924984874,0.22677878200299406
8701.833333333334,107000.0,107000.0,0.3944864891379866,-5.531946529113126e-07,-5.531946528687705e-07,0.6280815943314902,0.2072418050927708,0.8466591588317717,-0.96176702306603,0.4552381852937263,0.226881968072813,169446.3275007086,0.1725304126739502,0.6311532208717499,0.20675986328035187,0.4552944664881514,0.22718913072683897
8702.0,107000.0,107000.0,0.3944864891379866,-5.531946529113126e-07,-5.531946528687705e-07,0.6280815943314902,0.2077257384770159,0.8808625944689474,-0.9712987687842426,0.4557693920678872,0.2273607218984781,169673.40951776603,0.5145981311798096,0.6328454909202305,0.20816527099680407,0.45690777953372974,0.22783711155735215
8760.166666666666,107000.0,107000.0,0.3876467753298554,7.700445325769986e-06,7.700445325808517e-06,0.6226128615197853,0.1959081983031202,0.6299096090916677,-0.6302120034934928,0.4426151810185326,0.2150580680855174,168407.68113152316,0.2559096813201904,0.6266386205221013,0.1959158374964442,0.4430027857663006,0.215460643985749
8760.333333333334,107000.0,107000.0,0.3876467753298554,7.700445325769986e-06,7.700445325808517e-06,0.6226128615197853,0.1969168134783045,0.6437502181565454,-0.644027114784717,0.4437530998588657,0.2161287876996091,168399.54245189886,0.582763671875,0.6243289962636662,0.1967863578614323,0.4431807118685446,0.2163004011739972
8760.5,107000.0,107000.0,0.3876467753298554,7.700445325769986e-06,7.700445325808517e-06,0.6226128615197853,0.1978848984775207,0.6587750826420861,-0.658775082468654,0.4448425548658262,0.2171311306061831,168399.75466546876,0.690220832824707,0.6246130037520068,0.19741761513283465,0.44559448496015963,0.21733114482940524
8760.666666666666,107000.0,107000.0,0.3876467753298554,7.700445325769986e-06,7.700445325808517e-06,0.6226128615197853,0.1987911591321642,0.6695820271785139,-0.6701164776333122,0.4458600220401677,0.2180255193780128,168408.16625805284,1.242475986480713,0.6241944320349727,0.19912982587375444,0.4466188247972249,0.21818367642953151
8760.833333333334,107000.0,107000.0,0.3876467753298554,7.700445325769986e-06,7.700445325808517e-06,0.6226128615197853,0.199647045457818,0.684765301358998,-0.6847653013588045,0.4468188061892481,0.2189259245406368,168434.00231779,1.4676060676574707,0.6249295474475552,0.19966917100559137,0.44697620430463497,0.2191575931334138
8761.0,107000.0,107000.0,0.3876467753298554,7.700445325769986e-06,7.700445325808517e-06,0.6226128615197853,0.2004635420274896,0.7079130874625256,-0.7079130874624588,0.447731551398229,0.219740700726991,168484.24529939957,0.7298142910003662,0.6239613220240671,0.20031481981615046,0.450334106806988,0.2198755467774192
8761.166666666666,107000.0,107000.0,0.3876467753298554,7.700445325769986e-06,7.700445325808517e-06,0.6226128615197853,0.201243881104393,0.7376819583363151,-0.7376813988972365,0.448602141301363,0.2205353155997947,168563.39778439756,0.5991790294647217,0.6235156035099197,0.19966228790803217,0.450671045318435,0.22062558979880814
8761.333333333334,107000.0,107000.0,0.3876467753298554,7.700445325769986e-06,7.700445325808517e-06,0.6226128615197853,0.2019534110524845,0.76780113078058,-0.7677972522745264,0.449392268644901,0.2212617615511345,168665.5713946416,1.0413720607757568,0.6237424902046353,0.20123764177330963,0.4491913571378185,0.2213747244196195
8761.5,107000.0,107000.0,0.3876467753298554,7.700445325769986e-06,7.700445325808517e-06,0.6226128615197853,0.2025745307124211,0.7876878318231604,-0.7877292884713958,0.4500828043384063,0.2218678820622388,168787.8163230315,0.9766638278961182,0.6242709283657022,0.20145575111209935,0.45138253510891635,0.2220336887468305
8761.666666666666,107000.0,107000.0,0.3876467753298554,7.700445325769986e-06,7.700445325808517e-06,0.6226128615197853,0.2031317745495652,0.80936348960936,-0.8092992294006272,0.450701425096434,0.2224348809374168,168937.9987056104,0.6932210922241211,0.6263895268804379,0.20345366573648405,0.45050270286647126,0.22281254747348206
8761.833333333334,107000.0,107000.0,0.3876467753298554,7.700445325769986e-06,7.700445325808517e-06,0.6226128615197853,0.2036496590446022,0.8387582957037172,-0.8388740731311661,0.4512755910423954,0.2229432104761659,169122.5258803188,0.4911537170410156,0.6264316110000042,0.2033292501568404,0.4497756287393215,0.22332508542418777
8762.0,107000.0,107000.0,0.3876467753298554,7.700445325769986e-06,7.700445325808517e-06,0.6226128615197853,0.2041302489027215,0.8742523369688916,-0.8738583524797692,0.4518077565956533,0.2234186269712837,169340.3275161267,1.102463960647583,0.6251741337117755,0.20330523772543418,0.4513109035989187,0.22367475419048272
