t[s],center_x,center_y,A_sample,dA_dx,dA_dy,amp,phi_var,phi_max,phi_min,phi_rms,E_micro,sigma_phi,micro_step_time[s]
0.16666666666666666,20000.0,20000.0,0.9997680800807648,7.991575804856814e-07,7.991575804850969e-07,0.9998840333162465,0.5052500094650313,1.0115975001356574,-1.0115975001367141,0.7108094045664983,0.5546382362112557,168246.5674255635,0.5064685344696045
0.3333333333333333,20000.0,20000.0,0.9997680800807648,7.991575804856814e-07,7.991575804850969e-07,0.9998840333162465,0.5078514504984144,1.0338005865181303,-1.0338005871100608,0.712636969728104,0.5573994645619893,168234.69039895016,0.2085866928100586
0.5,20000.0,20000.0,0.9997680800807648,7.991575804856814e-07,7.991575804850969e-07,0.9998840333162465,0.5103494433946645,1.0578184717502856,-1.0578185216618257,0.7143874603377401,0.559984722714143,168236.56378153845,0.19858098030090332
0.6666666666666666,20000.0,20000.0,0.9997680800807648,7.991575804856814e-07,7.991575804850969e-07,0.9998840333162465,0.5126893568842297,1.0755431031153873,-1.0755431031153866,0.7160232935771679,0.5622937995908426,168252.68845827034,0.15982747077941895
0.8333333333333333,20000.0,20000.0,0.9997680800807648,7.991575804856814e-07,7.991575804850969e-07,0.9998840333162465,0.5148997395094329,1.0997184845990582,-1.0997184845990602,0.717565146553058,0.5646188819160007,168291.00992035773,0.6289269924163818
1.0,20000.0,20000.0,0.9997680800807648,7.991575804856814e-07,7.991575804850969e-07,0.9998840333162465,0.5170093898201576,1.136729006882947,-1.1367148196548953,0.7190336500052861,0.5667244731255527,168358.07890892267,0.32430148124694824
1.1666666666666665,20000.0,20000.0,0.9997680800807648,7.991575804856814e-07,7.991575804850969e-07,0.9998840333162465,0.5190264707536285,1.1849655372904981,-1.1849655372905052,0.7204349177832964,0.5687797256129243,168458.5163105518,0.31308865547180176
1.3333333333333333,20000.0,20000.0,0.9997680800807648,7.991575804856814e-07,7.991575804850969e-07,0.9998840333162465,0.5208610792544165,1.2331231946696972,-1.2331033616662124,0.7217070591702575,0.5706595494127173,168585.90919844885,0.7381782531738281
1.5,20000.0,20000.0,0.9997680800807648,7.991575804856814e-07,7.991575804850969e-07,0.9998840333162465,0.5224682333673125,1.2647848777447086,-1.2650625153088715,0.7228196409670254,0.572230523872449,168736.95997419237,0.3805239200592041
1.6666666666666665,20000.0,20000.0,0.9997680800807648,7.991575804856814e-07,7.991575804850969e-07,0.9998840333162465,0.5239096394262819,1.2998642543949452,-1.299832755851956,0.7238160259573629,0.5737002319874588,168917.59471672575,0.2632479667663574
1.8333333333333333,20000.0,20000.0,0.9997680800807648,7.991575804856814e-07,7.991575804850969e-07,0.9998840333162465,0.5252470527752796,1.3468695986690693,-1.3844642435882804,0.7247392998806534,0.5750166300531105,169132.06848971825,0.5787434577941895
2.0,20000.0,20000.0,0.9997680800807648,7.991575804856814e-07,7.991575804850969e-07,0.9998840333162465,0.5264857509716296,1.4036595352866554,-1.5710441476206503,0.7255933785557781,0.5762470116681596,169378.49918703205,1.460709810256958
60.166666666666664,21000.0,21000.0,0.9876029824810136,-1.5004898226071813e-05,-1.5004898226056718e-05,0.9937821604763358,0.49911273769219333,1.004206546707959,-1.0043063752620753,0.7064791137087881,0.5479005737196635,168402.8248265922,0.19754290580749512
60.333333333333336,21000.0,21000.0,0.9876029824810136,-1.5004898226071813e-05,-1.5004898226056718e-05,0.9937821604763358,0.5016856904691458,1.025921124948632,-1.0284794010687521,0.7082977417300964,0.5506324089975954,168442.52781393426,0.6201932430267334
60.5,21000.0,21000.0,0.9876029824810136,-1.5004898226071813e-05,-1.5004898226056718e-05,0.9937821604763358,0.5041553785906356,1.0496494851978693,-1.119199637657395,0.7100389983002793,0.5531901636419535,168492.19420030565,0.19032716751098633
60.666666666666664,21000.0,21000.0,0.9876029824810136,-1.5004898226071813e-05,-1.5004898226056718e-05,0.9937821604763358,0.5064669561802037,1.070852228500913,-1.1638266809748408,0.7116649188503583,0.5554730851244107,168549.38236948784,0.500713586807251
60.833333333333336,21000.0,21000.0,0.9876029824810136,-1.5004898226071813e-05,-1.5004898226056718e-05,0.9937821604763358,0.5086492445051912,1.092035458903973,-1.1891823829614219,0.7131964982274767,0.5577703342299504,168621.5141513033,0.3445417881011963
61.0,21000.0,21000.0,0.9876029824810136,-1.5004898226071813e-05,-1.5004898226056718e-05,0.9937821604763358,0.5107298181675521,1.1281401534394644,-1.2244322313990617,0.7146536355274173,0.5598482085880848,168714.09855542105,0.4981989860534668
61.166666666666664,21000.0,21000.0,0.9876029824810136,-1.5004898226071813e-05,-1.5004898226056718e-05,0.9937821604763358,0.5127166337169143,1.1802719774168473,-1.2556410200453032,0.7160423411712833,0.5618731799757515,168829.9471347709,0.5921487808227539
61.333333333333336,21000.0,21000.0,0.9876029824810136,-1.5004898226071813e-05,-1.5004898226056718e-05,0.9937821604763358,0.5145210755720551,1.224993656430991,-1.2553817566052918,0.7173012451147217,0.5637219750679895,168960.62221262138,0.6361649036407471
61.5,21000.0,21000.0,0.9876029824810136,-1.5004898226071813e-05,-1.5004898226056718e-05,0.9937821604763358,0.5160971673150022,1.257055041048152,-1.2570550283694997,0.7183990311707924,0.5652605823668416,169100.66458398878,0.5790984630584717
61.666666666666664,21000.0,21000.0,0.9876029824810136,-1.5004898226071813e-05,-1.5004898226056718e-05,0.9937821604763358,0.5175078197740342,1.2923137569072618,-1.2923137564391378,0.7193801640588736,0.5666955547169172,169257.6005115608,0.6453678607940674
61.833333333333336,21000.0,21000.0,0.9876029824810136,-1.5004898226071813e-05,-1.5004898226056718e-05,0.9937821604763358,0.5188166800767837,1.3363407333623623,-1.3363405388190224,0.7202893035166651,0.5679779689493584,169438.5794409437,0.599062442779541
62.0,21000.0,21000.0,0.9876029824810136,-1.5004898226071813e-05,-1.5004898226056718e-05,0.9937821604763358,0.520028838374189,1.3964528506852476,-1.396451923330342,0.7211302511039299,0.5691731240559106,169642.3848326174,0.6002616882324219
120.16666666666667,21000.0,21000.0,0.9850191402502773,8.624572207408017e-06,8.62457220742254e-06,0.9924813047359015,0.49779839548769095,1.0022129869541856,-1.0022562433111681,0.7055482943715247,0.5464581462092251,168276.8843214287,0.3895456790924072
120.33333333333333,21000.0,21000.0,0.9850191402502773,8.624572207408017e-06,8.62457220742254e-06,0.9924813047359015,0.5003613082336656,1.024665187992415,-1.0247295759813326,0.7073622186723804,0.5491785354230567,168263.92940834365,0.5635900497436523
120.5,21000.0,21000.0,0.9850191402502773,8.624572207408017e-06,8.62457220742254e-06,0.9924813047359015,0.5028220997817661,1.0505582757905918,-1.0505721148900633,0.7090994993074973,0.5517254762194876,168263.65495265863,0.6100959777832031
120.66666666666667,21000.0,21000.0,0.9850191402502773,8.624572207408017e-06,8.62457220742254e-06,0.9924813047359015,0.5051269137928468,1.0690345332155642,-1.0690345332155609,0.7107228108698409,0.5539998898459734,168276.52489786467,0.5663034915924072
120.83333333333333,21000.0,21000.0,0.9850191402502773,8.624572207408017e-06,8.62457220742254e-06,0.9924813047359015,0.5073040715530247,1.0890269637839327,-1.0890792694330873,0.7122528144015663,0.5562900197877654,168310.79114789068,0.5961182117462158
121.0,21000.0,21000.0,0.9850191402502773,8.624572207408017e-06,8.62457220742254e-06,0.9924813047359015,0.5093818756275638,1.1290379646673787,-1.129031794472426,0.7137099380506334,0.5583636926254109,168373.13995450462,0.37451672554016113
121.16666666666667,21000.0,21000.0,0.9850191402502773,8.624572207408017e-06,8.62457220742254e-06,0.9924813047359015,0.5113684107757881,1.1787416497578667,-1.1787416497578593,0.7151002802416905,0.560387520662218,168468.2329392974,0.47182369232177734
121.33333333333333,21000.0,21000.0,0.9850191402502773,8.624572207408017e-06,8.62457220742254e-06,0.9924813047359015,0.5131752110222065,1.2205318958383864,-1.2204092092544612,0.7163624857821448,0.5622385300201244,168589.8500285063,0.21064138412475586
121.5,21000.0,21000.0,0.9850191402502773,8.624572207408017e-06,8.62457220742254e-06,0.9924813047359015,0.5147579239704111,1.257279061924364,-1.2572790619244265,0.7174663225361629,0.5637851085588844,168734.85192398005,0.23775434494018555
121.66666666666667,21000.0,21000.0,0.9850191402502773,8.624572207408017e-06,8.62457220742254e-06,0.9924813047359015,0.5161776199376792,1.2882758907070184,-1.288307938832773,0.7184550229051896,0.5652321295596312,168909.54017071647,0.8289515972137451
121.83333333333333,21000.0,21000.0,0.9850191402502773,8.624572207408017e-06,8.62457220742254e-06,0.9924813047359015,0.5174953709727386,1.337533134467741,-1.3375331344677155,0.7193715110950988,0.5665285847204875,169118.54471242995,0.3821251392364502
122.0,21000.0,21000.0,0.9850191402502773,8.624572207408017e-06,8.62457220742254e-06,0.9924813047359015,0.5187163918238719,1.4619958576510326,-1.3931287777601555,0.7202196830372849,0.567740627102771,169360.14061419922,0.1797502040863037
180.16666666666666,22000.0,22000.0,0.9792618404861821,-7.064382753989921e-06,-7.064382753975142e-06,0.9895765965735963,0.49489523142314545,1.0010571054326498,-1.0010571054326503,0.703487904503476,0.5432708929213171,168371.43262798665,0.3398628234863281
180.33333333333334,22000.0,22000.0,0.9792618404861821,-7.064382753989921e-06,-7.064382753975142e-06,0.9895765965735963,0.49744657533634884,1.0231578905639076,-1.0231578905639072,0.7052989265215728,0.5459797229043903,168411.76380754312,0.22525382041931152
180.5,22000.0,22000.0,0.9792618404861821,-7.064382753989921e-06,-7.064382753975142e-06,0.9895765965735963,0.49989573217220395,1.1011861234951472,-1.0475204304177337,0.7070330491829224,0.5485160177750297,168463.1513348207,0.20508098602294922
180.66666666666666,22000.0,22000.0,0.9792618404861821,-7.064382753989921e-06,-7.064382753975142e-06,0.9895765965735963,0.5021883572910103,1.1601120341771343,-1.0632123979345334,0.7086524943772242,0.5507802319299306,168523.21524343127,0.19749855995178223
180.83333333333334,22000.0,22000.0,0.9792618404861821,-7.064382753989921e-06,-7.064382753975142e-06,0.9895765965735963,0.5043528321638666,1.198440246883267,-1.0881207897284408,0.7101780288782434,0.5530587175216383,168599.07817694906,0.17891573905944824
181.0,22000.0,22000.0,0.9792618404861821,-7.064382753989921e-06,-7.064382753975142e-06,0.9895765965735963,0.5064165760222052,1.2496590617522392,-1.125682357647641,0.7116295220072714,0.5551199038926964,168696.1236729672,0.5352568626403809
181.16666666666666,22000.0,22000.0,0.9792618404861821,-7.064382753989921e-06,-7.064382753975142e-06,0.9895765965735963,0.5083874374842815,1.2999215759657563,-1.1727939305049535,0.7130129298187795,0.5571289061513612,168817.13847305544,0.23181581497192383
181.33333333333334,22000.0,22000.0,0.9792618404861821,-7.064382753989921e-06,-7.064382753975142e-06,0.9895765965735963,0.5101774385536413,1.3185162806482886,-1.2198991830879535,0.7142670643404473,0.5589632227913939,168953.51121275633,0.670403242111206
181.5,22000.0,22000.0,0.9792618404861821,-7.064382753989921e-06,-7.064382753975142e-06,0.9895765965735963,0.5117410377308121,1.300740922906103,-1.2527835392926603,0.7153607749861888,0.5604901503860031,169099.64433974226,0.20753955841064453
181.66666666666666,22000.0,22000.0,0.9792618404861821,-7.064382753989921e-06,-7.064382753975142e-06,0.9895765965735963,0.5131403275753361,1.2855068436110122,-1.2855068524536293,0.7163381381984778,0.561914137023473,169262.67853331938,0.2764599323272705
181.83333333333334,22000.0,22000.0,0.9792618404861821,-7.064382753989921e-06,-7.064382753975142e-06,0.9895765965735963,0.5144381707859821,1.3337008642222108,-1.333701089721034,0.7172434534184107,0.563186387857717,169449.36694061453,0.4572446346282959
182.0,22000.0,22000.0,0.9792618404861821,-7.064382753989921e-06,-7.064382753975142e-06,0.9895765965735963,0.5156396007354082,1.3877390186049674,-1.3877390186049614,0.7180804978749034,0.5643718060175258,169658.33136860203,0.18802738189697266
240.16666666666666,22000.0,22000.0,0.9674264775153415,1.6139003342271148e-05,1.613900334228697e-05,0.9835784043559219,0.48890971073415984,0.9946706514457668,-0.9946288228320335,0.6992207884392718,0.5367005086636039,168309.08537671287,0.21335291862487793
240.33333333333334,22000.0,22000.0,0.9674264775153415,1.6139003342271148e-05,1.613900334228697e-05,0.9835784043559219,0.49142675765951666,1.0163271204620177,-1.0162647143091037,0.7010183719989521,0.5393722812191477,168295.95807337092,0.41649603843688965
240.5,22000.0,22000.0,0.9674264775153415,1.6139003342271148e-05,1.613900334228697e-05,0.9835784043559219,0.4938432987605957,1.038994969846678,-1.0389818699820517,0.7027398515413147,0.5418736279831692,168294.40420995417,0.19849681854248047
240.66666666666666,22000.0,22000.0,0.9674264775153415,1.6139003342271148e-05,1.613900334228697e-05,0.9835784043559219,0.496106395246504,1.0595329402697975,-1.059392335961355,0.7043482060649804,0.5441068792584214,168304.80163319298,0.4081850051879883
240.83333333333334,22000.0,22000.0,0.9674264775153415,1.6139003342271148e-05,1.613900334228697e-05,0.9835784043559219,0.4982440584874872,1.0815336360944283,-1.0814826014966805,0.7058640510721688,0.5463554906891744,168335.6918756713,0.20385527610778809
241.0,22000.0,22000.0,0.9674264775153415,1.6139003342271148e-05,1.613900334228697e-05,0.9835784043559219,0.5002840029138501,1.1164225254093458,-1.116428076664281,0.7073075731190824,0.5483912731663972,168393.87548884662,0.20974493026733398
241.16666666666666,22000.0,22000.0,0.9674264775153415,1.6139003342271148e-05,1.613900334228697e-05,0.9835784043559219,0.5022342075338085,1.1675267707667094,-1.167466541410873,0.7086848436274177,0.5503778101113845,168484.02297268267,0.5147311687469482
241.33333333333334,22000.0,22000.0,0.9674264775153415,1.6139003342271148e-05,1.613900334228697e-05,0.9835784043559219,0.5040078956574044,1.2129560857185866,-1.2130687314921873,0.709935134849372,0.5521945879803801,168600.0677033011,0.46709179878234863
241.5,22000.0,22000.0,0.9674264775153415,1.6139003342271148e-05,1.613900334228697e-05,0.9835784043559219,0.5055614487579978,1.2427862898048536,-1.2427507764981176,0.7110284444204389,0.5537121554458115,168738.98783357756,0.9203364849090576
241.66666666666666,22000.0,22000.0,0.9674264775153415,1.6139003342271148e-05,1.613900334228697e-05,0.9835784043559219,0.5069551415337259,1.2792097442081092,-1.2799414345166398,0.7120078240712799,0.5551320891154476,168907.47805117702,0.48821163177490234
241.83333333333334,22000.0,22000.0,0.9674264775153415,1.6139003342271148e-05,1.613900334228697e-05,0.9835784043559219,0.5082492172967153,1.3228647763157886,-1.3228647763158232,0.7129159959612461,0.5564045893101724,169110.58293341633,0.376373291015625
242.0,22000.0,22000.0,0.9674264775153415,1.6139003342271148e-05,1.613900334228697e-05,0.9835784043559219,0.5094488100056528,1.3819082411509722,-1.381908241145654,0.713756828343008,0.5575944665328926,169346.7420714155,0.6870918273925781
300.1666666666667,23000.0,23000.0,0.9679078296828884,7.112957935906125e-07,7.112957936012022e-07,0.9838230682815322,0.4891550458762251,0.9923888465743498,-0.9923888465743498,0.6993962011467217,0.5369696947767411,168338.69927239785,0.6942958831787109
300.3333333333333,23000.0,23000.0,0.9679078296828884,7.112957935906125e-07,7.112957936012022e-07,0.9838230682815322,0.49167687041043207,1.0145348063824062,-1.0146831124605145,0.7011967418406378,0.5396471103285709,168378.74639901688,0.7097444534301758
300.5,23000.0,23000.0,0.9679078296828884,7.112957935906125e-07,7.112957936012022e-07,0.9838230682815322,0.4940979051242601,1.0407612234926389,-1.0722271876531846,0.7029209810010069,0.5421540666640792,168430.9611639169,0.6843662261962891
300.6666666666667,23000.0,23000.0,0.9679078296828884,7.112957935906125e-07,7.112957936012022e-07,0.9838230682815322,0.4963644862395787,1.0601435047849965,-1.1447133072397415,0.7045313951007066,0.5443925388030261,168493.0731122296,0.8320353031158447
300.8333333333333,23000.0,23000.0,0.9679078296828884,7.112957935906125e-07,7.112957936012022e-07,0.9838230682815322,0.4985044699219995,1.079394438576638,-1.1954967750295178,0.7060484901264272,0.5466452031937825,168571.9274369253,0.9593505859375
301.0,23000.0,23000.0,0.9679078296828884,7.112957935906125e-07,7.112957936012022e-07,0.9838230682815322,0.5005450455354831,1.1185363688490721,-1.2620070305339925,0.7074920819775434,0.5486833415381807,168672.80543262817,0.6715905666351318
301.1666666666667,23000.0,23000.0,0.9679078296828884,7.112957935906125e-07,7.112957936012022e-07,0.9838230682815322,0.5024939339600993,1.168751864196487,-1.33062449298021,0.708868065668774,0.5506702116661767,168798.50112778076,1.3957078456878662
301.3333333333333,23000.0,23000.0,0.9679078296828884,7.112957935906125e-07,7.112957936012022e-07,0.9838230682815322,0.5042640691189167,1.21111544867426,-1.3676963491310172,0.7101155326645372,0.5524844726242373,168940.27163528424,0.9230196475982666
301.5,23000.0,23000.0,0.9679078296828884,7.112957935906125e-07,7.112957936012022e-07,0.9838230682815322,0.5058105075807707,1.2458937805679624,-1.3666042560116696,0.711203563132171,0.5539951636076769,169092.4240609603,0.40833187103271484
301.6666666666667,23000.0,23000.0,0.9679078296828884,7.112957935906125e-07,7.112957936012022e-07,0.9838230682815322,0.5071943175912523,1.278287854016837,-1.3465595073921204,0.712175763583238,0.5554039962254781,169261.70254230185,0.8990263938903809
301.8333333333333,23000.0,23000.0,0.9679078296828884,7.112957935906125e-07,7.112957936012022e-07,0.9838230682815322,0.5084773549348338,1.3250459054694124,-1.3260669470082098,0.713075981651639,0.5566624299956066,169454.43124851485,1.9328713417053223
302.0,23000.0,23000.0,0.9679078296828884,7.112957935906125e-07,7.112957936012022e-07,0.9838230682815322,0.5096645836520677,1.3818785475528808,-1.3818785475528808,0.7139079662958691,0.5578347825755573,169669.06586193017,0.9352786540985107
360.1666666666667,24000.0,24000.0,0.9561126513266922,-1.451442219379346e-05,-1.4514422193791683e-05,0.9778101305093398,0.4831941608103051,0.9887098386698117,-0.9887098386698095,0.6951216879883393,0.5304261786524722,168342.07209266175,0.19072580337524414
360.3333333333333,24000.0,24000.0,0.9561126513266922,-1.451442219379346e-05,-1.4514422193791683e-05,0.9778101305093398,0.4856817399062725,1.0106655525741879,-1.0106655525741866,0.6969087029005681,0.5330667487991476,168329.68375469628,0.333984375
360.5,24000.0,24000.0,0.9561126513266922,-1.451442219379346e-05,-1.4514422193791683e-05,0.9778101305093398,0.48806977673052443,1.035315501740935,-1.0353308656780573,0.6986199087955415,0.535538812152222,168327.76254539206,0.1921696662902832
360.6666666666667,24000.0,24000.0,0.9561126513266922,-1.451442219379346e-05,-1.4514422193791683e-05,0.9778101305093398,0.4903058955544966,1.0518963607495595,-1.052032307493439,0.7002184628689916,0.5377454766694677,168336.55400397797,0.4898955821990967
360.8333333333333,24000.0,24000.0,0.9561126513266922,-1.451442219379346e-05,-1.4514422193791683e-05,0.9778101305093398,0.4924179725803664,1.074562179569613,-1.0745621795696099,0.701724997939916,0.5399672265514015,168364.8626239115,0.4585764408111572
361.0,24000.0,24000.0,0.9561126513266922,-1.451442219379346e-05,-1.4514422193791683e-05,0.9778101305093398,0.4944333066047438,1.112599973585564,-1.1127989600976982,0.7031595172668521,0.5419783724155156,168419.57814868065,0.5343852043151855
361.1666666666667,24000.0,24000.0,0.9561126513266922,-1.451442219379346e-05,-1.4514422193791683e-05,0.9778101305093398,0.4963598174005167,1.1601367593555516,-1.160195343207725,0.7045280814061294,0.5439405247317849,168505.34779312622,0.20839357376098633
361.3333333333333,24000.0,24000.0,0.9561126513266922,-1.451442219379346e-05,-1.4514422193791683e-05,0.9778101305093398,0.4981118478521397,1.2045010626288242,-1.2048342174136013,0.7057703932018395,0.5457348294752428,168616.2137358542,0.24075031280517578
361.5,24000.0,24000.0,0.9561126513266922,-1.451442219379346e-05,-1.4514422193791683e-05,0.9778101305093398,0.4996462093536731,1.2385998746921392,-1.2386305907519066,0.7068565691812236,0.5472331355098677,168749.2267196081,0.21848392486572266
361.6666666666667,24000.0,24000.0,0.9561126513266922,-1.451442219379346e-05,-1.4514422193791683e-05,0.9778101305093398,0.50102277882597,1.268878088572666,-1.2693369475813463,0.7078296255785724,0.5486350238992489,168911.47881972571,0.16992974281311035
361.8333333333333,24000.0,24000.0,0.9561126513266922,-1.451442219379346e-05,-1.4514422193791683e-05,0.9778101305093398,0.5023013830765007,1.3192401770529305,-1.3182329621869735,0.7087322365229668,0.5498915957906786,169108.45484499502,0.2050943374633789
362.0,24000.0,24000.0,0.9561126513266922,-1.451442219379346e-05,-1.4514422193791683e-05,0.9778101305093398,0.5034871054066021,1.3701255561873307,-1.370125556191676,0.7095682528194583,0.5510667343007442,169338.76065836247,0.32982802391052246
420.1666666666667,24000.0,24000.0,0.9536647414131842,8.253031935728168e-06,8.253031935741422e-06,0.9765575975912452,0.4819548368627918,0.9879252245992843,-0.9879240998946116,0.6942296717281883,0.5290657558100531,168305.74136139886,0.33926892280578613
420.3333333333333,24000.0,24000.0,0.9536647414131842,8.253031935728168e-06,8.253031935741422e-06,0.9765575975912452,0.4844395534236328,1.0096943482466445,-1.0095415533455132,0.6960169205709019,0.5317036931053613,168344.60185680568,0.44190096855163574
420.5,24000.0,24000.0,0.9536647414131842,8.253031935728168e-06,8.253031935741422e-06,0.9765575975912452,0.48682517478175846,1.0339003728461336,-1.0326929367739086,0.6977285827083728,0.5341737523868072,168396.72172009526,0.5555641651153564
420.6666666666667,24000.0,24000.0,0.9536647414131842,8.253031935728168e-06,8.253031935741422e-06,0.9765575975912452,0.4890588881457975,1.1179589328834048,-1.0510142674208196,0.6993274544381486,0.5363797142551504,168459.984141985,0.6156671047210693
420.8333333333333,24000.0,24000.0,0.9536647414131842,8.253031935728168e-06,8.253031935741422e-06,0.9765575975912452,0.4911679509074051,1.180521029243911,-1.0740540705630157,0.700833754423402,0.5385997635330287,168540.9880635454,0.6675968170166016
421.0,24000.0,24000.0,0.9536647414131842,8.253031935728168e-06,8.253031935741422e-06,0.9765575975912452,0.493179247372898,1.2614499913772759,-1.1096981041020177,0.7022672196863022,0.5406087181083424,168644.93925639804,0.6151347160339355
421.1666666666667,24000.0,24000.0,0.9536647414131842,8.253031935728168e-06,8.253031935741422e-06,0.9765575975912452,0.4951003533144834,1.347488087555602,-1.158037256788677,0.7036336787211496,0.5425674960621372,168774.67088283942,0.9888119697570801
421.3333333333333,24000.0,24000.0,0.9536647414131842,8.253031935728168e-06,8.253031935741422e-06,0.9765575975912452,0.4968453823547045,1.4024196907253785,-1.2044283584125741,0.7048726004898674,0.5443563011077777,168921.35517633942,0.7661290168762207
421.5,24000.0,24000.0,0.9536647414131842,8.253031935728168e-06,8.253031935741422e-06,0.9765575975912452,0.49837014269277347,1.4178024019460664,-1.2345388018618597,0.7059533577266167,0.5458463230836307,169079.25015433176,0.8714847564697266
421.6666666666667,24000.0,24000.0,0.9536647414131842,8.253031935728168e-06,8.253031935741422e-06,0.9765575975912452,0.49973449378809304,1.4133952643815981,-1.2698143781137692,0.7069190154478276,0.5472359472164264,169254.70595980235,0.8044381141662598
421.8333333333333,24000.0,24000.0,0.9536647414131842,8.253031935728168e-06,8.253031935741422e-06,0.9765575975912452,0.5009990830367903,1.409652262775606,-1.3148436064511744,0.7078128874817688,0.548477021600603,169453.59972346315,0.9611203670501709
422.0,24000.0,24000.0,0.9536647414131842,8.253031935728168e-06,8.253031935741422e-06,0.9765575975912452,0.502168793605145,1.4047743692526298,-1.3713778522262157,0.7086386909249525,0.5496330894238046,169674.22219962394,0.8036892414093018
480.1666666666667,25000.0,25000.0,0.9480443535020948,-6.863519392339642e-06,-6.863519392309574e-06,0.9736756921594042,0.47911875264799964,0.9833822861188167,-0.9833822861188178,0.6921840456113402,0.5259523153164829,168374.71919780114,0.6929643154144287
480.3333333333333,25000.0,25000.0,0.9480443535020948,-6.863519392339642e-06,-6.863519392309574e-06,0.9736756921594042,0.4815853682191946,1.0045806468129304,-1.0045806468129317,0.6939635210469909,0.528570716413616,168363.95594895375,0.62198805809021
480.5,25000.0,25000.0,0.9480443535020948,-6.863519392339642e-06,-6.863519392309574e-06,0.9736756921594042,0.4839530729384755,1.0290537343854955,-1.0290537346828994,0.6956673581725531,0.5310219619546993,168362.59196671925,0.20276212692260742
480.6666666666667,25000.0,25000.0,0.9480443535020948,-6.863519392339642e-06,-6.863519392309574e-06,0.9736756921594042,0.48616986726003436,1.0492858370557043,-1.0492858429452498,0.6972588238948625,0.5332096201719445,168370.69879381132,0.22519683837890625
480.8333333333333,25000.0,25000.0,0.9480443535020948,-6.863519392339642e-06,-6.863519392309574e-06,0.9736756921594042,0.48826357524560904,1.069460955372164,-1.0694609553721657,0.6987585959747743,0.5354121249147108,168397.3082472012,1.1048636436462402
481.0,25000.0,25000.0,0.9480443535020948,-6.863519392339642e-06,-6.863519392309574e-06,0.9736756921594042,0.49026116791632646,1.1059870976531723,-1.1059870976532857,0.7001865237784604,0.537405521199563,168449.37111585602,0.25030946731567383
481.1666666666667,25000.0,25000.0,0.9480443535020948,-6.863519392339642e-06,-6.863519392309574e-06,0.9736756921594042,0.4921705267694461,1.1565975230153656,-1.156597523015365,0.7015486632456591,0.5393499910798613,168531.47995905048,0.19442081451416016
481.3333333333333,25000.0,25000.0,0.9480443535020948,-6.863519392339642e-06,-6.863519392309574e-06,0.9736756921594042,0.4939068146173999,1.2000908911004529,-1.1997726812147291,0.7027850416207286,0.5411279123931793,168637.7373919494,0.2037825584411621
481.5,25000.0,25000.0,0.9480443535020948,-6.863519392339642e-06,-6.863519392309574e-06,0.9736756921594042,0.4954271081043268,1.2322730389599912,-1.2322150168301584,0.7038658310918364,0.5426119848454434,168765.21940646658,0.7695627212524414
481.6666666666667,25000.0,25000.0,0.9480443535020948,-6.863519392339642e-06,-6.863519392309574e-06,0.9736756921594042,0.49679108834358315,1.2663546142102704,-1.2659146067897862,0.7048340857180918,0.5440004555050645,168921.4061331132,0.1956944465637207
481.8333333333333,25000.0,25000.0,0.9480443535020948,-6.863519392339642e-06,-6.863519392309574e-06,0.9736756921594042,0.4980583819609693,1.310299537355832,-1.3101266554080715,0.7057325144782359,0.5452451672353954,169112.23317505454,0.18442821502685547
482.0,25000.0,25000.0,0.9480443535020948,-6.863519392339642e-06,-6.863519392309574e-06,0.9736756921594042,0.4992340355524708,1.368644282436181,-1.3681224315269216,0.7065649549535783,0.5464092915949993,169336.46873908857,0.3632383346557617
540.1666666666666,25000.0,25000.0,0.9366808800382054,1.5496518384933017e-05,1.5496518384959956e-05,0.9678227523871328,0.4733696442334941,0.9778415107735033,-0.977841867421744,0.6880186366834277,0.5196414472469589,168273.68318594067,0.18255853652954102
540.3333333333334,25000.0,25000.0,0.9366808800382054,1.5496518384933017e-05,1.5496518384959956e-05,0.9678227523871328,0.4758100532230929,0.9996821570136941,-0.9996823963481088,0.6897898618139493,0.5222322592737854,168310.4949271602,0.20388484001159668
540.5,25000.0,25000.0,0.9366808800382054,1.5496518384933017e-05,1.5496518384959956e-05,0.9678227523871328,0.4781533345087151,1.024643302307804,-1.024643302307808,0.6914863229261224,0.5246582506645887,168361.60096422664,0.20451688766479492
540.6666666666666,25000.0,25000.0,0.9366808800382054,1.5496518384933017e-05,1.5496518384959956e-05,0.9678227523871328,0.4803476850922823,1.0421137127097895,-1.0803531754361686,0.6930711979423917,0.5268252620944492,168425.07703457956,0.44561290740966797
540.8333333333334,25000.0,25000.0,0.9366808800382054,1.5496518384933017e-05,1.5496518384959956e-05,0.9678227523871328,0.48241970217628144,1.0626139884901087,-1.1538707359126221,0.6945643976969835,0.5290062273636635,168507.31542933985,0.21705365180969238
541.0,25000.0,25000.0,0.9366808800382054,1.5496518384933017e-05,1.5496518384959956e-05,0.9678227523871328,0.48439588959619195,1.1011639952082233,-1.2481668784618032,0.6959855530191413,0.5309801418701392,168613.47569755223,0.1632678508758545
541.1666666666666,25000.0,25000.0,0.9366808800382054,1.5496518384933017e-05,1.5496518384959956e-05,0.9678227523871328,0.4862836629512113,1.1491531989718746,-1.3504736806641828,0.697340421466954,0.5329051235579981,168746.46064757794,0.7346606254577637
541.3333333333334,25000.0,25000.0,0.9366808800382054,1.5496518384933017e-05,1.5496518384959956e-05,0.9678227523871328,0.4879985740698697,1.1909124957475778,-1.422420001328564,0.698568947622342,0.5346632958434464,168897.40716687476,0.33597373962402344
541.5,25000.0,25000.0,0.9366808800382054,1.5496518384933017e-05,1.5496518384959956e-05,0.9678227523871328,0.48949732469112933,1.2260915240647998,-1.453854282255797,0.6996408544644145,0.5361283767069382,169060.57211039902,0.24368000030517578
541.6666666666666,25000.0,25000.0,0.9366808800382054,1.5496518384933017e-05,1.5496518384959956e-05,0.9678227523871328,0.49083840394397454,1.2554635142063226,-1.4648749277314879,0.7005986044207576,0.537494881027497,169241.92759315358,0.20145273208618164
541.8333333333334,25000.0,25000.0,0.9366808800382054,1.5496518384933017e-05,1.5496518384959956e-05,0.9678227523871328,0.49208107252706323,1.3045462899067881,-1.4776468679578068,0.7014849058522359,0.5387151868672577,169446.90087679046,0.34215331077575684
542.0,25000.0,25000.0,0.9366808800382054,1.5496518384933017e-05,1.5496518384959956e-05,0.9678227523871328,0.49323012214850426,1.3577785498149721,-1.4912510458735577,0.7023034406782195,0.539851876197958,169673.62460602715,0.21533918380737305
600.1666666666666,26000.0,26000.0,0.9370731783944091,6.293541061735513e-07,6.293541061969571e-07,0.9680254017299387,0.47357616816415604,0.9793540110164138,-0.9798266460405387,0.6881687064667393,0.5198678647136493,168405.913034811,0.36060404777526855
600.3333333333334,26000.0,26000.0,0.9370731783944091,6.293541061735513e-07,6.293541061969571e-07,0.9680254017299387,0.47601432488014517,1.0009101801721134,-1.0013428116044192,0.6899379140577099,0.5224561431825934,168397.60553956922,0.6006250381469727
600.5,26000.0,26000.0,0.9370731783944091,6.293541061735513e-07,6.293541061969571e-07,0.9680254017299387,0.4783545176998653,1.0244427264789984,-1.0244427262077862,0.6916317792293742,0.5248791356657173,168397.70432420785,0.767505407333374
600.6666666666666,26000.0,26000.0,0.9370731783944091,6.293541061735513e-07,6.293541061969571e-07,0.9680254017299387,0.48054527591321716,1.0406714278448277,-1.0415072943965125,0.6932137305360494,0.5270411892482664,168406.07118941846,0.5972328186035156
600.8333333333334,26000.0,26000.0,0.9370731783944091,6.293541061735513e-07,6.293541061969571e-07,0.9680254017299387,0.48261426878596014,1.06460071700476,-1.0646007170045046,0.6947044472582136,0.5292177940727119,168431.9218887669,0.3260970115661621
601.0,26000.0,26000.0,0.9370731783944091,6.293541061735513e-07,6.293541061969571e-07,0.9680254017299387,0.48458805563438495,1.1008656255241316,-1.1008656255239953,0.6961235923661372,0.5311874218319659,168482.23803223242,0.6757874488830566
601.1666666666666,26000.0,26000.0,0.9370731783944091,6.293541061735513e-07,6.293541061969571e-07,0.9680254017299387,0.4864744488382671,1.1464586028640213,-1.146457727225435,0.6974772032248682,0.5331083339633302,168561.52801916737,0.40888404846191406
601.3333333333334,26000.0,26000.0,0.9370731783944091,6.293541061735513e-07,6.293541061969571e-07,0.9680254017299387,0.4881896790009792,1.1936381681065555,-1.1936320527290893,0.6987057171341106,0.5348644690934259,168663.90447036334,0.7057254314422607
601.5,26000.0,26000.0,0.9370731783944091,6.293541061735513e-07,6.293541061969571e-07,0.9680254017299387,0.4896912053193268,1.2250104672512359,-1.2250745623716863,0.6997793976921407,0.5363297615081282,168786.42042407842,0.7663836479187012
601.6666666666666,26000.0,26000.0,0.9370731783944091,6.293541061735513e-07,6.293541061969571e-07,0.9680254017299387,0.49103831859391855,1.258134596573197,-1.2580336717971599,0.7007412637163134,0.537700489919376,168936.92147617147,0.8083388805389404
601.8333333333334,26000.0,26000.0,0.9370731783944091,6.293541061735513e-07,6.293541061969571e-07,0.9680254017299387,0.49229026516119695,1.3043255115339447,-1.304505112469163,0.7016339966265218,0.5389293818353259,169121.78918810684,0.9440650939941406
602.0,26000.0,26000.0,0.9370731783944091,6.293541061735513e-07,6.293541061969571e-07,0.9680254017299387,0.4934520360491808,1.358896262965447,-1.3582770289618502,0.7024614125268374,0.5400787087000533,169339.94463786477,0.5980126857757568
660.1666666666666,27000.0,27000.0,0.9256371812715736,-1.4039684313130113e-05,-1.4039684313110515e-05,0.9621004008270517,0.4677866104646382,0.9725790084293576,-0.9725786202424592,0.6839492748777732,0.5135127512884611,168243.61837264363,0.18835091590881348
660.3333333333334,27000.0,27000.0,0.9256371812715736,-1.4039684313130113e-05,-1.4039684313110515e-05,0.9621004008270517,0.4701981339592509,0.9936714401567529,-0.9936697696712599,0.6857099489895697,0.5160728100028159,168277.589103614,0.21465659141540527
660.5,27000.0,27000.0,0.9256371812715736,-1.4039684313130113e-05,-1.4039684313110515e-05,0.9621004008270517,0.4725138634642232,1.0155832313204118,-1.0155832313204138,0.6873964385214796,0.5184700520456387,168326.79694844907,0.5220353603363037
660.6666666666666,27000.0,27000.0,0.9256371812715736,-1.4039684313130113e-05,-1.4039684313110515e-05,0.9621004008270517,0.4746826817753076,1.037343985847647,-1.0365381724693497,0.688972192503309,0.5206117489602855,168389.54253159475,0.6706140041351318
660.8333333333334,27000.0,27000.0,0.9256371812715736,-1.4039684313130113e-05,-1.4039684313110515e-05,0.9621004008270517,0.4767307163083421,1.121249237008431,-1.0575761193503446,0.6904568897634454,0.5227673621555025,168472.05815255063,0.20081472396850586
661.0,27000.0,27000.0,0.9256371812715736,-1.4039684313130113e-05,-1.4039684313110515e-05,0.9621004008270517,0.4786842571560181,1.2281944503827216,-1.0914700959032286,0.691870116072089,0.5247186521008441,168579.48801968,0.20328593254089355
661.1666666666666,27000.0,27000.0,0.9256371812715736,-1.4039684313130113e-05,-1.4039684313110515e-05,0.9621004008270517,0.4805506139882576,1.3459647004401238,-1.1423640054280433,0.6932175808447418,0.5266219392472407,168714.83272683667,0.5138750076293945
661.3333333333334,27000.0,27000.0,0.9256371812715736,-1.4039684313130113e-05,-1.4039684313110515e-05,0.9621004008270517,0.48224625535834564,1.4342769308128316,-1.1862451869765058,0.6944395263912236,0.5283605553669946,168869.2445532975,0.3968627452850342
661.5,27000.0,27000.0,0.9256371812715736,-1.4039684313130113e-05,-1.4039684313110515e-05,0.9621004008270517,0.4837285128314743,1.4813517315762488,-1.2163372588398076,0.6955059405388765,0.5298099452910806,169037.0271576068,0.23198843002319336
661.6666666666666,27000.0,27000.0,0.9256371812715736,-1.4039684313130113e-05,-1.4039684313110515e-05,0.9621004008270517,0.48505489581909866,1.507510964075233,-1.2512451477500484,0.6964588260235371,0.5311620228559525,169223.80347108195,0.8743038177490234
661.8333333333334,27000.0,27000.0,0.9256371812715736,-1.4039684313130113e-05,-1.4039684313110515e-05,0.9621004008270517,0.48628366003535195,1.5364828939056008,-1.2930800295833198,0.6973404194544156,0.5323694073617515,169434.5633800185,0.19678950309753418
662.0,27000.0,27000.0,0.9256371812715736,-1.4039684313130113e-05,-1.4039684313110515e-05,0.9621004008270517,0.48741953955984085,1.5682204778269728,-1.3518931732788895,0.6981543813250479,0.5334941070834287,169667.29362263455,0.24285435676574707
720.1666666666666,27000.0,27000.0,0.9233179952255675,7.897893803713431e-06,7.89789380372735e-06,0.9608943725642103,0.466626399576778,0.9697500529036165,-0.9697500529036158,0.6831005782543734,0.512238686655677,168434.5895472699,0.37288475036621094
720.3333333333334,27000.0,27000.0,0.9233179952255675,7.897893803713431e-06,7.89789380372735e-06,0.9608943725642103,0.4690289056903494,0.9915354455881887,-0.9915354455882287,0.6848568508153245,0.5147892072882508,168429.4846784953,0.23140621185302734
720.5,27000.0,27000.0,0.9233179952255675,7.897893803713431e-06,7.89789380372735e-06,0.9608943725642103,0.47133470613189027,1.017424975085612,-1.0168684884845276,0.6865382047053067,0.5171768114661955,168431.90184499684,0.23056340217590332
720.6666666666666,27000.0,27000.0,0.9233179952255675,7.897893803713431e-06,7.89789380372735e-06,0.9608943725642103,0.4734930085465532,1.0360029747475183,-1.0352593392884157,0.6881082828204851,0.5193069454286198,168441.46452138867,0.2901575565338135
720.8333333333334,27000.0,27000.0,0.9233179952255675,7.897893803713431e-06,7.89789380372735e-06,0.9608943725642103,0.4755312215884067,1.0548075589466357,-1.0536858019590245,0.6895877187809295,0.5214512864955441,168467.52274504563,0.600083589553833
721.0,27000.0,27000.0,0.9233179952255675,7.897893803713431e-06,7.89789380372735e-06,0.9608943725642103,0.4774754166842648,1.0939293973560003,-1.0928413910800934,0.6909959601540853,0.523391404162728,168517.0576758268,0.19629931449890137
721.1666666666666,27000.0,27000.0,0.9233179952255675,7.897893803713431e-06,7.89789380372735e-06,0.9608943725642103,0.4793333065152976,1.141412729526442,-1.1414134969868237,0.6923390114284038,0.5252831700963592,168594.46692404873,0.17319631576538086
721.3333333333334,27000.0,27000.0,0.9233179952255675,7.897893803713431e-06,7.89789380372735e-06,0.9608943725642103,0.48102242338115475,1.1821445774501305,-1.1821491896310399,0.6935578011863227,0.5270123903088237,168693.82234460636,0.1860189437866211
721.5,27000.0,27000.0,0.9233179952255675,7.897893803713431e-06,7.89789380372735e-06,0.9608943725642103,0.48250072638589037,1.2171197384444417,-1.2171246503989643,0.6946227224523599,0.5284546119928131,168812.1066040759,0.3007223606109619
721.6666666666666,27000.0,27000.0,0.9233179952255675,7.897893803713431e-06,7.89789380372735e-06,0.9608943725642103,0.48382691637921743,1.2479155547759637,-1.247998255304343,0.6955766790952449,0.5298035228122048,168957.49569160637,0.23798584938049316
721.8333333333334,27000.0,27000.0,0.9233179952255675,7.897893803713431e-06,7.89789380372735e-06,0.9608943725642103,0.48505967326552696,1.294633930519714,-1.294661391414361,0.6964622555203811,0.5310128577756998,169136.7970560395,0.2238616943359375
722.0,27000.0,27000.0,0.9233179952255675,7.897893803713431e-06,7.89789380372735e-06,0.9608943725642103,0.48620391426915877,1.3492394811916155,-1.3497392964461814,0.6972832382484336,0.5321438147387516,169349.06994829257,0.24734163284301758
780.1666666666666,28000.0,28000.0,0.917832436372169,-6.6675904551939664e-06,-6.6675904551770825e-06,0.9580357176912399,0.4638406617147592,0.968981493407663,-0.9689814934076623,0.6810584863379789,0.5091811569199183,168216.5725723357,0.9053609371185303
780.3333333333334,28000.0,28000.0,0.917832436372169,-6.6675904551939664e-06,-6.6675904551770825e-06,0.9580357176912399,0.4662316885809207,0.9904342906505722,-0.9904342906505712,0.6828116055809378,0.5117193695190584,168247.00693509306,0.679542064666748
780.5,28000.0,28000.0,0.917832436372169,-6.6675904551939664e-06,-6.6675904551770825e-06,0.9580357176912399,0.4685278980921903,1.0142935546663385,-1.0142935546663363,0.6844909774911417,0.5140961903082805,168293.4969488704,0.8396031856536865
780.6666666666666,28000.0,28000.0,0.917832436372169,-6.6675904551939664e-06,-6.6675904551770825e-06,0.9580357176912399,0.4706786824422596,1.0299933521770142,-1.0299933521770106,0.6860602616790089,0.5162199583255459,168354.59279943173,0.6352362632751465
780.8333333333334,28000.0,28000.0,0.917832436372169,-6.6675904551939664e-06,-6.6675904551770825e-06,0.9580357176912399,0.4727098155107194,1.0531906499688972,-1.0812798656466536,0.6875389558180467,0.5183576578176108,168436.41892083565,0.4085392951965332
781.0,28000.0,28000.0,0.917832436372169,-6.6675904551939664e-06,-6.6675904551770825e-06,0.9580357176912399,0.4746474618666714,1.0899918966624242,-1.2000139296490269,0.6889466323068777,0.5202930361975476,168544.1355905561,0.6323363780975342
781.1666666666666,28000.0,28000.0,0.917832436372169,-6.6675904551939664e-06,-6.6675904551770825e-06,0.9580357176912399,0.47649885823675886,1.1360635271697832,-1.332284822742719,0.6902889674500745,0.522181161650047,168680.86599710427,0.9242517948150635
781.3333333333334,28000.0,28000.0,0.917832436372169,-6.6675904551939664e-06,-6.6675904551770825e-06,0.9580357176912399,0.4781811131226423,1.1806456192410704,-1.4361927457371497,0.69150640887883,0.5239062054398814,168837.82802711584,0.5920684337615967
781.5,28000.0,28000.0,0.917832436372169,-6.6675904551939664e-06,-6.6675904551770825e-06,0.9580357176912399,0.47965204608646583,1.21320499807086,-1.4984275580276685,0.6925691637124003,0.5253448970197883,169009.4185152147,0.5657303333282471
781.6666666666666,28000.0,28000.0,0.917832436372169,-6.6675904551939664e-06,-6.6675904551770825e-06,0.9580357176912399,0.4809684142748395,1.2439523008932392,-1.5393931643665701,0.6935188640202093,0.5266872628311383,169200.9519527659,0.4639873504638672
781.8333333333334,28000.0,28000.0,0.917832436372169,-6.6675904551939664e-06,-6.6675904551770825e-06,0.9580357176912399,0.4821876856117148,1.291389919411249,-1.584202877317133,0.6943973546419033,0.5278860184163197,169417.00824316515,0.7030818462371826
782.0,28000.0,28000.0,0.917832436372169,-6.6675904551939664e-06,-6.6675904551770825e-06,0.9580357176912399,0.48331455645457966,1.342699677898643,-1.633673171414163,0.6952082831893509,0.5290028022126058,169655.44538626238,0.403003454208374
840.1666666666666,28000.0,28000.0,0.9069212005107022,1.4880372025741268e-05,1.4880372025754451e-05,0.9523241047619777,0.45834134190099046,0.9632493566283508,-0.9632493566283467,0.6770091154234331,0.5031437067598492,168459.77057085803,0.18333220481872559
840.3333333333334,28000.0,28000.0,0.9069212005107022,1.4880372025741268e-05,1.4880372025754451e-05,0.9523241047619777,0.4607013678872351,0.9842624818229562,-0.9842624818229109,0.6787498569742645,0.5056492150884435,168458.50593838186,0.1929471492767334
840.5,28000.0,28000.0,0.9069212005107022,1.4880372025741268e-05,1.4880372025754451e-05,0.9523241047619777,0.46296624973395684,1.0065387245527677,-1.0070281952742213,0.6804162330250867,0.5079946534120401,168464.01799183813,0.2108771800994873
840.6666666666666,28000.0,28000.0,0.9069212005107022,1.4880372025741268e-05,1.4880372025754451e-05,0.9523241047619777,0.4650860186369944,1.0253889211803116,-1.025388920742837,0.6819721541392527,0.510086884557812,168475.67142991713,0.2611684799194336
840.8333333333334,28000.0,28000.0,0.9069212005107022,1.4880372025741268e-05,1.4880372025754451e-05,0.9523241047619777,0.4670877157344264,1.0472975576537935,-1.0483165626464954,0.6834381582024999,0.5121929379382442,168502.8963514128,0.4073047637939453
841.0,28000.0,28000.0,0.9069212005107022,1.4880372025741268e-05,1.4880372025754451e-05,0.9523241047619777,0.4689968565517968,1.0815770047146924,-1.0825250068402168,0.6848334519180664,0.5140981244362726,168552.6422145811,0.18839001655578613
841.1666666666666,28000.0,28000.0,0.9069212005107022,1.4880372025741268e-05,1.4880372025754451e-05,0.9523241047619777,0.47082102434728507,1.1298961345025245,-1.1313609443488999,0.6861639925177855,0.5159554836901951,168629.17299732016,0.3473372459411621
841.3333333333334,28000.0,28000.0,0.9069212005107022,1.4880372025741268e-05,1.4880372025754451e-05,0.9523241047619777,0.4724792718144012,1.1745238219045888,-1.1754139024863257,0.687371276728538,0.5176529726090323,168726.4704124496,0.3602406978607178
841.5,28000.0,28000.0,0.9069212005107022,1.4880372025741268e-05,1.4880372025754451e-05,0.9523241047619777,0.47393017465230336,1.2031072815735064,-1.2045951054021704,0.6884258673690552,0.5190681206109926,168841.4017415534,0.1711134910583496
841.6666666666666,28000.0,28000.0,0.9069212005107022,1.4880372025741268e-05,1.4880372025754451e-05,0.9523241047619777,0.4752316419805021,1.2384894282009848,-1.2392438195160005,0.6893704679983409,0.5203914205702127,168982.42701573615,0.33356595039367676
841.8333333333334,28000.0,28000.0,0.9069212005107022,1.4880372025741268e-05,1.4880372025754451e-05,0.9523241047619777,0.4764415974085432,1.2815840702952566,-1.2815506018620806,0.690247490072663,0.521577717819413,169156.74495227536,0.19900870323181152
842.0,28000.0,28000.0,0.9069212005107022,1.4880372025741268e-05,1.4880372025754451e-05,0.9523241047619777,0.47756486705109635,1.3377399268741155,-1.3381105938729771,0.6910606826932472,0.5226869790375733,169363.53355003224,0.24281692504882812
900.1666666666666,29000.0,29000.0,0.9072307077077026,5.529813096922701e-07,5.529813097261249e-07,0.9524865918781759,0.4584814887341298,0.961398910559198,-0.9613989105591982,0.6771126116059902,0.5032981848144109,168193.46846429707,0.4589095115661621
900.3333333333334,29000.0,29000.0,0.9072307077077026,5.529813096922701e-07,5.529813097261249e-07,0.9524865918781759,0.4608446902483355,0.9820588645218077,-0.982058864521808,0.678855426685362,0.5058067759597945,168219.7917269213,0.642432689666748
900.5,29000.0,29000.0,0.9072307077077026,5.529813096922701e-07,5.529813097261249e-07,0.9524865918781759,0.46311431307026923,1.0072608653484107,-1.0071953760309524,0.6805250276045235,0.5081558811298781,168262.8369619713,0.19445466995239258
900.6666666666666,29000.0,29000.0,0.9072307077077026,5.529813096922701e-07,5.529813097261249e-07,0.9524865918781759,0.465240412750422,1.0268863171750189,-1.0264555105774178,0.6820853413697435,0.5102551388262674,168321.420080506,0.20015764236450195
900.8333333333334,29000.0,29000.0,0.9072307077077026,5.529813096922701e-07,5.529813097261249e-07,0.9524865918781759,0.4672483596495545,1.0458470747004016,-1.0456228600500554,0.6835556742877156,0.5123683001767358,168401.61346875984,0.21167516708374023
901.0,29000.0,29000.0,0.9072307077077026,5.529813096922701e-07,5.529813097261249e-07,0.9524865918781759,0.46916410616662785,1.1600083180352323,-1.082477794903652,0.6849555506817097,0.5142817395497784,168508.6243388047,0.2725718021392822
901.1666666666666,29000.0,29000.0,0.9072307077077026,5.529813096922701e-07,5.529813097261249e-07,0.9524865918781759,0.47099480159052404,1.305300503266261,-1.131525813516001,0.6862906103671494,0.516148796375029,168645.71910809638,0.2415628433227539
901.3333333333334,29000.0,29000.0,0.9072307077077026,5.529813096922701e-07,5.529813097261249e-07,0.9524865918781759,0.4726584641799759,1.423599973650583,-1.173129819274122,0.6875016105556693,0.5178548774098647,168804.2292546179,0.5368914604187012
901.5,29000.0,29000.0,0.9072307077077026,5.529813096922701e-07,5.529813097261249e-07,0.9524865918781759,0.4741135329286446,1.5002154369407499,-1.2058705712245574,0.6885590267423123,0.5192783582494841,168978.68798821213,0.25124073028564453
901.6666666666666,29000.0,29000.0,0.9072307077077026,5.529813096922701e-07,5.529813097261249e-07,0.9524865918781759,0.47541587421026976,1.5554261708199137,-1.2380063641279233,0.6895040787632997,0.5206068487655994,169174.15262084687,0.18649816513061523
901.8333333333334,29000.0,29000.0,0.9072307077077026,5.529813096922701e-07,5.529813097261249e-07,0.9524865918781759,0.4766220160099374,1.6154633318374656,-1.2823051230944007,0.6903781691774795,0.5217933352549066,169394.83443335368,0.20189881324768066
902.0,29000.0,29000.0,0.9072307077077026,5.529813096922701e-07,5.529813097261249e-07,0.9524865918781759,0.47773660581310673,1.6819900463456492,-1.3381536756668133,0.6911849291772518,0.5228988805917852,169638.48423304025,0.2067549228668213
960.1666666666666,30000.0,30000.0,0.8961434306627184,-1.3580204102121159e-05,-1.3580204102091748e-05,0.9466485254109459,0.45289572709566234,0.9599614361388226,-0.9568786973941593,0.6729752800713037,0.4971657342955725,168480.5971919238,0.38010144233703613
960.3333333333334,30000.0,30000.0,0.8961434306627184,-1.3580204102121159e-05,-1.3580204102091748e-05,0.9466485254109459,0.4552279312257095,0.9793581398053444,-0.9781870267391093,0.6747058112346264,0.4996417854781569,168483.6794001374,0.3407890796661377
960.5,30000.0,30000.0,0.8961434306627184,-1.3580204102121159e-05,-1.3580204102091748e-05,0.9466485254109459,0.4574659936999873,1.0023175490706795,-1.0023175490727063,0.676362324622337,0.5019596331886277,168492.9572525128,0.5746803283691406
960.6666666666666,30000.0,30000.0,0.8961434306627184,-1.3580204102121159e-05,-1.3580204102091748e-05,0.9466485254109459,0.4595604620571033,1.0188693545847542,-1.0188693549004089,0.6779088895151625,0.5040270330268615,168507.5250508791,0.49584078788757324
960.8333333333334,30000.0,30000.0,0.8961434306627184,-1.3580204102121159e-05,-1.3580204102091748e-05,0.9466485254109459,0.46153814641407925,1.0399029404944788,-1.0399029404971343,0.6793659888551045,0.5061079600122818,168536.83601408545,0.7019014358520508
961.0,30000.0,30000.0,0.8961434306627184,-1.3580204102121159e-05,-1.3580204102091748e-05,0.9466485254109459,0.4634241737349384,1.0771542678721264,-1.0771542678726234,0.680752652655834,0.5079901584895926,168587.77773201518,0.37028956413269043
961.1666666666666,30000.0,30000.0,0.8961434306627184,-1.3580204102121159e-05,-1.3580204102091748e-05,0.9466485254109459,0.46522603727421746,1.1249442256144586,-1.1236143310545295,0.6820748035266135,0.5098247898289138,168664.46227297458,0.6521978378295898
961.3333333333334,30000.0,30000.0,0.8961434306627184,-1.3580204102121159e-05,-1.3580204102091748e-05,0.9466485254109459,0.4668637903221393,1.1655586335864065,-1.165558633591932,0.6832743158005271,0.511501222417686,168760.73491457323,0.34984731674194336
961.5,30000.0,30000.0,0.8961434306627184,-1.3580204102121159e-05,-1.3580204102091748e-05,0.9466485254109459,0.4682963692292211,1.201217556769817,-1.1992070596786912,0.6843218318102247,0.5128982290510072,168873.30648213023,0.3172328472137451
961.6666666666666,30000.0,30000.0,0.8961434306627184,-1.3580204102121159e-05,-1.3580204102091748e-05,0.9466485254109459,0.4695812098229872,1.2288382921400292,-1.2276697219494241,0.6852599580019522,0.5142042328136137,169010.86500699254,0.3264181613922119
961.8333333333334,30000.0,30000.0,0.8961434306627184,-1.3580204102121159e-05,-1.3580204102091748e-05,0.9466485254109459,0.47077580816714637,1.2788677490409024,-1.2761287214422554,0.6861310431394769,0.5153748721429854,169180.95249369295,0.31001734733581543
962.0,30000.0,30000.0,0.8961434306627184,-1.3580204102121159e-05,-1.3580204102091748e-05,0.9466485254109459,0.47188492619224404,1.3275145951731524,-1.3272929518315162,0.6869388083027589,0.5164692754155206,169382.84219916534,0.6319427490234375
1020.1666666666666,30000.0,30000.0,0.8939461479459755,7.558411777437888e-06,7.558411777469796e-06,0.9454872542482926,0.4517668327345883,0.9565612555970444,-0.956561271360605,0.6721360225190253,0.49592721812464235,168175.0942711029,0.18537235260009766
1020.3333333333334,30000.0,30000.0,0.8939461479459755,7.558411777437888e-06,7.558411777469796e-06,0.9454872542482926,0.45409518796455633,0.9775518218638011,-0.9775544495729563,0.6738658531342827,0.49839874266574724,168196.8719419963,0.19736051559448242
1020.5,30000.0,30000.0,0.8939461479459755,7.558411777437888e-06,7.558411777469796e-06,0.9454872542482926,0.45633144810983606,1.000241943599412,-1.0003091057724995,0.6755230922724548,0.50071314653542,168235.86294672338,0.20906758308410645
1020.6666666666666,30000.0,30000.0,0.8939461479459755,7.558411777437888e-06,7.558411777469796e-06,0.9454872542482926,0.45842647633916145,1.017072241068064,-1.0170722410680597,0.6770719876449248,0.5027815794655638,168291.15602084115,0.20428967475891113
1020.8333333333334,30000.0,30000.0,0.8939461479459755,7.558411777437888e-06,7.558411777469796e-06,0.9454872542482926,0.4604051963216855,1.0398929596178712,-1.040058796593354,0.6785316473618282,0.504863841202107,168368.8291078675,0.8590025901794434
1021.0,30000.0,30000.0,0.8939461479459755,7.558411777437888e-06,7.558411777469796e-06,0.9454872542482926,0.462293261230775,1.074842841850075,-1.1088309340976306,0.6799215112194322,0.5067495412464513,168474.16562150005,0.19513964653015137
1021.1666666666666,30000.0,30000.0,0.8939461479459755,7.558411777437888e-06,7.558411777469796e-06,0.9454872542482926,0.4640977192309508,1.1205526779414368,-1.2655089502830041,0.6812471794147444,0.5085898305025578,168610.5909643827,0.22416448593139648
1021.3333333333334,30000.0,30000.0,0.8939461479459755,7.558411777437888e-06,7.558411777469796e-06,0.9454872542482926,0.46573775931425376,1.1660287298781036,-1.3968187128473482,0.6824498220304287,0.5102717357771652,168769.59432426916,0.26373982429504395
1021.5,30000.0,30000.0,0.8939461479459755,7.558411777437888e-06,7.558411777469796e-06,0.9454872542482926,0.46717256026978216,1.1959023808553548,-1.4868539931701488,0.6835002272042249,0.5116756158558322,168945.88383978908,0.20076751708984375
1021.6666666666666,30000.0,30000.0,0.8939461479459755,7.558411777437888e-06,7.558411777469796e-06,0.9454872542482926,0.46845697525435076,1.229142836389737,-1.55556660866204,0.6844391686742431,0.5129861663879798,169144.31968017848,0.2304246425628662
1021.8333333333334,30000.0,30000.0,0.8939461479459755,7.558411777437888e-06,7.558411777469796e-06,0.9454872542482926,0.4696464584843243,1.273520053230513,-1.630026442874408,0.6853075651786432,0.5141568239414929,169368.79842696252,0.5883820056915283
1022.0,30000.0,30000.0,0.8939461479459755,7.558411777437888e-06,7.558411777469796e-06,0.9454872542482926,0.47074559766631596,1.3272753796915613,-1.712715415980467,0.6861090278640607,0.5152478724738673,169616.9888836322,0.1609034538269043
1080.1666666666667,31000.0,31000.0,0.8885932834051299,-6.476528450102625e-06,-6.476528450080501e-06,0.9426522600647228,0.449080968591743,0.9525080965771711,-0.9547372092386377,0.6701350379607715,0.49297804539959655,168496.35903671337,0.18395447731018066
1080.3333333333333,31000.0,31000.0,0.8885932834051299,-6.476528450102625e-06,-6.476528450080501e-06,0.9426522600647228,0.4513937799488669,0.973100204685665,-0.9738559438297774,0.6718584526993748,0.495433579949873,168504.14641174083,0.262357234954834
1080.5,31000.0,31000.0,0.8885932834051299,-6.476528450102625e-06,-6.476528450080501e-06,0.9426522600647228,0.45361314557529636,0.9956925843580112,-0.9991189529628361,0.6735080890953806,0.49773222004532874,168517.73250317553,0.4978759288787842
1080.6666666666667,31000.0,31000.0,0.8885932834051299,-6.476528450102625e-06,-6.476528450080501e-06,0.9426522600647228,0.45568995547959457,1.015767021699733,-1.0157670216889259,0.675048113799364,0.4997823384291084,168535.93881729522,0.3913276195526123
1080.8333333333333,31000.0,31000.0,0.8885932834051299,-6.476528450102625e-06,-6.476528450080501e-06,0.9426522600647228,0.45765085317569354,1.03582032920307,-1.0358203292003632,0.6764989679352714,0.5018457448638775,168568.18397440598,0.19882678985595703
1081.0,31000.0,31000.0,0.8885932834051299,-6.476528450102625e-06,-6.476528450080501e-06,0.9426522600647228,0.4595206786116886,1.0701472771319982,-1.0701472743524796,0.67787954610035,0.5037118770282991,168621.26564158016,0.574305534362793
1081.1666666666667,31000.0,31000.0,0.8885932834051299,-6.476528450102625e-06,-6.476528450080501e-06,0.9426522600647228,0.4613068547440257,1.1195648277502912,-1.119564776793604,0.6791957413923366,0.5055305693142086,168699.13089024488,0.19773292541503906
1081.3333333333333,31000.0,31000.0,0.8885932834051299,-6.476528450102625e-06,-6.476528450080501e-06,0.9426522600647228,0.46293012896422553,1.1619412478469138,-1.1619473983051254,0.6803896893164522,0.5071921575908748,168795.4469341469,0.6189451217651367
1081.5,31000.0,31000.0,0.8885932834051299,-6.476528450102625e-06,-6.476528450080501e-06,0.9426522600647228,0.4643496543618547,1.1924259215248534,-1.1924244236393478,0.6814320616747759,0.5085762459238571,168906.73241515033,0.19939208030700684
1081.6666666666667,31000.0,31000.0,0.8885932834051299,-6.476528450102625e-06,-6.476528450080501e-06,0.9426522600647228,0.4656225561127971,1.2258121509503783,-1.2270749491694366,0.6823654126517307,0.5098698082181707,169041.8395523423,0.5012907981872559
1081.8333333333333,31000.0,31000.0,0.8885932834051299,-6.476528450102625e-06,-6.476528450080501e-06,0.9426522600647228,0.46680607427657633,1.2676615741774548,-1.2683414543178009,0.6832320795471313,0.5110290737582913,169208.59393772972,0.34625720977783203
1082.0,31000.0,31000.0,0.8885932834051299,-6.476528450102625e-06,-6.476528450080501e-06,0.9426522600647228,0.4679049210582095,1.3246142378518293,-1.3270395115544948,0.6840357602275995,0.5121125692679561,169406.3373340067,0.6414613723754883
1140.1666666666667,31000.0,31000.0,0.8781154914859806,1.4289447921344163e-05,1.4289447921376764e-05,0.9370781672229807,0.4437658289928779,0.9463060529116984,-0.9463060529116982,0.6661575106579685,0.48714414855245974,168162.07685947078,1.0265555381774902
1140.3333333333333,31000.0,31000.0,0.8781154914859806,1.4289447921344163e-05,1.4289447921376764e-05,0.9370781672229807,0.4460526850804939,0.9675012532505678,-0.9675012532505675,0.6678717579811316,0.48957155504042726,168179.02951770512,0.7745730876922607
1140.5,31000.0,31000.0,0.8781154914859806,1.4289447921344163e-05,1.4289447921376764e-05,0.9370781672229807,0.4482491569929195,0.9919290106803773,-0.9919290106803758,0.6695141201213745,0.49184464082014523,168213.49513536814,0.8773608207702637
1140.6666666666667,31000.0,31000.0,0.8781154914859806,1.4289447921344163e-05,1.4289447921376764e-05,0.9370781672229807,0.4503070490918797,1.0093360745132767,-1.0093360745132762,0.6710492151594362,0.4938762592457768,168264.8330617517,0.7370967864990234
1140.8333333333333,31000.0,31000.0,0.8781154914859806,1.4289447921344163e-05,1.4289447921376764e-05,0.9370781672229807,0.4522508008881484,1.0282810964671592,-1.0282810964671563,0.6724959486808988,0.49592158137188674,168339.1842237105,0.7590434551239014
1141.0,31000.0,31000.0,0.8781154914859806,1.4289447921344163e-05,1.4289447921376764e-05,0.9370781672229807,0.45410568012818386,1.0660219203963799,-1.0660219203963779,0.6738736382036972,0.4977740241919203,168441.93490515635,0.9934871196746826
1141.1666666666667,31000.0,31000.0,0.8781154914859806,1.4289447921344163e-05,1.4289447921376764e-05,0.9370781672229807,0.4558786207659824,1.2136032525483316,-1.112923358833346,0.6751878412270337,0.4995821112339431,168576.67983429227,0.7130184173583984
1141.3333333333333,31000.0,31000.0,0.8781154914859806,1.4289447921344163e-05,1.4289447921376764e-05,0.9370781672229807,0.45749023163364017,1.3563890785329449,-1.1523430430086152,0.6763802420601244,0.5012348571750966,168735.10465808926,0.23879170417785645
1141.5,31000.0,31000.0,0.8781154914859806,1.4289447921344163e-05,1.4289447921376764e-05,0.9370781672229807,0.45890053983562756,1.4587194187275518,-1.1871011908222235,0.6774219808164447,0.5026149149171835,168912.1250373251,0.19448351860046387
1141.6666666666667,31000.0,31000.0,0.8781154914859806,1.4289447921344163e-05,1.4289447921376764e-05,0.9370781672229807,0.4601632779001979,1.5400227892569602,-1.216308799196514,0.6783533579192209,0.5039036012818068,169112.47077078358,0.1580808162689209
1141.8333333333333,31000.0,31000.0,0.8781154914859806,1.4289447921344163e-05,1.4289447921376764e-05,0.9370781672229807,0.46133271019087496,1.6279213355078277,-1.2628889496259448,0.6792147749680597,0.5050549841138015,169339.78839494422,0.26381850242614746
1142.0,31000.0,31000.0,0.8781154914859806,1.4289447921344163e-05,1.4289447921376764e-05,0.9370781672229807,0.46241335394752675,1.7256775050591828,-1.3152561574550363,0.6800098192933106,0.506128370292312,169591.69268389684,0.167771577835083
1200.1666666666667,32000.0,32000.0,0.8783481038576345,4.818461299654056e-07,4.818461299883027e-07,0.9372022747825757,0.4439038319432906,0.9480848098248256,-0.9480848098249287,0.666261084308186,0.4872948217435155,168506.51849356416,0.3651742935180664
1200.3333333333333,32000.0,32000.0,0.8783481038576345,4.818461299654056e-07,4.818461299883027e-07,0.9372022747825757,0.4461902556045119,0.9713428329477564,-0.9690115707097606,0.667974742139061,0.4897224024453418,168519.20886804804,0.27366042137145996
1200.5,32000.0,32000.0,0.8783481038576345,4.818461299654056e-07,4.818461299883027e-07,0.9372022747825757,0.44838424764235857,0.9944763083477498,-0.9920640444102669,0.6696149999570093,0.49199488625993615,168537.49867207854,0.22864389419555664
1200.6666666666667,32000.0,32000.0,0.8783481038576345,4.818461299654056e-07,4.818461299883027e-07,0.9372022747825757,0.45043719609249916,1.011001680536676,-1.006887189951634,0.6711461812350552,0.4940216011980974,168559.9435189117,0.6599318981170654
1200.8333333333333,32000.0,32000.0,0.8783481038576345,4.818461299654056e-07,4.818461299883027e-07,0.9372022747825757,0.452375463925565,1.0330713266929017,-1.030546286009042,0.6725886294032757,0.49606133605674146,168595.87090118445,0.1875314712524414
1201.0,32000.0,32000.0,0.8783481038576345,4.818461299654056e-07,4.818461299883027e-07,0.9372022747825757,0.45422354197787174,1.066086849682424,-1.0660868496827096,0.6739610837633835,0.4979058872558684,168651.96357636072,0.19931364059448242
1201.1666666666667,32000.0,32000.0,0.8783481038576345,4.818461299654056e-07,4.818461299883027e-07,0.9372022747825757,0.45598875358323493,1.1117508036773118,-1.1106700987477405,0.6752693936565398,0.49970331621622843,168731.9961671629,0.43638181686401367
1201.3333333333333,32000.0,32000.0,0.8783481038576345,4.818461299654056e-07,4.818461299883027e-07,0.9372022747825757,0.4575927619393634,1.1553590525693747,-1.1553591178662652,0.6764560313519498,0.5013452135940497,168829.42228022887,0.20535802841186523
1201.5,32000.0,32000.0,0.8783481038576345,4.818461299654056e-07,4.818461299883027e-07,0.9372022747825757,0.45899506898458126,1.1864483919737658,-1.1864495190913142,0.6774917485490982,0.5027124100387077,168940.53920966457,0.20484590530395508
1201.6666666666667,32000.0,32000.0,0.8783481038576345,4.818461299654056e-07,4.818461299883027e-07,0.9372022747825757,0.46025226730445407,1.2175099708601895,-1.2175099708601935,0.6784189469839831,0.5039898023259166,169074.2939627435,0.21273589134216309
1201.8333333333333,32000.0,32000.0,0.8783481038576345,4.818461299654056e-07,4.818461299883027e-07,0.9372022747825757,0.4614211252153829,1.2630944009592424,-1.2631078509374143,0.6792798580222048,0.505134294865831,169238.72634505908,0.5432343482971191
1202.0,32000.0,32000.0,0.8783481038576345,4.818461299654056e-07,4.818461299883027e-07,0.9372022747825757,0.4625062886219609,1.3143481440880043,-1.3143481440880127,0.6800781491030867,0.5062036616594611,169433.2175257904,0.2367713451385498
1260.1666666666667,33000.0,33000.0,0.8675993578825065,-1.3135513899444026e-05,-1.3135513899407651e-05,0.9314501370886723,0.438450944500085,0.9418948303191812,-0.9418948303191781,0.6621562840465679,0.4813097529965634,168154.86034617075,0.18457722663879395
1260.3333333333333,33000.0,33000.0,0.8675993578825065,-1.3135513899444026e-05,-1.3135513899407651e-05,0.9314501370886723,0.44071013006639126,0.9623791085127382,-0.9623791085127356,0.6638600229539725,0.4837077321409996,168166.87318082733,0.5141057968139648
1260.5,33000.0,33000.0,0.8675993578825065,-1.3135513899444026e-05,-1.3135513899407651e-05,0.9314501370886723,0.44288005931379004,0.9838710600286941,-0.9838710600286915,0.665492343560257,0.4859532437166665,168196.49663149664,0.549135684967041
1260.6666666666667,33000.0,33000.0,0.8675993578825065,-1.3135513899444026e-05,-1.3135513899407651e-05,0.9314501370886723,0.4449131777383775,1.00326846914401,-1.0033205230525888,0.6670181240273036,0.4879602550884198,168243.34921330298,0.16352295875549316
1260.8333333333333,33000.0,33000.0,0.8675993578825065,-1.3135513899444026e-05,-1.3135513899407651e-05,0.9314501370886723,0.446833622029888,1.024147650854408,-1.0241476508544036,0.6684561482221888,0.48998091376230174,168313.69012157642,0.507993221282959
1261.0,33000.0,33000.0,0.8675993578825065,-1.3135513899444026e-05,-1.3135513899407651e-05,0.9314501370886723,0.4486664126664113,1.05720284779375,-1.0572028477937494,0.6698256584819746,0.4918111656362962,168413.03166911687,0.4467916488647461
1261.1666666666667,33000.0,33000.0,0.8675993578825065,-1.3135513899444026e-05,-1.3135513899407651e-05,0.9314501370886723,0.4504184177005518,1.1056125762878724,-1.1555985293599857,0.6711321910227842,0.49359779619289024,168545.14248008677,0.6120047569274902
1261.3333333333333,33000.0,33000.0,0.8675993578825065,-1.3135513899444026e-05,-1.3135513899407651e-05,0.9314501370886723,0.45201120378994275,1.148659072159862,-1.3088817963620731,0.6723177849439959,0.49523118072701505,168701.93671940305,0.6436595916748047
1261.5,33000.0,33000.0,0.8675993578825065,-1.3135513899444026e-05,-1.3135513899407651e-05,0.9314501370886723,0.4534053930104503,1.1768731941197272,-1.4227454144212253,0.6733538395315705,0.4965955219085244,168878.56309087572,0.5836820602416992
1261.6666666666667,33000.0,33000.0,0.8675993578825065,-1.3135513899444026e-05,-1.3135513899407651e-05,0.9314501370886723,0.45465397392327317,1.2114149306939808,-1.5159923917973588,0.6742803379646126,0.49786991730694297,169079.69225903467,0.2817115783691406
1261.8333333333333,33000.0,33000.0,0.8675993578825065,-1.3135513899444026e-05,-1.3135513899407651e-05,0.9314501370886723,0.4558103961374199,1.2526964312103164,-1.6166325805518416,0.6751373167150907,0.4990088405117558,169308.79390316785,0.36751365661621094
1262.0,33000.0,33000.0,0.8675993578825065,-1.3135513899444026e-05,-1.3135513899407651e-05,0.9314501370886723,0.4568791356950833,1.3086841416248673,-1.7286789004293188,0.6759283512487573,0.500070952057742,169563.45857741183,0.7064230442047119
1320.1666666666667,33000.0,33000.0,0.8655175246308494,7.233874880914229e-06,7.233874880932009e-06,0.9303319432497464,0.4374197091509766,0.9383823753040277,-0.9468921238053917,0.6613771311966653,0.480176870583536,168510.7290432052,0.8258702754974365
1320.3333333333333,33000.0,33000.0,0.8655175246308494,7.233874880914229e-06,7.233874880932009e-06,0.9303319432497464,0.43967302283416976,0.9594213996389067,-0.9613050127377358,0.6630784443571729,0.4825693473576947,168528.35301428378,0.8455240726470947
1320.5,33000.0,33000.0,0.8655175246308494,7.233874880914229e-06,7.233874880932009e-06,0.9303319432497464,0.4418352272042658,0.9842024137380103,-0.9842024137380194,0.6647068735482138,0.48480899406312417,168551.5815566271,0.7202053070068359
1320.6666666666667,33000.0,33000.0,0.8655175246308494,7.233874880914229e-06,7.233874880932009e-06,0.9303319432497464,0.4438583605464247,1.002493565889938,-1.006557812386133,0.666226959121318,0.4868064231161945,168578.72035652338,0.9971907138824463
1320.8333333333333,33000.0,33000.0,0.8655175246308494,7.233874880914229e-06,7.233874880932009e-06,0.9303319432497464,0.4457683946144748,1.020657927260422,-1.0227028597294257,0.6676588912892932,0.48881658115115484,168618.95236416502,0.4838743209838867
1321.0,33000.0,33000.0,0.8655175246308494,7.233874880914229e-06,7.233874880932009e-06,0.9303319432497464,0.44758941436246197,1.0577497980223949,-1.0642962308811712,0.669021236467206,0.4906342648263284,168678.82435890066,0.22994685173034668
1321.1666666666667,33000.0,33000.0,0.8655175246308494,7.233874880914229e-06,7.233874880932009e-06,0.9303319432497464,0.4493286159329676,1.1052024178918016,-1.1063235354715122,0.6703197866663453,0.49240533676171816,168761.93695077437,0.18556547164916992
1321.3333333333333,33000.0,33000.0,0.8655175246308494,7.233874880914229e-06,7.233874880932009e-06,0.9303319432497464,0.4509087908058426,1.14521824329624,-1.149583117762132,0.6714974246128477,0.49402291813904,168861.5018932998,0.22394824028015137
1321.5,33000.0,33000.0,0.8655175246308494,7.233874880914229e-06,7.233874880932009e-06,0.9303319432497464,0.4522899218396017,1.1781753960131298,-1.178175396013127,0.6725250346666404,0.4953694526084353,168973.5735253873,0.24657750129699707
1321.6666666666667,33000.0,33000.0,0.8655175246308494,7.233874880914229e-06,7.233874880932009e-06,0.9303319432497464,0.4535278503496255,1.2087503878602426,-1.20874989944063,0.6734447644169729,0.4966271536143829,169107.12102834773,0.20213794708251953
1321.8333333333333,33000.0,33000.0,0.8655175246308494,7.233874880914229e-06,7.233874880932009e-06,0.9303319432497464,0.4546786575297802,1.2530384994218866,-1.2530384994218866,0.674298641464256,0.49775367385306735,169270.32174789475,0.20397710800170898
1322.0,33000.0,33000.0,0.8655175246308494,7.233874880914229e-06,7.233874880932009e-06,0.9303319432497464,0.455746907586607,1.306720244904351,-1.30671880942004,0.6750902961123292,0.4988058932215002,169462.56581035425,0.6671192646026611
1380.1666666666667,34000.0,34000.0,0.8602951757636225,-6.290262525503585e-06,-6.2902625254637286e-06,0.9275209840017759,0.4347596161043527,0.9378813819911574,-0.9378815508992961,0.6593630381699526,0.4772576023475484,168153.6909401698,0.18536996841430664
1380.3333333333333,34000.0,34000.0,0.8602951757636225,-6.290262525503585e-06,-6.2902625254637286e-06,0.9275209840017759,0.43699949061861204,0.9587038964127665,-0.9587043642278903,0.661059369965858,0.4796350403178055,168160.81767223796,0.2417888641357422
1380.5,34000.0,34000.0,0.8602951757636225,-6.290262525503585e-06,-6.2902625254637286e-06,0.9275209840017759,0.43915087041637063,0.9820683936272058,-0.9820664379760801,0.6626845934708474,0.48186128691840774,168185.44736803928,0.7334797382354736
1380.6666666666667,34000.0,34000.0,0.8602951757636225,-6.290262525503585e-06,-6.2902625254637286e-06,0.9275209840017759,0.44116665641372216,0.9978074247145685,-0.9977563901922081,0.6642037762864084,0.4838510434107631,168227.43741220084,0.1834249496459961
1380.8333333333333,34000.0,34000.0,0.8602951757636225,-6.290262525503585e-06,-6.2902625254637286e-06,0.9275209840017759,0.44307080425755324,1.019324987599426,-1.0193259699041808,0.6656356392906987,0.48585442492853176,168293.21652289433,0.23011279106140137
1381.0,34000.0,34000.0,0.8602951757636225,-6.290262525503585e-06,-6.2902625254637286e-06,0.9275209840017759,0.44488816418428684,1.0562962311317965,-1.0553749840445652,0.6669993734950903,0.4876691222202414,168388.4418989229,0.21502351760864258
1381.1666666666667,34000.0,34000.0,0.8602951757636225,-6.290262525503585e-06,-6.2902625254637286e-06,0.9275209840017759,0.44662556944530407,1.1004218957053553,-1.1004218957053427,0.6683005084018897,0.48944071591505517,168517.0547027323,0.25399065017700195
1381.3333333333333,34000.0,34000.0,0.8602951757636225,-6.290262525503585e-06,-6.2902625254637286e-06,0.9275209840017759,0.44820527175781677,1.253026576305576,-1.1425924751447907,0.6694813454253173,0.49106057806960673,168671.22189020368,0.2466874122619629
1381.5,34000.0,34000.0,0.8602951757636225,-6.290262525503585e-06,-6.2902625254637286e-06,0.9275209840017759,0.44958832847407576,1.3775374825863593,-1.1748113733764127,0.6705134813144003,0.4924139959395485,168846.3427846727,0.16689157485961914
1381.6666666666667,34000.0,34000.0,0.8602951757636225,-6.290262525503585e-06,-6.2902625254637286e-06,0.9275209840017759,0.4508272324087737,1.4819770153368534,-1.203675319132759,0.6714366929184293,0.49367857195442055,169047.10219031328,0.227217435836792
1381.8333333333333,34000.0,34000.0,0.8602951757636225,-6.290262525503585e-06,-6.2902625254637286e-06,0.9275209840017759,0.45197486536140213,1.5945497659182046,-1.250351678471413,0.6722907597073662,0.4948090710161969,169276.87216162877,0.20284485816955566
1382.0,34000.0,34000.0,0.8602951757636225,-6.290262525503585e-06,-6.2902625254637286e-06,0.9275209840017759,0.4530356802802042,1.7199843926667702,-1.2995925326716158,0.6730792527984554,0.49586369573573175,169533.24966511806,0.20409679412841797
1440.1666666666667,34000.0,34000.0,0.8502328530244592,1.3722678757434498e-05,1.3722678757468174e-05,0.9220807193648825,0.4296949655002313,0.9438710554348376,-0.9328049328565999,0.6555112249287135,0.4716970443024818,168508.84707310348,0.35295844078063965
1440.3333333333333,34000.0,34000.0,0.8502328530244592,1.3722678757434498e-05,1.3722678757468174e-05,0.9220807193648825,0.4319087758640651,0.9615711078039166,-0.9532118273311242,0.6571976691953993,0.4740476146972342,168531.2669626771,0.8970401287078857
1440.5,34000.0,34000.0,0.8502328530244592,1.3722678757434498e-05,1.3722678757468174e-05,0.9220807193648825,0.43403309325872247,0.9780760543581529,-0.9750509757660256,0.6588118804322196,0.4762480673043951,168559.50081218302,1.1739747524261475
1440.6666666666667,34000.0,34000.0,0.8502328530244592,1.3722678757434498e-05,1.3722678757468174e-05,0.9220807193648825,0.4360207533726581,0.9924183891489706,-0.9924183891780668,0.660318676016022,0.4782106135787304,168591.62886455862,0.7451605796813965
1440.8333333333333,34000.0,34000.0,0.8502328530244592,1.3722678757434498e-05,1.3722678757468174e-05,0.9220807193648825,0.43789723170327205,1.019482273053613,-1.014134266063699,0.6617380389720063,0.48018558072919254,168636.64104499546,0.6790037155151367
1441.0,34000.0,34000.0,0.8502328530244592,1.3722678757434498e-05,1.3722678757468174e-05,0.9220807193648825,0.43968615563672464,1.05310139112262,-1.047756773567879,0.6630883471611877,0.48197137656869715,168700.93172170734,0.6419248580932617
1441.1666666666667,34000.0,34000.0,0.8502328530244592,1.3722678757434498e-05,1.3722678757468174e-05,0.9220807193648825,0.44139456878579514,1.1012806404249862,-1.0934811398999056,0.6643753225985417,0.48371126234836315,168787.93186678106,0.6535441875457764
1441.3333333333333,34000.0,34000.0,0.8502328530244592,1.3722678757434498e-05,1.3722678757468174e-05,0.9220807193648825,0.4429465931537702,1.142729565589009,-1.1372420743810234,0.6655423304675562,0.4853001534786439,168890.59139329332,0.5668387413024902
1441.5,34000.0,34000.0,0.8502328530244592,1.3722678757434498e-05,1.3722678757468174e-05,0.9220807193648825,0.4443028227748688,1.1725827787996017,-1.1656186497774397,0.6665604422916377,0.4866224792089309,169004.70836975676,0.5853927135467529
1441.6666666666667,34000.0,34000.0,0.8502328530244592,1.3722678757434498e-05,1.3722678757468174e-05,0.9220807193648825,0.44551813645699484,1.2029854360346035,-1.198994746688252,0.6674714502293071,0.4878571930051042,169139.20080233354,0.653221607208252
1441.8333333333333,34000.0,34000.0,0.8502328530244592,1.3722678757434498e-05,1.3722678757468174e-05,0.9220807193648825,0.4466477173060791,1.246603412350386,-1.2414532840209114,0.6683170787163152,0.4889627597403763,169302.3022262906,0.6061530113220215
1442.0,34000.0,34000.0,0.8502328530244592,1.3722678757434498e-05,1.3722678757468174e-05,0.9220807193648825,0.44769603380108336,1.296749375919451,-1.2949070182633433,0.6691009147873861,0.489995033398437,169493.38096943955,0.5692646503448486
1500.1666666666667,35000.0,35000.0,0.8503941206948475,4.1563611232172806e-07,4.1563611235965957e-07,0.9221681629154455,0.4297562815512573,0.9313239039147881,-0.9313237241415501,0.6555579925211982,0.4717651818143667,168158.60853912646,0.315457820892334
1500.3333333333333,35000.0,35000.0,0.8503941206948475,4.1563611232172806e-07,4.1563611235965957e-07,0.9221681629154455,0.4319700894135148,0.9513959188225133,-0.9513954175737939,0.6572443148592155,0.47411492230263436,168161.06959144564,0.29735350608825684
1500.5,35000.0,35000.0,0.8503941206948475,4.1563611232172806e-07,4.1563611235965957e-07,0.9221681629154455,0.43409639626202695,0.9746567222067558,-0.9746569119548375,0.6588599215784087,0.4763151921594289,168180.7243149321,0.16203832626342773
1500.6666666666667,35000.0,35000.0,0.8503941206948475,4.1563611232172806e-07,4.1563611235965957e-07,0.9221681629154455,0.4360886893947706,0.9937818035992455,-0.9937818035992542,0.6603701154654881,0.47828162403439806,168217.640510542,0.6412649154663086
1500.8333333333333,35000.0,35000.0,0.8503941206948475,4.1563611232172806e-07,4.1563611235965957e-07,0.9221681629154455,0.4379707017556765,1.012851409572228,-1.0128503514569067,0.6617935492061032,0.48026159852793515,168278.4618900249,0.5654094219207764
1501.0,35000.0,35000.0,0.8503941206948475,4.1563611232172806e-07,4.1563611235965957e-07,0.9221681629154455,0.439767021857685,1.0475221321996055,-1.0475221321996102,0.6631493209589281,0.4820551333004413,168369.0044491599,0.5604770183563232
1501.1666666666667,35000.0,35000.0,0.8503941206948475,4.1563611232172806e-07,4.1563611235965957e-07,0.9221681629154455,0.44148443224412515,1.0954246424097618,-1.0954234990889984,0.6644429488637017,0.48380615373850877,168493.37464650295,0.19757962226867676
1501.3333333333333,35000.0,35000.0,0.8503941206948475,4.1563611232172806e-07,4.1563611235965957e-07,0.9221681629154455,0.4430461205961794,1.1362722485601455,-1.1851046694788647,0.6656170976395736,0.48540739473887645,168644.0078854981,0.1640932559967041
1501.5,35000.0,35000.0,0.8503941206948475,4.1563611232172806e-07,4.1563611235965957e-07,0.9221681629154455,0.44441368012744203,1.1670683456309607,-1.3189024103602416,0.6666435931079595,0.4867455353849063,168816.56313948156,0.22347736358642578
1501.6666666666667,35000.0,35000.0,0.8503941206948475,4.1563611232172806e-07,4.1563611235965957e-07,0.9221681629154455,0.44563900153079117,1.1989280878500599,-1.4333708150357647,0.6675619833912504,0.48799620557695267,169015.81216536846,0.3935689926147461
1501.8333333333333,35000.0,35000.0,0.8503941206948475,4.1563611232172806e-07,4.1563611235965957e-07,0.9221681629154455,0.4467742906533835,1.240875180117167,-1.5566231337965357,0.6684117674199757,0.4891146535744566,169245.111973049,0.4450657367706299
1502.0,35000.0,35000.0,0.8503941206948475,4.1563611232172806e-07,4.1563611235965957e-07,0.9221681629154455,0.44782396490137427,1.295741581972102,-1.6940489935476544,0.6691965070973276,0.4901584193255384,169502.09635678242,0.33064746856689453
1560.1666666666667,36000.0,36000.0,0.8399739841145137,-1.2705158660653224e-05,-1.2705158660608395e-05,0.9165009460521651,0.42450984717039003,0.9260210177002782,-0.935486000992667,0.6515442023843262,0.46600510218099084,168500.936773684,0.20462775230407715
1560.3333333333333,36000.0,36000.0,0.8399739841145137,-1.2705158660653224e-05,-1.2705158660608395e-05,0.9165009460521651,0.4266972268577186,0.946699787169643,-0.9723398305742993,0.6532206574951634,0.46832763159729834,168527.85132589674,0.4497194290161133
1560.5,36000.0,36000.0,0.8399739841145137,-1.2705158660653224e-05,-1.2705158660608395e-05,0.9165009460521651,0.428796234823474,0.9703176690000387,-0.9790500230280883,0.6548253472179598,0.470501879315786,168560.98632975263,0.2566652297973633
1560.6666666666667,36000.0,36000.0,0.8399739841145137,-1.2705158660653224e-05,-1.2705158660608395e-05,0.9165009460521651,0.43076023763473387,0.9868245816684634,-0.9868245816401866,0.6563232726033895,0.472441194755274,168598.22875060153,0.23910999298095703
1560.8333333333333,36000.0,36000.0,0.8399739841145137,-1.2705158660653224e-05,-1.2705158660608395e-05,0.9165009460521651,0.4326143363009792,1.0063057797758168,-1.010467372691547,0.6577342448362239,0.4743927171601276,168648.3335877083,0.544966459274292
1561.0,36000.0,36000.0,0.8399739841145137,-1.2705158660653224e-05,-1.2705158660608395e-05,0.9165009460521651,0.43438185721911793,1.0427801516118944,-1.0450397555089341,0.6590765188809352,0.4761573020858638,168717.53156011016,0.3655734062194824
1561.1666666666667,36000.0,36000.0,0.8399739841145137,-1.2705158660653224e-05,-1.2705158660608395e-05,0.9165009460521651,0.43606972920599724,1.088191547102092,-1.0969583104405343,0.660355759966868,0.4778764675941545,168809.0941632482,0.27593016624450684
1561.3333333333333,36000.0,36000.0,0.8399739841145137,-1.2705158660653224e-05,-1.2705158660608395e-05,0.9165009460521651,0.4376029413774205,1.1278125956606353,-1.1336292938290167,0.661515639949144,0.47944626753096037,168915.69841975605,0.7485032081604004
1561.5,36000.0,36000.0,0.8399739841145137,-1.2705158660653224e-05,-1.2705158660608395e-05,0.9165009460521651,0.43894248513614986,1.161073569188022,-1.170219143617261,0.6625273470766733,0.4807524740620801,169032.88155668802,0.1801774501800537
1561.6666666666667,36000.0,36000.0,0.8399739841145137,-1.2705158660653224e-05,-1.2705158660608395e-05,0.9165009460521651,0.44014254982404194,1.1888300530923528,-1.1973118207543871,0.6634324006846324,0.4819717824619788,169169.43882257325,0.2002408504486084
1561.8333333333333,36000.0,36000.0,0.8399739841145137,-1.2705158660653224e-05,-1.2705158660608395e-05,0.9165009460521651,0.441257694004412,1.235381364878525,-1.2443477240779792,0.6642723044404968,0.4830631684700497,169333.5766945941,0.3169848918914795
1562.0,36000.0,36000.0,0.8399739841145137,-1.2705158660653224e-05,-1.2705158660608395e-05,0.9165009460521651,0.4422923162874596,1.2857278413312447,-1.2943437323880638,0.6650506121370002,0.4840818191839618,169524.6116943565,0.25388598442077637
1620.1666666666667,36000.0,36000.0,0.8380014930810679,6.923605496191e-06,6.9236054962314235e-06,0.9154242148212313,0.4234941317730259,0.9261406618603941,-0.9261406617171856,0.650764267454148,0.4648908825804976,168169.44536755467,0.1832714080810547
1620.3333333333333,36000.0,36000.0,0.8380014930810679,6.923605496191e-06,6.9236054962314235e-06,0.9154242148212313,0.4256754038056258,0.9465211619039551,-0.9465211476713575,0.65243804595989,0.4672060741014162,168167.62034488813,0.6456630229949951
1620.5,36000.0,36000.0,0.8380014930810679,6.923605496191e-06,6.9236054962314235e-06,0.9154242148212313,0.4277703920615198,0.9687548531308076,-0.9687546474064087,0.6540415828249135,0.46937394300083396,168182.48861290386,0.6908969879150391
1620.6666666666667,36000.0,36000.0,0.8380014930810679,6.923605496191e-06,6.9236054962314235e-06,0.9154242148212313,0.4297332938843472,0.9841693454347596,-0.9841693454347524,0.65554045938017,0.47131124458848533,168214.2927498353,0.6747922897338867
1620.8333333333333,36000.0,36000.0,0.8380014930810679,6.923605496191e-06,6.9236054962314235e-06,0.9154242148212313,0.431587577450835,1.006760245892221,-1.0067602458922098,0.656953253629095,0.4732619453580645,168269.92959265734,0.590444803237915
1621.0,36000.0,36000.0,0.8380014930810679,6.923605496191e-06,6.9236054962314235e-06,0.9154242148212313,0.43335748062297563,1.0410220911896337,-1.0410220911896262,0.6582989295406948,0.47502894821952135,168355.3824235956,0.6294336318969727
1621.1666666666667,36000.0,36000.0,0.8380014930810679,6.923605496191e-06,6.9236054962314235e-06,0.9154242148212313,0.43504971879725124,1.0843141894835817,-1.0842185369116466,0.6595829885782981,0.47675409024565796,168474.91011479186,0.6175665855407715
1621.3333333333333,36000.0,36000.0,0.8380014930810679,6.923605496191e-06,6.9236054962314235e-06,0.9154242148212313,0.4365886546744503,1.1287880750017527,-1.12878807500175,0.6607485563478813,0.4783318157845502,168621.22301971278,0.7881534099578857
1621.5,36000.0,36000.0,0.8380014930810679,6.923605496191e-06,6.9236054962314235e-06,0.9154242148212313,0.43793650993747485,1.247753123599943,-1.1584096904278351,0.6617677160478312,0.47965048718481373,168790.23993560587,0.5207226276397705
1621.6666666666667,36000.0,36000.0,0.8380014930810679,6.923605496191e-06,6.9236054962314235e-06,0.9154242148212313,0.4391444713435717,1.3709671156811423,-1.1897050466492578,0.6626797653753456,0.4808833010745192,168986.88943872927,0.4064462184906006
1621.8333333333333,36000.0,36000.0,0.8380014930810679,6.923605496191e-06,6.9236054962314235e-06,0.9154242148212313,0.44026396827150954,1.5035187937392414,-1.2334269741172528,0.663523901901284,0.48198617529530474,169214.59660893693,0.6210260391235352
1622.0,36000.0,36000.0,0.8380014930810679,6.923605496191e-06,6.9236054962314235e-06,0.9154242148212313,0.4412993699695464,1.6513958691789457,-1.2845170506805967,0.664303673123771,0.48301579019822133,169471.06123409737,0.610177755355835
1680.1666666666667,37000.0,37000.0,0.8329074447990323,-6.108718914456865e-06,-6.108718914399869e-06,0.9126376306064923,0.4209377664976287,0.9225515097745413,-0.9225515097759304,0.6487971693563567,0.462083883080506,168487.26794978903,0.33521533012390137
1680.3333333333333,37000.0,37000.0,0.8329074447990323,-6.108718914456865e-06,-6.108718914399869e-06,0.9126376306064923,0.4231070087035023,0.976483676267004,-0.9425533655759534,0.650466762568573,0.46438716229456034,168518.22260535738,0.20613884925842285
1680.5,37000.0,37000.0,0.8329074447990323,-6.108718914456865e-06,-6.108718914399869e-06,0.9126376306064923,0.42518869616149974,1.0018220212893751,-0.9633587935438238,0.6520649482113076,0.46654344247799556,168555.9874449872,0.5758354663848877
1680.6666666666667,37000.0,37000.0,0.8329074447990323,-6.108718914456865e-06,-6.108718914399869e-06,0.9126376306064923,0.4271365618543442,0.9942628701845562,-0.9832639978259637,0.6535568547391714,0.4684669353866706,168598.29490799995,0.38667893409729004
1680.8333333333333,37000.0,37000.0,0.8329074447990323,-6.108718914456865e-06,-6.108718914399869e-06,0.9126376306064923,0.4289754016567605,1.0031817017373144,-1.0031817017482245,0.6549621379812492,0.4704024893470717,168653.631173737,0.45167016983032227
1681.0,37000.0,37000.0,0.8329074447990323,-6.108718914456865e-06,-6.108718914399869e-06,0.9126376306064923,0.4307283463068796,1.0415166483029843,-1.0354106319903005,0.6562989767155397,0.4721526775748164,168728.05765183194,0.1696758270263672
1681.1666666666667,37000.0,37000.0,0.8329074447990323,-6.108718914456865e-06,-6.108718914399869e-06,0.9126376306064923,0.43240223315489124,1.0853307186532675,-1.0836571867785056,0.6575729873457906,0.47385782407255617,168824.70195951514,0.17559385299682617
1681.3333333333333,37000.0,37000.0,0.8329074447990323,-6.108718914456865e-06,-6.108718914399869e-06,0.9126376306064923,0.43392262024098643,1.1352147738862073,-1.12523976318507,0.6587280324866894,0.4754146960113274,168935.96648929763,0.22911643981933594
1681.5,37000.0,37000.0,0.8329074447990323,-6.108718914456865e-06,-6.108718914399869e-06,0.9126376306064923,0.4352507684555746,1.1600393461807308,-1.15385405399986,0.6597353779912091,0.47671001458943335,169057.1319531951,0.18210172653198242
1681.6666666666667,37000.0,37000.0,0.8329074447990323,-6.108718914456865e-06,-6.108718914399869e-06,0.9126376306064923,0.4364403348919162,1.1993324986931737,-1.186911384353573,0.6606363109767923,0.4779188370023077,169196.80346495568,0.24492239952087402
1681.8333333333333,37000.0,37000.0,0.8329074447990323,-6.108718914456865e-06,-6.108718914399869e-06,0.9126376306064923,0.43754540921758645,1.2337781128970466,-1.2265362711773893,0.6614721533821063,0.47900044000707875,169363.07814104433,0.7370491027832031
1682.0,37000.0,37000.0,0.8329074447990323,-6.108718914456865e-06,-6.108718914399869e-06,0.9126376306064923,0.43857033675892476,1.2962872780149288,-1.2824027974151404,0.6622464323949921,0.48000958115873776,169555.19246532692,0.3450894355773926
1740.1666666666667,37000.0,37000.0,0.8232433979152193,1.3179044019813948e-05,1.3179044019866659e-05,0.9073276133322623,0.4160368550103953,0.915736151859071,-0.9157333299213749,0.6450091898993194,0.45670461994364286,168185.83170320897,0.19387197494506836
1740.3333333333333,37000.0,37000.0,0.8232433979152193,1.3179044019813948e-05,1.3179044019866659e-05,0.9073276133322623,0.4181794614631578,0.9363070246697571,-0.9363008421465361,0.6466679685052389,0.4589787713036172,168180.24643907073,0.19806647300720215
1740.5,37000.0,37000.0,0.8232433979152193,1.3179044019813948e-05,1.3179044019866659e-05,0.9073276133322623,0.4202372158548029,0.9602070668657771,-0.9602025203685719,0.6482570600221098,0.46110815492486407,168190.68007318588,0.606187105178833
1740.6666666666667,37000.0,37000.0,0.8232433979152193,1.3179044019813948e-05,1.3179044019866659e-05,0.9073276133322623,0.42216514148971784,0.9775316473112543,-0.9775316473112573,0.6497423654754254,0.4630108345687606,168217.50835331526,0.3210420608520508
1740.8333333333333,37000.0,37000.0,0.8232433979152193,1.3179044019813948e-05,1.3179044019866659e-05,0.9073276133322623,0.4239863985401842,0.9950068850814352,-0.9950094177741052,0.6511423796224162,0.4649267095226068,168267.91072980152,0.44903063774108887
1741.0,37000.0,37000.0,0.8232433979152193,1.3179044019813948e-05,1.3179044019866659e-05,0.9073276133322623,0.42572478933120445,1.031940441619766,-1.0319865496487965,0.6524758917636204,0.4666620990738601,168348.04054947893,0.19968008995056152
1741.1666666666667,37000.0,37000.0,0.8232433979152193,1.3179044019813948e-05,1.3179044019866659e-05,0.9073276133322623,0.42738694515993575,1.0777721263975844,-1.077854845596503,0.6537483806234398,0.46835634035022805,168462.29101197692,0.16828083992004395
1741.3333333333333,37000.0,37000.0,0.8232433979152193,1.3179044019813948e-05,1.3179044019866659e-05,0.9073276133322623,0.4288986284005398,1.116189670463053,-1.1161896704630385,0.6549035260391087,0.4699059101321389,168603.6445432077,0.4815840721130371
1741.5,37000.0,37000.0,0.8232433979152193,1.3179044019813948e-05,1.3179044019866659e-05,0.9073276133322623,0.4302227739994609,1.14928296608871,-1.1651876913559043,0.6559136940442463,0.4712011290355863,168768.27107314457,0.16017699241638184
1741.6666666666667,37000.0,37000.0,0.8232433979152193,1.3179044019813948e-05,1.3179044019866659e-05,0.9073276133322623,0.4314097662349143,1.1783049887135906,-1.2957661291809772,0.656817909540077,0.47241231793956995,168961.32052964927,0.6316249370574951
1741.8333333333333,37000.0,37000.0,0.8232433979152193,1.3179044019813948e-05,1.3179044019866659e-05,0.9073276133322623,0.43251016366292044,1.2224896958459908,-1.4361331102725563,0.6576550492038254,0.473496240729014,169186.36687706606,0.3871757984161377
1742.0,37000.0,37000.0,0.8232433979152193,1.3179044019813948e-05,1.3179044019866659e-05,0.9073276133322623,0.43352827469723976,1.2739900565693865,-1.5928045270739906,0.6584286406328966,0.47450853188927805,169441.20282225456,0.3097858428955078
1800.1666666666667,38000.0,38000.0,0.8233385438289389,3.5405656899464826e-07,3.540565690516796e-07,0.9073800437682873,0.41610075251639034,0.9177619253876217,-0.9177619253876228,0.645058720545797,0.45677409689984344,168468.30682186945,0.6827130317687988
1800.3333333333333,38000.0,38000.0,0.8233385438289389,3.5405656899464826e-07,3.540565690516796e-07,0.9073800437682873,0.41824531182901925,0.9380763575603048,-0.9707559627299372,0.6467188819763813,0.45905116144010866,168502.7092190867,0.8631718158721924
1800.5,38000.0,38000.0,0.8233385438289389,3.5405656899464826e-07,3.540565690516796e-07,0.9073800437682873,0.4203034245323382,0.9606542123202784,-1.014281992635562,0.6483081250726099,0.46118295987860597,168544.6746650404,0.7879452705383301
1800.6666666666667,38000.0,38000.0,0.8233385438289389,3.5405656899464826e-07,3.540565690516796e-07,0.9073800437682873,0.42222934226095005,0.9754868884888738,-1.020755866340808,0.6497917687759049,0.46308487156455763,168591.8250903739,0.9176332950592041
1800.8333333333333,38000.0,38000.0,0.8233385438289389,3.5405656899464826e-07,3.540565690516796e-07,0.9073800437682873,0.42404745919173137,0.9975245849944591,-1.0134668878991973,0.6511892656640911,0.46499868452378895,168652.35312054717,0.8417563438415527
1801.0,38000.0,38000.0,0.8233385438289389,3.5405656899464826e-07,3.540565690516796e-07,0.9073800437682873,0.42578065704194384,1.0323482218964883,-1.0323482218964883,0.652518702852322,0.4667293072772079,168732.15096657796,0.6603860855102539
1801.1666666666667,38000.0,38000.0,0.8233385438289389,3.5405656899464826e-07,3.540565690516796e-07,0.9073800437682873,0.4274356593575066,1.0759502936460696,-1.0759502936460634,0.6537856375719078,0.46841545923305494,168834.22286851195,0.24866390228271484
1801.3333333333333,38000.0,38000.0,0.8233385438289389,3.5405656899464826e-07,3.540565690516796e-07,0.9073800437682873,0.4289388061446912,1.1182497617969012,-1.1253561996919261,0.6549342002823925,0.46995490733265377,168950.70421463015,0.8229994773864746
1801.5,38000.0,38000.0,0.8233385438289389,3.5405656899464826e-07,3.540565690516796e-07,0.9073800437682873,0.4302517658643048,1.1490349741171537,-1.1555796108060514,0.655935794419806,0.4712357015061833,169076.63227570313,0.5988900661468506
1801.6666666666667,38000.0,38000.0,0.8233385438289389,3.5405656899464826e-07,3.540565690516796e-07,0.9073800437682873,0.43142745752903944,1.1782245937675535,-1.189259314334261,0.6568313771767463,0.4724306902256891,169220.36115166408,0.5892267227172852
1801.8333333333333,38000.0,38000.0,0.8233385438289389,3.5405656899464826e-07,3.540565690516796e-07,0.9073800437682873,0.43251928966968023,1.2230972432660898,-1.2352164652316426,0.6576619877896214,0.47349952286439223,169389.80004749724,0.7502751350402832
1802.0,38000.0,38000.0,0.8233385438289389,3.5405656899464826e-07,3.540565690516796e-07,0.9073800437682873,0.4335315416920309,1.271767480326638,-1.2851616793307814,0.6584311218265246,0.4744963884883386,169584.07992034365,0.4401280879974365
1860.1666666666667,39000.0,39000.0,0.813237357398261,-1.2288695746269223e-05,-1.2288695746227237e-05,0.9017967384052024,0.4109813400762132,0.9121283874230758,-0.9121312481954037,0.6410782636690142,0.4511548817128981,168207.20849593222,0.2635502815246582
1860.3333333333333,39000.0,39000.0,0.813237357398261,-1.2288695746269223e-05,-1.2288695746227237e-05,0.9017967384052024,0.41309768316630446,0.9320219565612716,-0.9320282250572102,0.6427267562646076,0.45340117082614406,168198.51710855408,0.24386143684387207
1860.5,39000.0,39000.0,0.813237357398261,-1.2288695746269223e-05,-1.2288695746227237e-05,0.9017967384052024,0.4151300911379395,0.9530958657252685,-0.9531004324948266,0.6443058987553085,0.45550440412042753,168205.01923123153,0.3943777084350586
1860.6666666666667,39000.0,39000.0,0.813237357398261,-1.2288695746269223e-05,-1.2288695746227237e-05,0.9017967384052024,0.4170341402216738,0.9710137092961802,-0.9710188690933094,0.6457818054404366,0.4573834388857022,168227.17762648375,0.19886517524719238
1860.8333333333333,39000.0,39000.0,0.813237357398261,-1.2288695746269223e-05,-1.2288695746227237e-05,0.9017967384052024,0.4188328348816428,0.9917314263337078,-0.9917294447890063,0.6471729559305547,0.45927551859724053,168272.47419427574,0.43894028663635254
1861.0,39000.0,39000.0,0.813237357398261,-1.2288695746269223e-05,-1.2288695746227237e-05,0.9017967384052024,0.42054966383222164,1.0241919309868088,-1.024148644398522,0.6484980060362627,0.4609892385644232,168347.2293185646,0.485975980758667
1861.1666666666667,39000.0,39000.0,0.813237357398261,-1.2288695746269223e-05,-1.2288695746227237e-05,0.9017967384052024,0.4221912133638059,1.070027659596346,-1.070002241396761,0.6497624284030509,0.46266222957050307,168455.94785166768,0.42231154441833496
1861.3333333333333,39000.0,39000.0,0.813237357398261,-1.2288695746269223e-05,-1.2288695746227237e-05,0.9017967384052024,0.42368422547934015,1.112864333546155,-1.112203261158884,0.6509103052522012,0.46419242159267515,168591.87212851015,0.24390602111816406
1861.5,39000.0,39000.0,0.813237357398261,-1.2288695746269223e-05,-1.2288695746227237e-05,0.9017967384052024,0.4249921120002758,1.13921091064,-1.1392109106422297,0.6519141906835146,0.4654714222871354,168751.40594963482,0.18273091316223145
1861.6666666666667,39000.0,39000.0,0.813237357398261,-1.2288695746269223e-05,-1.2288695746227237e-05,0.9017967384052024,0.42616478630739063,1.2141699713431078,-1.1727875221593551,0.6528129796023087,0.46666769869892394,168939.9775844938,0.2054893970489502
1861.8333333333333,39000.0,39000.0,0.813237357398261,-1.2288695746269223e-05,-1.2288695746227237e-05,0.9017967384052024,0.42725227544813604,1.3627321112745916,-1.2135062759608157,0.6536453744154793,0.467738658689458,169161.38563742847,0.3128950595855713
1862.0,39000.0,39000.0,0.813237357398261,-1.2288695746269223e-05,-1.2288695746227237e-05,0.9017967384052024,0.4282588510236949,1.5258481126630419,-1.26678581973816,0.6544148921690217,0.4687391884309941,169413.5395032608,0.21023321151733398
1920.1666666666667,39000.0,39000.0,0.8113684290109001,6.626957748149295e-06,6.626957748197216e-06,0.900759917520146,0.4100499784942801,0.9091456611344949,-0.909145661134496,0.6403514495116956,0.4501319169149403,168444.7001300355,0.18195462226867676
1920.3333333333333,39000.0,39000.0,0.8113684290109001,6.626957748149295e-06,6.626957748197216e-06,0.900759917520146,0.41216356359371437,0.955335915395402,-0.9286783557178322,0.6419996604626312,0.4523760728861531,168481.84030437836,0.1600029468536377
1920.5,39000.0,39000.0,0.8113684290109001,6.626957748149295e-06,6.626957748197216e-06,0.900759917520146,0.41419208538177665,1.0163750027737686,-0.9525305305884344,0.6435775678610738,0.4544771258958998,168527.43385457378,0.2978668212890625
1920.6666666666667,39000.0,39000.0,0.8113684290109001,6.626957748149295e-06,6.626957748197216e-06,0.900759917520146,0.4160904608684037,1.0366341312288263,-0.9707087074187931,0.6450507432384497,0.45635190824815286,168579.03998683608,0.19870305061340332
1920.8333333333333,39000.0,39000.0,0.8113684290109001,6.626957748149295e-06,6.626957748197216e-06,0.900759917520146,0.41788259477655937,1.0416011819767201,-0.9887966376916633,0.6464383924883335,0.4582384198492422,168644.5430408319,0.40360307693481445
1921.0,39000.0,39000.0,0.8113684290109001,6.626957748149295e-06,6.626957748197216e-06,0.900759917520146,0.41959106797835055,1.0512942783461559,-1.023725887076438,0.6477584955035619,0.45994449446108093,168729.67190772036,0.7406909465789795
1921.1666666666667,39000.0,39000.0,0.8113684290109001,6.626957748149295e-06,6.626957748197216e-06,0.900759917520146,0.42122247029140664,1.0700789649876237,-1.0700789663672738,0.6490165412561989,0.46160685270175367,168837.33215295055,0.19577670097351074
1921.3333333333333,39000.0,39000.0,0.8113684290109001,6.626957748149295e-06,6.626957748197216e-06,0.900759917520146,0.4227041312142212,1.1093807605322659,-1.1093807678845526,0.6501570054762603,0.46312454403945813,168959.4088881761,0.1939847469329834
1921.5,39000.0,39000.0,0.8113684290109001,6.626957748149295e-06,6.626957748197216e-06,0.900759917520146,0.42399826103595345,1.144617964334491,-1.1404111888234096,0.6511514889648581,0.4643873105587199,169090.717315998,0.40789318084716797
1921.6666666666667,39000.0,39000.0,0.8113684290109001,6.626957748149295e-06,6.626957748197216e-06,0.900759917520146,0.4251568481445709,1.1707456065362012,-1.170745606762135,0.6520405268654176,0.46556525267568083,169239.30821108673,0.17656517028808594
1921.8333333333333,39000.0,39000.0,0.8113684290109001,6.626957748149295e-06,6.626957748197216e-06,0.900759917520146,0.4262324185341369,1.224701653035143,-1.2127092379406275,0.6528647785484774,0.4666184648728469,169412.83074405167,0.5211813449859619
1922.0,39000.0,39000.0,0.8113684290109001,6.626957748149295e-06,6.626957748197216e-06,0.900759917520146,0.4272291742574824,1.2683079636923258,-1.2654649344445117,0.6536277034998502,0.4676004319437763,169610.2884700508,0.40424203872680664
1980.1666666666667,40000.0,40000.0,0.8064004366488056,-5.9318213438232116e-06,-5.931821343789911e-06,0.897998015949259,0.40752759573593345,0.9077284861327015,-0.907728486133727,0.6383788811063197,0.44736347855185027,168232.8464476058,0.7255361080169678
1980.3333333333333,40000.0,40000.0,0.8064004366488056,-5.9318213438232116e-06,-5.931821343789911e-06,0.897998015949259,0.4096259612964309,0.9279379650213544,-0.9279379655746245,0.6400202820064868,0.4495907133968311,168221.80901803513,0.8304409980773926
1980.5,40000.0,40000.0,0.8064004366488056,-5.9318213438232116e-06,-5.931821343789911e-06,0.897998015949259,0.41164096044448933,0.9508089884184544,-0.9508090345802563,0.6415925190524462,0.451676041031831,168225.0168843178,0.97064208984375
1980.6666666666667,40000.0,40000.0,0.8064004366488056,-5.9318213438232116e-06,-5.931821343789911e-06,0.897998015949259,0.4135285361557971,0.9664804818385483,-0.9664749377248338,0.6430618447647792,0.4535387607995105,168242.97069930722,0.7276656627655029
1980.8333333333333,40000.0,40000.0,0.8064004366488056,-5.9318213438232116e-06,-5.931821343789911e-06,0.897998015949259,0.4153116415645204,0.986492861366247,-0.9864928613662456,0.644446771723889,0.4554144039268323,168283.46431934132,0.8225843906402588
1981.0,40000.0,40000.0,0.8064004366488056,-5.9318213438232116e-06,-5.931821343789911e-06,0.897998015949259,0.41701352903557415,1.0218113421566335,-1.0217987573860339,0.6457658469170299,0.45711307630805,168352.97643665245,0.5669746398925781
1981.1666666666667,40000.0,40000.0,0.8064004366488056,-5.9318213438232116e-06,-5.931821343789911e-06,0.897998015949259,0.4186407654043263,1.0658571636926182,-1.0658844679127821,0.6470245477619172,0.4587712287411219,168456.09706501977,0.6214988231658936
1981.3333333333333,40000.0,40000.0,0.8064004366488056,-5.9318213438232116e-06,-5.931821343789911e-06,0.897998015949259,0.42012079303276006,1.1057190135206791,-1.1057015274633268,0.6481672569891039,0.4602878593684,168586.3074106819,0.9179272651672363
1981.5,40000.0,40000.0,0.8064004366488056,-5.9318213438232116e-06,-5.931821343789911e-06,0.897998015949259,0.4214173357809717,1.1375959478877917,-1.137834482791545,0.6491666471589257,0.46155540497094477,168740.21989868893,0.5486593246459961
1981.6666666666667,40000.0,40000.0,0.8064004366488056,-5.9318213438232116e-06,-5.931821343789911e-06,0.897998015949259,0.4225800662792833,1.1646614657700953,-1.1671784169626023,0.6500615865364563,0.4627411671041838,168923.58863598565,0.7367491722106934
1981.8333333333333,40000.0,40000.0,0.8064004366488056,-5.9318213438232116e-06,-5.931821343789911e-06,0.897998015949259,0.4236587186054448,1.210587838333292,-1.2831966783451365,0.6508907117383272,0.4638030743545319,169140.50497432135,0.8264274597167969
1982.0,40000.0,40000.0,0.8064004366488056,-5.9318213438232116e-06,-5.931821343789911e-06,0.897998015949259,0.4246575429858519,1.259022981559345,-1.449429147068404,0.6516575350778354,0.464795457587715,169389.0147989724,0.7999358177185059
2040.1666666666667,40000.0,40000.0,0.797118218066255,1.265756787007399e-05,1.2657567870105442e-05,0.8928147725403378,0.40284672077707734,0.9032693236696988,-0.9033536433946109,0.6347020727325058,0.4422246065826802,168417.2530821281,0.47988200187683105
2040.3333333333333,40000.0,40000.0,0.797118218066255,1.265756787007399e-05,1.2657567870105442e-05,0.8928147725403378,0.40492334856295137,0.9230861327660701,-0.9305526915405599,0.6363358774746665,0.44442948883734995,168456.32767640922,0.35902833938598633
2040.5,40000.0,40000.0,0.797118218066255,1.265756787007399e-05,1.2657567870105442e-05,0.8928147725403378,0.4069165523190166,0.9444922375704172,-1.008209662170399,0.6379001118928144,0.44649383761824907,168504.85307890532,0.3237595558166504
2040.6666666666667,40000.0,40000.0,0.797118218066255,1.265756787007399e-05,1.2657567870105442e-05,0.8928147725403378,0.408782053841273,0.9604510253455216,-1.0418289571084314,0.6393606605765935,0.4483361998118877,168560.37569554598,0.19870805740356445
2040.8333333333333,40000.0,40000.0,0.797118218066255,1.265756787007399e-05,1.2657567870105442e-05,0.8928147725403378,0.41054319077293583,0.9819630689922468,-1.0588053345397712,0.6407364444542322,0.45019010772610457,168630.46735275304,0.3152320384979248
2041.0,40000.0,40000.0,0.797118218066255,1.265756787007399e-05,1.2657567870105442e-05,0.8928147725403378,0.41222219266633814,1.0149340093810875,-1.0833114970476898,0.6420453201788913,0.45186687685609556,168720.7050692679,0.6672732830047607
2041.1666666666667,40000.0,40000.0,0.797118218066255,1.265756787007399e-05,1.2657567870105442e-05,0.8928147725403378,0.41382549824489107,1.058176901546993,-1.102853782364295,0.6432927006908178,0.4535008540173509,168833.9237967054,0.19997215270996094
2041.3333333333333,40000.0,40000.0,0.797118218066255,1.265756787007399e-05,1.2657567870105442e-05,0.8928147725403378,0.4152816270231305,1.1010787552161934,-1.1010787546858407,0.6444234846499741,0.4549926483948184,168961.78362594172,0.23059535026550293
2041.5,40000.0,40000.0,0.797118218066255,1.265756787007399e-05,1.2657567870105442e-05,0.8928147725403378,0.4165534594405604,1.1292358379688545,-1.1292358369673319,0.6454095288908053,0.45623403680312186,169098.9066332613,0.1950669288635254
2041.6666666666667,40000.0,40000.0,0.797118218066255,1.265756787007399e-05,1.2657567870105442e-05,0.8928147725403378,0.41769187711474215,1.1606908772281825,-1.1606908746382807,0.6462908614933408,0.45739186937500176,169252.99830076532,0.19484591484069824
2041.8333333333333,40000.0,40000.0,0.797118218066255,1.265756787007399e-05,1.2657567870105442e-05,0.8928147725403378,0.4187483365060198,1.2025392091681015,-1.2025392073602412,0.6471076703698482,0.45842676032013036,169431.38452399426,0.432873010635376
2042.0,40000.0,40000.0,0.797118218066255,1.265756787007399e-05,1.2657567870105442e-05,0.8928147725403378,0.41972695212072586,1.2533721541747251,-1.2547967507391813,0.647863374997014,0.4593913577788045,169632.92394061203,0.19299530982971191
2100.1666666666665,41000.0,41000.0,0.7971521559969681,2.9682958472465185e-07,2.968295847633172e-07,0.8928337784811728,0.40285538792615777,0.9021378089701436,-0.9021378089692903,0.6347089002608132,0.44223449999048137,168261.87090108154,0.33075761795043945
2100.3333333333335,41000.0,41000.0,0.7971521559969681,2.9682958472465185e-07,2.968295847633172e-07,0.8928337784811728,0.40492954485589544,0.9216366494464369,-0.9216366489418926,0.6363407459648164,0.4444360788424069,168249.32753597636,0.1978616714477539
2100.5,41000.0,41000.0,0.7971521559969681,2.9682958472465185e-07,2.968295847633172e-07,0.8928337784811728,0.40692113746952124,0.9431153832138941,-0.9431280657038432,0.6379037055556857,0.44649731959426614,168249.99078709024,0.22368621826171875
2100.6666666666665,41000.0,41000.0,0.7971521559969681,2.9682958472465185e-07,2.968295847633172e-07,0.8928337784811728,0.4087865948043645,0.9620934416010726,-0.9620934416010689,0.6393642114381198,0.44833817883755694,168264.34878238192,0.3058772087097168
2100.8333333333335,41000.0,41000.0,0.7971521559969681,2.9682958472465185e-07,2.968295847633172e-07,0.8928337784811728,0.41054875954183917,0.981049004529782,-0.9810490045297806,0.6407407896996047,0.4501917802490737,168300.50618820137,0.37401247024536133
2101.0,41000.0,41000.0,0.7971521559969681,2.9682958472465185e-07,2.968295847633172e-07,0.8928337784811728,0.41223056564656435,1.0136431740421552,-1.0136373919236707,0.6420518403305401,0.4518702925110338,168365.0858740657,0.48871541023254395
2101.1666666666665,41000.0,41000.0,0.7971521559969681,2.9682958472465185e-07,2.968295847633172e-07,0.8928337784811728,0.41383853955018324,1.0604127436849307,-1.06041274368492,0.6433028365886071,0.4535085695163966,168462.73361106295,0.15954041481018066
2101.3333333333335,41000.0,41000.0,0.7971521559969681,2.9682958472465185e-07,2.968295847633172e-07,0.8928337784811728,0.41530104412975954,1.1005076854980205,-1.1005256999334156,0.6444385495414067,0.4550069848945772,168587.14028018338,0.21389055252075195
2101.5,41000.0,41000.0,0.7971521559969681,2.9682958472465185e-07,2.968295847633172e-07,0.8928337784811728,0.41658220206133795,1.1294474180596281,-1.1294474180596823,0.6454317950501386,0.45625909454860686,168735.09456124075,0.5241057872772217
2101.6666666666665,41000.0,41000.0,0.7971521559969681,2.9682958472465185e-07,2.968295847633172e-07,0.8928337784811728,0.41773132521681083,1.1610138528136449,-1.161042371948568,0.6463213792055453,0.4574305567109278,168912.71277242524,0.26123809814453125
2101.8333333333335,41000.0,41000.0,0.7971521559969681,2.9682958472465185e-07,2.968295847633172e-07,0.8928337784811728,0.41879774392396485,1.2051984651362293,-1.2007096908888186,0.6471458444045827,0.458479982430888,169124.43714200475,0.35599350929260254
2102.0,41000.0,41000.0,0.7971521559969681,2.9682958472465185e-07,2.968295847633172e-07,0.8928337784811728,0.41978567266889816,1.3591885309354466,-1.2546557105274638,0.6479086916260894,0.45946096772436174,169368.46520505947,0.17213988304138184
2160.1666666666665,42000.0,42000.0,0.7873605179271654,-1.1885694702954016e-05,-1.1885694702916785e-05,0.8873333747398243,0.3979137712062881,0.8966183824483976,-0.8961083424070628,0.6308040674534293,0.4368095300447277,168386.9018966927,0.8520669937133789
2160.3333333333335,42000.0,42000.0,0.7873605179271654,-1.1885694702954016e-05,-1.1885694702916785e-05,0.8873333747398243,0.39996509849272516,0.9161749255076851,-0.9161749255076821,0.6324279396481137,0.4389875045229646,168427.04155705374,0.6000823974609375
2160.5,42000.0,42000.0,0.7873605179271654,-1.1885694702954016e-05,-1.1885694702916785e-05,0.8873333747398243,0.4019341823562828,0.9942507880212152,-0.9392870770483401,0.6339827937326704,0.44102672517804786,168477.70255230367,0.5845649242401123
2160.6666666666665,42000.0,42000.0,0.7873605179271654,-1.1885694702954016e-05,-1.1885694702916785e-05,0.8873333747398243,0.40377731157288477,1.0408338585218233,-0.9557342895129451,0.6354347425098998,0.44284701289036177,168536.4688520971,0.6162831783294678
2160.8333333333335,42000.0,42000.0,0.7873605179271654,-1.1885694702954016e-05,-1.1885694702916785e-05,0.8873333747398243,0.4055173830071834,1.0695409523479098,-0.9737395743304044,0.6368024681597753,0.44467874765868676,168610.60619232192,0.6037571430206299
2161.0,42000.0,42000.0,0.7873605179271654,-1.1885694702954016e-05,-1.1885694702916785e-05,0.8873333747398243,0.40717641112585345,1.1084956009054547,-1.009446738653733,0.6381037624060717,0.44633567559468323,168705.55634652925,0.8848145008087158
2161.1666666666665,42000.0,42000.0,0.7873605179271654,-1.1885694702954016e-05,-1.1885694702916785e-05,0.8873333747398243,0.4087607220926784,1.1452555144106293,-1.0538266996376182,0.6393439783002662,0.4479505347898043,168824.11411455818,0.7000734806060791
2161.3333333333335,42000.0,42000.0,0.7873605179271654,-1.1885694702954016e-05,-1.1885694702916785e-05,0.8873333747398243,0.41019962183879205,1.1537342123104772,-1.0912277542222855,0.6404682836547446,0.44942493467078093,168957.74748748628,0.8677361011505127
2161.5,42000.0,42000.0,0.7873605179271654,-1.1885694702954016e-05,-1.1885694702916785e-05,0.8873333747398243,0.41145647270097024,1.1305798191134766,-1.1240900769662856,0.6414487300123597,0.4506521049640878,169100.92093810387,0.3524773120880127
2161.6666666666665,42000.0,42000.0,0.7873605179271654,-1.1885694702954016e-05,-1.1885694702916785e-05,0.8873333747398243,0.41258131382373203,1.1516910607328634,-1.1516910607607995,0.6423249289550889,0.45179657122358313,169260.96445688573,0.47045326232910156
2161.8333333333335,42000.0,42000.0,0.7873605179271654,-1.1885694702954016e-05,-1.1885694702916785e-05,0.8873333747398243,0.41362478922808055,1.1958675681665827,-1.195867756739641,0.643136680478971,0.4528192153869732,169444.8284555596,0.35827207565307617
2162.0,42000.0,42000.0,0.7873605179271654,-1.1885694702954016e-05,-1.1885694702916785e-05,0.8873333747398243,0.41459095105216154,1.245394673853576,-1.2453955360274067,0.6438873749378218,0.45377215947801147,169651.21409396993,0.3161003589630127
2220.1666666666665,42000.0,42000.0,0.7855896823979853,6.343315969281784e-06,6.343315969318701e-06,0.8863349718915446,0.39701374887518376,0.8966737431780502,-0.8966355545677529,0.6300902705633447,0.43582177406425293,168293.29168762962,0.4225757122039795
2220.3333333333335,42000.0,42000.0,0.7855896823979853,6.343315969281784e-06,6.343315969318701e-06,0.8863349718915446,0.3990577236151906,0.9164793190378103,-0.9164224079173372,0.6317101580419233,0.4379913664483859,168280.13385273036,0.16959834098815918
2220.5,42000.0,42000.0,0.7855896823979853,6.343315969281784e-06,6.343315969318701e-06,0.8863349718915446,0.4010201666637715,0.9382162355972986,-0.9382041489808933,0.6332615311171365,0.44002259589245346,168279.08893450384,0.17931675910949707
2220.6666666666665,42000.0,42000.0,0.7855896823979853,6.343315969281784e-06,6.343315969318701e-06,0.8863349718915446,0.40285810837886926,0.9524033730001986,-0.9522753725228545,0.6347110432904189,0.4418362941689801,168290.58255262757,0.2577347755432129
2220.8333333333335,42000.0,42000.0,0.7855896823979853,6.343315969281784e-06,6.343315969318701e-06,0.8863349718915446,0.40459421771817616,0.9746740791627513,-0.9746276900008568,0.6360772105568893,0.44366249750984155,168323.01842533943,0.2252063751220703
2221.0,42000.0,42000.0,0.7855896823979853,6.343315969281784e-06,6.343315969318701e-06,0.8863349718915446,0.40625103365390486,1.0082070844249647,-1.0082123389210769,0.6373782501017926,0.4453159722004014,168383.14455005503,0.1818714141845703
2221.1666666666665,42000.0,42000.0,0.7855896823979853,6.343315969281784e-06,6.343315969318701e-06,0.8863349718915446,0.4078350205953667,1.050337488876959,-1.0503374888769719,0.6386196212353387,0.4469295764334621,168475.63114201947,0.7107765674591064
2221.3333333333335,42000.0,42000.0,0.7855896823979853,6.343315969281784e-06,6.343315969318701e-06,0.8863349718915446,0.40927566942722504,1.092673562158755,-1.0927790933777957,0.63974656657665,0.44840534493085804,168594.34239667357,0.204298734664917
2221.5,42000.0,42000.0,0.7855896823979853,6.343315969281784e-06,6.343315969318701e-06,0.8863349718915446,0.4105375855281779,1.1220238853478006,-1.1220238853478108,0.6407320700069352,0.4496382357677661,168736.20485933966,0.19627022743225098
2221.6666666666665,42000.0,42000.0,0.7855896823979853,6.343315969281784e-06,6.343315969318701e-06,0.8863349718915446,0.41166959600754083,1.1514659278246904,-1.1521544253254958,0.6416148346231577,0.45079179353718096,168907.72106333944,0.640021562576294
2221.8333333333335,42000.0,42000.0,0.7855896823979853,6.343315969281784e-06,6.343315969318701e-06,0.8863349718915446,0.4127205141781845,1.1945205326399388,-1.194520532639965,0.6424332760515084,0.45182545857292916,169113.73027335573,0.199782133102417
2222.0,42000.0,42000.0,0.7855896823979853,6.343315969281784e-06,6.343315969318701e-06,0.8863349718915446,0.4136945044279139,1.2430639286299359,-1.2564545260941462,0.643190877136048,0.4527919244453134,169352.59167045954,0.1966569423675537
2280.1666666666665,43000.0,43000.0,0.7807454780507933,-5.759491411603205e-06,-5.759491411573167e-06,0.8835980296779714,0.39456898239566285,0.8934866880836404,-0.8934866880836444,0.6281472619222281,0.43313785909151803,168354.6818760326,0.19015288352966309
2280.3333333333335,43000.0,43000.0,0.7807454780507933,-5.759491411603205e-06,-5.759491411573167e-06,0.8835980296779714,0.3966031486255467,0.9129139149251302,-0.9129139149251335,0.6297643598483961,0.4352975584855219,168394.98090040052,0.46294164657592773
2280.5,43000.0,43000.0,0.7807454780507933,-5.759491411603205e-06,-5.759491411573167e-06,0.8835980296779714,0.3985559308089779,0.9332815979117768,-0.973867526698441,0.6313128631338413,0.4373197305046274,168446.90837425683,0.3789844512939453
2280.6666666666665,43000.0,43000.0,0.7807454780507933,-5.759491411603205e-06,-5.759491411573167e-06,0.8835980296779714,0.40038402090237574,0.9517474491310229,-1.0329727949126426,0.6327590546794082,0.43912516077595476,168508.13491938816,0.25351524353027344
2280.8333333333335,43000.0,43000.0,0.7807454780507933,-5.759491411603205e-06,-5.759491411573167e-06,0.8835980296779714,0.40210996527183723,0.9715167795839629,-1.0730998535562526,0.6341214124148704,0.4409420030953619,168585.6370378381,0.2956550121307373
2281.0,43000.0,43000.0,0.7807454780507933,-5.759491411603205e-06,-5.759491411573167e-06,0.8835980296779714,0.40375566026131027,1.0028416381161989,-1.1260964802297215,0.6354177056872443,0.44258569955734584,168684.7424995206,0.20115423202514648
2281.1666666666665,43000.0,43000.0,0.7807454780507933,-5.759491411603205e-06,-5.759491411573167e-06,0.8835980296779714,0.40532734773964657,1.048842176685374,-1.1796534269169232,0.6366532401621531,0.44418791604165936,168808.23777808086,0.20987248420715332
2281.3333333333335,43000.0,43000.0,0.7807454780507933,-5.759491411603205e-06,-5.759491411573167e-06,0.8835980296779714,0.4067548394150245,1.0896361862847863,-1.2048751402606768,0.637773345257563,0.44565087563298106,168947.43822778735,0.5439627170562744
2281.5,43000.0,43000.0,0.7807454780507933,-5.759491411603205e-06,-5.759491411573167e-06,0.8835980296779714,0.40800185275083867,1.1164680618010292,-1.1966591097144175,0.6387502276074313,0.44686885862897174,169096.69161038386,0.21140122413635254
2281.6666666666665,43000.0,43000.0,0.7807454780507933,-5.759491411603205e-06,-5.759491411573167e-06,0.8835980296779714,0.4091177680756805,1.1491808727025434,-1.1719031891991987,0.6396231457666918,0.448004715722009,169262.93501800922,0.19594597816467285
2281.8333333333335,43000.0,43000.0,0.7807454780507933,-5.759491411603205e-06,-5.759491411573167e-06,0.8835980296779714,0.41015259205685956,1.1882849748122608,-1.1882847595139296,0.6404315674628772,0.44901941697253145,169452.70397463982,0.20096516609191895
2282.0,43000.0,43000.0,0.7807454780507933,-5.759491411603205e-06,-5.759491411573167e-06,0.8835980296779714,0.41111033285550475,1.2414658371015495,-1.2414658371015659,0.6411788622612834,0.449964776628291,169664.53498198927,0.3410015106201172
2340.1666666666665,43000.0,43000.0,0.7718293520227691,1.215731712013829e-05,1.2157317120166185e-05,0.8785381904179062,0.39006139535741696,0.8860955018976127,-0.8861299274530745,0.6245489537097932,0.4281897601735484,168326.0369133001,0.3181736469268799
2340.3333333333335,43000.0,43000.0,0.7718293520227691,1.215731712013829e-05,1.2157317120166185e-05,0.8785381904179062,0.39206951919262845,0.9060526393713889,-0.906052639371402,0.626154549125825,0.43032135659972426,168313.17701658444,0.6238322257995605
2340.5,43000.0,43000.0,0.7718293520227691,1.215731712013829e-05,1.2157317120166185e-05,0.8785381904179062,0.3939973699572814,0.9294356541868126,-0.9294496134419602,0.6276920981864483,0.43231695348245547,168311.31863659897,0.6383605003356934
2340.6666666666665,43000.0,43000.0,0.7718293520227691,1.215731712013829e-05,1.2157317120166185e-05,0.8785381904179062,0.3958026900360983,0.9466732871055277,-0.9467972355254006,0.6291285164162951,0.43409847699046505,168320.7770404928,0.5751116275787354
2340.8333333333335,43000.0,43000.0,0.7718293520227691,1.215731712013829e-05,1.2157317120166185e-05,0.8785381904179062,0.39750790778807144,0.9637895275529521,-0.9638345909246613,0.6304822819819965,0.43589221747536977,168350.233033091,1.0005745887756348
2341.0,43000.0,43000.0,0.7718293520227691,1.215731712013829e-05,1.2157317120166185e-05,0.8785381904179062,0.39913509706980244,0.9988893235697204,-0.9990706279087517,0.6317713962726523,0.4375160521562346,168406.53642347033,0.8693816661834717
2341.1666666666665,43000.0,43000.0,0.7718293520227691,1.215731712013829e-05,1.2157317120166185e-05,0.8785381904179062,0.40069063830680923,1.0436793832405857,-1.0437326397214504,0.6330012941248586,0.43910046643814266,168494.34971887417,1.10329270362854
2341.3333333333335,43000.0,43000.0,0.7718293520227691,1.215731712013829e-05,1.2157317120166185e-05,0.8785381904179062,0.40210534360845124,1.08151141732034,-1.0814152515369027,0.6341177679657158,0.44054941802516434,168607.66814616157,0.6614809036254883
2341.5,43000.0,43000.0,0.7718293520227691,1.215731712013829e-05,1.2157317120166185e-05,0.8785381904179062,0.40334438220358687,1.1126716572259014,-1.112701287386419,0.6350939947961638,0.44175954191687256,168743.51301785454,0.4306190013885498
2341.6666666666665,43000.0,43000.0,0.7718293520227691,1.215731712013829e-05,1.2157317120166185e-05,0.8785381904179062,0.4044559688548539,1.1420423755259843,-1.1414209055791067,0.6359685282027129,0.44289180998133587,168908.78389255484,0.8923816680908203
2341.8333333333335,43000.0,43000.0,0.7718293520227691,1.215731712013829e-05,1.2157317120166185e-05,0.8785381904179062,0.4054882839367835,1.1843171373128198,-1.1833918009809217,0.6367796196018006,0.4439066215861202,169108.74967941194,0.7200417518615723
2342.0,43000.0,43000.0,0.7718293520227691,1.215731712013829e-05,1.2157317120166185e-05,0.8785381904179062,0.4064454276104872,1.2339455323531932,-1.2339455323575126,0.6375307267972723,0.44485561399774987,169341.93569326587,1.2943260669708252
2400.1666666666665,44000.0,44000.0,0.7718067036150675,2.4369307774392005e-07,2.4369307778133874e-07,0.8785253004979808,0.39004982889222495,0.88835917785633,-0.8883581485083938,0.6245396937835116,0.42817703098684345,168321.6920971046,0.23679685592651367
2400.3333333333335,44000.0,44000.0,0.7718067036150675,2.4369307774392005e-07,2.4369307778133874e-07,0.8785253004979808,0.3920607306628557,0.9082120742736556,-0.9080769112909235,0.6261475312776987,0.43031196807644934,168361.2393257421,0.19481563568115234
2400.5,44000.0,44000.0,0.7718067036150675,2.4369307774392005e-07,2.4369307778133874e-07,0.8785253004979808,0.3939913511839236,0.9438964118016666,-0.9301857692961539,0.6276873039070079,0.43231101213686074,168413.52094824356,0.6695775985717773
2400.6666666666665,44000.0,44000.0,0.7718067036150675,2.4369307774392005e-07,2.4369307778133874e-07,0.8785253004979808,0.39579892362218827,1.0148053977049345,-0.9450115509097302,0.6291255232101327,0.4340961500386755,168476.34037859348,0.21614360809326172
2400.8333333333335,44000.0,44000.0,0.7718067036150675,2.4369307774392005e-07,2.4369307778133874e-07,0.8785253004979808,0.39750558093731514,1.0658356683365455,-0.965505845061386,0.6304804368943365,0.43589264637223796,168556.41160457247,0.19909191131591797
2401.0,44000.0,44000.0,0.7718067036150675,2.4369307774392005e-07,2.4369307778133874e-07,0.8785253004979808,0.3991330427581362,1.1322021165969713,-0.9996202811752218,0.6317697706911599,0.43751819264105407,168658.97352536712,0.41208982467651367
2401.1666666666665,44000.0,44000.0,0.7718067036150675,2.4369307774392005e-07,2.4369307778133874e-07,0.8785253004979808,0.4006874520380517,1.2018509591711415,-1.0422560927712772,0.6329987776231772,0.439102995692819,168786.83639407885,0.20664715766906738
2401.3333333333335,44000.0,44000.0,0.7718067036150675,2.4369307774392005e-07,2.4369307778133874e-07,0.8785253004979808,0.4020993395823943,1.2433959379676176,-1.0822705145640032,0.6341130341322089,0.44055019632049286,168931.20758837744,0.217940092086792
2401.5,44000.0,44000.0,0.7718067036150675,2.4369307774392005e-07,2.4369307778133874e-07,0.8785253004979808,0.40333290323793064,1.2500525799818671,-1.112737702226278,0.6350849578836164,0.44175545799232246,169086.36302741565,0.7135305404663086
2401.6666666666665,44000.0,44000.0,0.7718067036150675,2.4369307774392005e-07,2.4369307778133874e-07,0.8785253004979808,0.40443670993669584,1.2393140144300907,-1.140141513284529,0.6359533870045874,0.44287947485468165,169258.842880606,0.49802184104919434
2401.8333333333335,44000.0,44000.0,0.7718067036150675,2.4369307774392005e-07,2.4369307778133874e-07,0.8785253004979808,0.40545996102562315,1.2286890310548584,-1.1842990618913134,0.6367573804499967,0.44388340654993963,169454.74252162722,0.32250475883483887
2402.0,44000.0,44000.0,0.7718067036150675,2.4369307774392005e-07,2.4369307778133874e-07,0.8785253004979808,0.4064066112375823,1.2308784358721396,-1.230878435872213,0.6375002837525686,0.444818610970875,169672.43223397987,0.19828224182128906
2460.1666666666665,45000.0,45000.0,0.762315464545501,-1.1495737038867518e-05,-1.1495737038832604e-05,0.8731067887409312,0.3852550386224009,0.8832532275569621,-0.8832532275569258,0.6206891644651152,0.42291351444901265,168358.9895304292,0.2001509666442871
2460.3333333333335,45000.0,45000.0,0.762315464545501,-1.1495737038867518e-05,-1.1495737038832604e-05,0.8731067887409312,0.3872384089843233,0.902571862383106,-0.9025718623830904,0.6222848296592826,0.42501890007592574,168347.32979343762,0.5579328536987305
2460.5,45000.0,45000.0,0.762315464545501,-1.1495737038867518e-05,-1.1495737038832604e-05,0.8731067887409312,0.3891423267400972,0.9232449542842953,-0.9232314292234013,0.6238127338794796,0.42698990435530926,168345.58039186086,0.21810317039489746
2460.6666666666665,45000.0,45000.0,0.762315464545501,-1.1495737038867518e-05,-1.1495737038832604e-05,0.8731067887409312,0.3909250060328569,0.9397409214592687,-0.9397409267037523,0.6252399588992666,0.4287491256224361,168353.90216861345,0.3125579357147217
2460.8333333333335,45000.0,45000.0,0.762315464545501,-1.1495737038867518e-05,-1.1495737038832604e-05,0.8731067887409312,0.3926087496354392,0.9602668006515692,-0.9602668006515623,0.6265849900679026,0.4305203299376259,168381.22159618672,0.5495343208312988
2461.0,45000.0,45000.0,0.762315464545501,-1.1495737038867518e-05,-1.1495737038832604e-05,0.8731067887409312,0.3942152832613345,0.9922467711920538,-0.9920721391537436,0.6278656571071924,0.43212350310421965,168434.46350911047,0.5198163986206055
2461.1666666666665,45000.0,45000.0,0.762315464545501,-1.1495737038867518e-05,-1.1495737038832604e-05,0.8731067887409312,0.3957509337998481,1.0354454068121306,-1.03544540681215,0.6290873817590598,0.43368747197269797,168518.2508147715,0.20362591743469238
2461.3333333333335,45000.0,45000.0,0.762315464545501,-1.1495737038867518e-05,-1.1495737038832604e-05,0.8731067887409312,0.3971474472584808,1.0771336083421916,-1.076842063804916,0.6301963561691811,0.4351175704456952,168626.66301015415,0.19937586784362793
2461.5,45000.0,45000.0,0.762315464545501,-1.1495737038867518e-05,-1.1495737038832604e-05,0.8731067887409312,0.3983703498116079,1.1037520780841286,-1.1037268538568556,0.6311658655672766,0.43631152875757323,168756.76983953867,0.2072010040283203
2461.6666666666665,45000.0,45000.0,0.762315464545501,-1.1495737038867518e-05,-1.1495737038832604e-05,0.8731067887409312,0.3994675098811937,1.1357306590495537,-1.1353283100870593,0.6320344214577709,0.43742862073890815,168915.86513197652,0.19557499885559082
2461.8333333333335,45000.0,45000.0,0.762315464545501,-1.1495737038867518e-05,-1.1495737038832604e-05,0.8731067887409312,0.4004867525109094,1.1755493838271212,-1.1764252871818117,0.6328402266975357,0.43842999440796904,169109.66537801526,0.4518008232116699
2462.0,45000.0,45000.0,0.762315464545501,-1.1495737038867518e-05,-1.1495737038832604e-05,0.8731067887409312,0.40143213354101,1.226637446219314,-1.2261602826332714,0.6335867214103867,0.4393665129989838,169336.86084751238,0.3492765426635742
2520.1666666666665,45000.0,45000.0,0.7606375449731576,6.072093240745933e-06,6.072093240791206e-06,0.8721453691748627,0.3844035621417109,0.8807683652091443,-0.8807693489755833,0.6200028728286967,0.4219789129315958,168289.05792368925,0.46614694595336914
2520.3333333333335,45000.0,45000.0,0.7606375449731576,6.072093240745933e-06,6.072093240791206e-06,0.8721453691748627,0.3863853398665709,0.8997462737819155,-0.8998848466342902,0.621599018726012,0.42408286228023423,168326.9678188063,0.6457445621490479
2520.5,45000.0,45000.0,0.7606375449731576,6.072093240745933e-06,6.072093240791206e-06,0.8721453691748627,0.38828816541764055,0.9218241214652345,-0.9218241214652928,0.6231277282154852,0.42605294187104936,168378.67915890878,0.7410762310028076
2520.6666666666665,45000.0,45000.0,0.7606375449731576,6.072093240745933e-06,6.072093240791206e-06,0.8721453691748627,0.39006994375838544,0.9398770107101894,-0.9866775671812389,0.6245557973820348,0.4278125541356499,168442.16976871368,0.6390578746795654
2520.8333333333335,45000.0,45000.0,0.7606375449731576,6.072093240745933e-06,6.072093240791206e-06,0.8721453691748627,0.39175234077871296,0.9578740097046449,-1.0479570199089332,0.625901223118815,0.42958345013059035,168523.9267971677,0.6815986633300781
2521.0,45000.0,45000.0,0.7606375449731576,6.072093240745933e-06,6.072093240791206e-06,0.8721453691748627,0.3933568400068464,0.9907386618086157,-1.1268532042021455,0.6271816645629474,0.4311860961097495,168629.12844096063,0.7514886856079102
2521.1666666666665,45000.0,45000.0,0.7606375449731576,6.072093240745933e-06,6.072093240791206e-06,0.8721453691748627,0.39488947265522784,1.0360115698109817,-1.2116855965093314,0.6284023178252198,0.43274886655316996,168760.64002589654,0.7158849239349365
2521.3333333333335,45000.0,45000.0,0.7606375449731576,6.072093240745933e-06,6.072093240791206e-06,0.8721453691748627,0.3962816970453563,1.0746021600666473,-1.2689248596347422,0.6295090924518566,0.4341761205729536,168909.60928969624,0.39850473403930664
2521.5,45000.0,45000.0,0.7606375449731576,6.072093240745933e-06,6.072093240791206e-06,0.8721453691748627,0.3974983089395007,1.103793208952209,-1.2901945233488852,0.6304746699094127,0.43536521671200157,169070.2876248561,0.6794357299804688
2521.6666666666665,45000.0,45000.0,0.7606375449731576,6.072093240745933e-06,6.072093240791206e-06,0.8721453691748627,0.3985869241438678,1.13387022750651,-1.293399520369544,0.6313374094900015,0.436474242841457,169248.82777223038,0.4654417037963867
2521.8333333333335,45000.0,45000.0,0.7606375449731576,6.072093240745933e-06,6.072093240791206e-06,0.8721453691748627,0.39959578737857704,1.17360959398114,-1.297705827617941,0.6321358935277982,0.4374646565640522,169450.87468979167,0.47770142555236816
2522.0,45000.0,45000.0,0.7606375449731576,6.072093240745933e-06,6.072093240791206e-06,0.8721453691748627,0.4005287912169923,1.2254424144465663,-1.3019061663405784,0.6328734405433503,0.43838721094444894,169674.63655102398,1.5421972274780273
2580.1666666666665,46000.0,46000.0,0.7559148433328726,-5.591648934006423e-06,-5.591648933978445e-06,0.8694336336563433,0.38202196760475154,0.8784953063038046,-0.8789376680277917,0.6180792569769965,0.4193643449553422,168391.02544587853,0.59104323387146
2580.3333333333335,46000.0,46000.0,0.7559148433328726,-5.591648934006423e-06,-5.591648933978445e-06,0.8694336336563433,0.3839887318118868,0.8981085810721788,-0.8985123884215633,0.6196682435731925,0.42145217185917305,168381.4271256351,0.1979987621307373
2580.5,46000.0,46000.0,0.7559148433328726,-5.591648934006423e-06,-5.591648933978445e-06,0.8694336336563433,0.38587654703360125,0.9204949323820601,-0.9204949321275177,0.6211896226486947,0.42340669120231766,168380.70540229126,0.4621438980102539
2580.6666666666665,46000.0,46000.0,0.7559148433328726,-5.591648934006423e-06,-5.591648933978445e-06,0.8694336336563433,0.3876439222816604,0.936118952018318,-0.9361189467320397,0.6226105704971037,0.42515087177050376,168388.8278989739,0.4874231815338135
2580.8333333333335,46000.0,46000.0,0.7559148433328726,-5.591648934006423e-06,-5.591648933978445e-06,0.8694336336563433,0.38931311393856705,0.9546641910206407,-0.9546641910204529,0.6239496086403925,0.4269068399433119,168414.92695953973,0.50372314453125
2581.0,46000.0,46000.0,0.7559148433328726,-5.591648934006423e-06,-5.591648933978445e-06,0.8694336336563433,0.39090558592342434,0.989235600766901,-0.9892356007668857,0.6252244285660462,0.42849595805521473,168465.97310262616,0.22073078155517578
2581.1666666666665,46000.0,46000.0,0.7559148433328726,-5.591648934006423e-06,-5.591648933978445e-06,0.8694336336563433,0.3924276323118414,1.0322835185071804,-1.0322835185071542,0.6264404460420027,0.4300459182640788,168546.519094998,0.24914312362670898
2581.3333333333335,46000.0,46000.0,0.7559148433328726,-5.591648934006423e-06,-5.591648933978445e-06,0.8694336336563433,0.39381164579261074,1.0699481471580679,-1.069942030596774,0.6275441386055944,0.43146302150253546,168650.6790625892,0.3352820873260498
2581.5,46000.0,46000.0,0.7559148433328726,-5.591648934006423e-06,-5.591648933978445e-06,0.8694336336563433,0.39502335583310677,1.1014449992395188,-1.1014998311704405,0.6285088351875723,0.4326456675981869,168775.5231918032,0.2233123779296875
2581.6666666666665,46000.0,46000.0,0.7559148433328726,-5.591648934006423e-06,-5.591648933978445e-06,0.8694336336563433,0.3961104744379999,1.1277210411115268,-1.1281048501975792,0.6293730805243111,0.4337520650324237,168928.72335672315,0.24436163902282715
2581.8333333333335,46000.0,46000.0,0.7559148433328726,-5.591648934006423e-06,-5.591648933978445e-06,0.8694336336563433,0.3971206726500302,1.1719484707768222,-1.1721065826576207,0.6301751127157144,0.43474395241498126,169116.44627830133,0.37591004371643066
2582.0,46000.0,46000.0,0.7559148433328726,-5.591648934006423e-06,-5.591648933978445e-06,0.8694336336563433,0.3980579758427835,1.219650631993414,-1.2201058569799745,0.63091835911199,0.43567162839725987,169337.54037121046,0.20592927932739258
2640.1666666666665,46000.0,46000.0,0.7473497535762887,1.1677399301754757e-05,1.1677399301788627e-05,0.8644939291726048,0.37768672819384386,0.8746173168590309,-0.8746169823603326,0.6145622249420994,0.41460557543746135,168257.89261801407,0.21959471702575684
2640.3333333333335,46000.0,46000.0,0.7473497535762887,1.1677399301754757e-05,1.1677399301788627e-05,0.8644939291726048,0.37963381653013506,0.8938603454620986,-0.8938594681952814,0.6161443148310065,0.4166726270940718,168293.33547256794,0.30498480796813965
2640.5,46000.0,46000.0,0.7473497535762887,1.1677399301754757e-05,1.1677399301788627e-05,0.8644939291726048,0.38150348944922,0.914836792248851,-0.9148367922487791,0.6176596875741213,0.4186081992286505,168343.57152839712,0.22499632835388184
2640.6666666666665,46000.0,46000.0,0.7473497535762887,1.1677399301754757e-05,1.1677399301788627e-05,0.8644939291726048,0.3832544455234072,0.9490866254791551,-0.9294579432847414,0.6190754766265862,0.42033730096475685,168406.78869787464,0.2028484344482422
2640.8333333333335,46000.0,46000.0,0.7473497535762887,1.1677399301754757e-05,1.1677399301788627e-05,0.8644939291726048,0.3849078390071071,1.0198359401242139,-0.9507559891633799,0.6204094126313079,0.42207758791784816,168489.29070973335,0.19687819480895996
2641.0,46000.0,46000.0,0.7473497535762887,1.1677399301754757e-05,1.1677399301788627e-05,0.8644939291726048,0.3864848575677162,1.1102691352769838,-0.9830809666307007,0.6216790634060054,0.4236527942114927,168596.22530163612,0.3299276828765869
2641.1666666666665,46000.0,46000.0,0.7473497535762887,1.1677399301754757e-05,1.1677399301788627e-05,0.8644939291726048,0.38799140951564326,1.2091903304432785,-1.023951336439644,0.6228895647402215,0.42518910510958524,168730.54228834005,0.2100813388824463
2641.3333333333335,46000.0,46000.0,0.7473497535762887,1.1677399301754757e-05,1.1677399301788627e-05,0.8644939291726048,0.3893600820783561,1.2812981797722474,-1.0660021013421535,0.6239872454360275,0.42659239165680485,168883.38013545013,0.7006430625915527
2641.5,46000.0,46000.0,0.7473497535762887,1.1677399301754757e-05,1.1677399301788627e-05,0.8644939291726048,0.3905563772363562,1.3167337940522486,-1.0939235059586436,0.6249450997111228,0.42776199583290264,169049.01386064128,0.19184613227844238
2641.6666666666665,46000.0,46000.0,0.7473497535762887,1.1677399301754757e-05,1.1677399301788627e-05,0.8644939291726048,0.3916268395746788,1.3336274559403616,-1.1235439119913535,0.6258009587848936,0.4288529842618137,169233.2314669327,0.20389056205749512
2641.8333333333335,46000.0,46000.0,0.7473497535762887,1.1677399301754757e-05,1.1677399301788627e-05,0.8644939291726048,0.392618623949521,1.352583316626797,-1.1647756445263484,0.6265928697518481,0.4298272268232526,169441.2325748531,0.2556436061859131
2642.0,46000.0,46000.0,0.7473497535762887,1.1677399301754757e-05,1.1677399301788627e-05,0.8644939291726048,0.39353555271341645,1.3731807769830127,-1.213095797651144,0.6273241213384133,0.43073472474751606,169671.07287928712,0.2129044532775879
2700.1666666666665,47000.0,47000.0,0.7472748644717079,1.943999130712324e-07,1.943999131041802e-07,0.864450614246822,0.3776570441082209,0.8742186485839688,-0.8738163504211082,0.6145380740385418,0.4145726900298716,168421.0518656678,0.6680402755737305
2700.3333333333335,47000.0,47000.0,0.7472748644717079,1.943999130712324e-07,1.943999131041802e-07,0.864450614246822,0.37960141997759494,0.8931268174941632,-0.8927573958416295,0.6161180246487075,0.4166368212427745,168414.30587723647,0.5901353359222412
2700.5,47000.0,47000.0,0.7472748644717079,1.943999130712324e-07,1.943999131041802e-07,0.864450614246822,0.38146759719281353,0.9130686694310455,-0.9125422159109038,0.6176306319203616,0.41856911966949345,168415.4954493539,0.7853872776031494
2700.6666666666665,47000.0,47000.0,0.7472748644717079,1.943999130712324e-07,1.943999131041802e-07,0.864450614246822,0.38321449837007987,0.9320695419262074,-0.9313622104855651,0.6190432122429333,0.42029317596605065,168424.3627884601,0.6928613185882568
2700.8333333333335,47000.0,47000.0,0.7472748644717079,1.943999130712324e-07,1.943999131041802e-07,0.864450614246822,0.3848642513765538,0.9501916412645216,-0.9501916412647163,0.6203742834789554,0.42202878253509657,168450.19929770543,0.6438384056091309
2701.0,47000.0,47000.0,0.7472748644717079,1.943999130712324e-07,1.943999131041802e-07,0.864450614246822,0.38643799508693216,0.9818256952360457,-0.9807924480534026,0.6216413719179845,0.4235992149496605,168499.99028478042,0.5805628299713135
2701.1666666666665,47000.0,47000.0,0.7472748644717079,1.943999130712324e-07,1.943999131041802e-07,0.864450614246822,0.38794196648878904,1.026462192664655,-1.0264629282942508,0.6228498748929097,0.4251306519662845,168578.1902308197,0.5451209545135498
2701.3333333333335,47000.0,47000.0,0.7472748644717079,1.943999130712324e-07,1.943999131041802e-07,0.864450614246822,0.38930939458827546,1.0658088188069885,-1.0658136097889912,0.6239466281127354,0.42653061156488065,168678.89706696937,0.5491886138916016
2701.5,47000.0,47000.0,0.7472748644717079,1.943999130712324e-07,1.943999131041802e-07,0.864450614246822,0.39050630408046033,1.0929778399947248,-1.0929820565145842,0.6249050361387224,0.4276984627140839,168799.13341757472,0.6963374614715576
2701.6666666666665,47000.0,47000.0,0.7472748644717079,1.943999130712324e-07,1.943999131041802e-07,0.864450614246822,0.3915800956567064,1.124235879879277,-1.1243179993824217,0.6257636101101196,0.42879085360877706,168946.92006248957,0.6456248760223389
2701.8333333333335,47000.0,47000.0,0.7472748644717079,1.943999130712324e-07,1.943999131041802e-07,0.864450614246822,0.3925781427311369,1.1618763898490454,-1.1618019797212304,0.6265605659432362,0.4297702186017757,169128.86122152995,1.0798590183258057
2702.0,47000.0,47000.0,0.7472748644717079,1.943999130712324e-07,1.943999131041802e-07,0.864450614246822,0.393504425542983,1.2146925003073843,-1.2151928288074934,0.6272993110054897,0.4306861489963715,169343.95124030733,0.3582785129547119
2760.1666666666665,48000.0,48000.0,0.738075122402301,-1.1118415994210556e-05,-1.1118415994183864e-05,0.8591129858186879,0.37299819006371066,0.8671130170878618,-0.8671130170878663,0.6107357776964278,0.4094587930173796,168229.25936125917,0.19064593315124512
2760.3333333333335,48000.0,48000.0,0.738075122402301,-1.1118415994210556e-05,-1.1118415994183864e-05,0.8591129858186879,0.3749210034113526,0.8865843462941208,-0.8865843462941191,0.6123079319574728,0.41150000385034674,168261.48960634135,0.3148369789123535
2760.5,48000.0,48000.0,0.738075122402301,-1.1118415994210556e-05,-1.1118415994183864e-05,0.8591129858186879,0.37676750556279964,0.9091977861229343,-0.909197786122898,0.6138139015392915,0.41341141203887094,168309.39567600514,0.197495698928833
2760.6666666666665,48000.0,48000.0,0.738075122402301,-1.1118415994210556e-05,-1.1118415994183864e-05,0.8591129858186879,0.37849696938260763,0.9255714961340435,-0.925571496133965,0.6152210737401915,0.41511920070837505,168371.40408711313,0.6639761924743652
2760.8333333333335,48000.0,48000.0,0.738075122402301,-1.1118415994210556e-05,-1.1118415994183864e-05,0.8591129858186879,0.38013017051493336,0.9421740835146571,-0.9860169717988562,0.6165469736706406,0.41683814021565274,168453.68483250562,0.19691824913024902
2761.0,48000.0,48000.0,0.738075122402301,-1.1118415994210556e-05,-1.1118415994183864e-05,0.8591129858186879,0.3816881120277436,0.977123997811624,-1.087272263483686,0.6178091228612,0.4183942751059214,168561.38647804604,0.16841650009155273
2761.1666666666665,48000.0,48000.0,0.738075122402301,-1.1118415994210556e-05,-1.1118415994183864e-05,0.8591129858186879,0.383176617019244,1.0204897790839291,-1.1994782956303427,0.6190126148304603,0.41991227797021935,168697.56986590574,0.4962160587310791
2761.3333333333335,48000.0,48000.0,0.738075122402301,-1.1118415994210556e-05,-1.1118415994183864e-05,0.8591129858186879,0.38452905187713016,1.056824514154318,-1.2857999690349708,0.6201040656363099,0.42129905753433583,168853.4148744921,0.19326448440551758
2761.5,48000.0,48000.0,0.738075122402301,-1.1118415994210556e-05,-1.1118415994183864e-05,0.8591129858186879,0.3857114463773923,1.0882235253118577,-1.334977271621263,0.6210567178208988,0.42245539485593814,169023.2674944037,0.4870572090148926
2761.6666666666665,48000.0,48000.0,0.738075122402301,-1.1118415994210556e-05,-1.1118415994183864e-05,0.8591129858186879,0.3867695436056991,1.1156493351324916,-1.365253703201406,0.621907986769521,0.42353420070297376,169212.5861085925,0.2675795555114746
2761.8333333333335,48000.0,48000.0,0.738075122402301,-1.1118415994210556e-05,-1.1118415994183864e-05,0.8591129858186879,0.3877496709104392,1.1575530537677499,-1.3985264923466165,0.6226954884593422,0.4244975676431815,169426.14524806256,0.2624647617340088
2762.0,48000.0,48000.0,0.738075122402301,-1.1118415994210556e-05,-1.1118415994183864e-05,0.8591129858186879,0.38865560368042085,1.2062588463607367,-1.435152487493026,0.6234224924935116,0.42539500378472833,169661.86295118756,0.35392236709594727
2820.1666666666665,48000.0,48000.0,0.7364852188116902,5.81273000579721e-06,5.812730005827928e-06,0.8581871700344221,0.3722055347504156,0.8680198572389886,-0.8680198572389966,0.6100864980589435,0.40858824362923346,168448.04456811622,0.3498499393463135
2820.3333333333335,48000.0,48000.0,0.7364852188116902,5.81273000579721e-06,5.812730005827928e-06,0.8581871700344221,0.37412196802335757,0.8872291112596975,-0.8872291112596908,0.6116551057386349,0.41062278105329103,168444.84450962133,0.35978031158447266
2820.5,48000.0,48000.0,0.7364852188116902,5.81273000579721e-06,5.812730005827928e-06,0.8581871700344221,0.37596119642756326,0.90856413060254,-0.9090328547486286,0.6131567472987383,0.4125273475360105,168448.76376982348,0.5302283763885498
2820.6666666666665,48000.0,48000.0,0.7364852188116902,5.81273000579721e-06,5.812730005827928e-06,0.8581871700344221,0.3776826727483695,0.9225576626320722,-0.9231799887347076,0.6145589256049684,0.41422640822946644,168459.29463663264,0.5067136287689209
2820.8333333333335,48000.0,48000.0,0.7364852188116902,5.81273000579721e-06,5.812730005827928e-06,0.8581871700344221,0.3793083119829501,0.9434639227799875,-0.9444237847334787,0.6158801119119165,0.4159367460265614,168485.83534463088,0.3928508758544922
2821.0,48000.0,48000.0,0.7364852188116902,5.81273000579721e-06,5.812730005827928e-06,0.8581871700344221,0.3808588706788643,0.9763697120972176,-0.9772819617376319,0.6171376434092853,0.4174840705311324,168535.35459559318,0.23391127586364746
2821.1666666666665,48000.0,48000.0,0.7364852188116902,5.81273000579721e-06,5.812730005827928e-06,0.8581871700344221,0.3823405047594124,1.0175766683675478,-1.0175760320378797,0.6183368863053069,0.41899268587568594,168612.18379829757,0.6305010318756104
2821.3333333333335,48000.0,48000.0,0.7364852188116902,5.81273000579721e-06,5.812730005827928e-06,0.8581871700344221,0.3836874587860492,1.0576528267993082,-1.0585159392879457,0.6194251036022406,0.4203715606318146,168710.35442063736,0.19825315475463867
2821.5,48000.0,48000.0,0.7364852188116902,5.81273000579721e-06,5.812730005827928e-06,0.8581871700344221,0.3848661450285275,1.0867237837278498,-1.0867191933094629,0.6203758096335709,0.4215213287223007,168826.79514624338,0.2114851474761963
2821.6666666666665,48000.0,48000.0,0.7364852188116902,5.81273000579721e-06,5.812730005827928e-06,0.8581871700344221,0.3859234940138372,1.1143907821681893,-1.11513948019384,0.6212274093523175,0.4225965921021608,168969.83460730515,0.4957118034362793
2821.8333333333335,48000.0,48000.0,0.7364852188116902,5.81273000579721e-06,5.812730005827928e-06,0.8581871700344221,0.386906432993185,1.1568044758214029,-1.15677702074476,0.6220180327696493,0.42356057063119124,169146.4868454358,0.2075047492980957
2822.0,48000.0,48000.0,0.7364852188116902,5.81273000579721e-06,5.812730005827928e-06,0.8581871700344221,0.3878188829366454,1.2028781343830597,-1.2032757903910996,0.6227510602251191,0.42446201695779706,169355.8749329527,0.19521117210388184
2880.1666666666665,49000.0,49000.0,0.7318817225360046,-5.428212264819749e-06,-5.428212264796669e-06,0.8555008606284418,0.36986700449827814,0.8652884820468327,-0.8652884820468338,0.6081669216269999,0.4060215867285483,168204.13497894662,0.3745849132537842
2880.3333333333335,49000.0,49000.0,0.7318817225360046,-5.428212264819749e-06,-5.428212264796669e-06,0.8555008606284418,0.37177353320197437,0.8841563335503959,-0.8841563335503877,0.6097323456171492,0.4080454416581914,168232.5166235935,0.6469540596008301
2880.5,49000.0,49000.0,0.7318817225360046,-5.428212264819749e-06,-5.428212264796669e-06,0.8555008606284418,0.3736045165249607,0.9041289776933866,-0.9041289776934119,0.6112319663141802,0.4099406207337696,168277.3174636328,0.5803282260894775
2880.6666666666665,49000.0,49000.0,0.7318817225360046,-5.428212264819749e-06,-5.428212264796669e-06,0.8555008606284418,0.375319632407586,0.9215691485968189,-0.9211888765932621,0.6126333589974259,0.41163413788044584,168337.2230020434,0.6379718780517578
2880.8333333333335,49000.0,49000.0,0.7318817225360046,-5.428212264819749e-06,-5.428212264796669e-06,0.8555008606284418,0.3769393862560281,0.9462417140170738,-0.940798026023494,0.6139538960204951,0.4133388193047684,168418.32375338383,0.4628255367279053
2881.0,49000.0,49000.0,0.7318817225360046,-5.428212264819749e-06,-5.428212264796669e-06,0.8555008606284418,0.3784846798142258,1.057429125228728,-0.9715302220119488,0.6152110857512936,0.4148822801322042,168525.80037497557,0.526435136795044
2881.1666666666665,49000.0,49000.0,0.7318817225360046,-5.428212264819749e-06,-5.428212264796669e-06,0.8555008606284418,0.3799612813170563,1.1820505760704616,-1.01508808316641,0.6164099947037095,0.41638819838426677,168662.84749386593,0.6011233329772949
2881.3333333333335,49000.0,49000.0,0.7318817225360046,-5.428212264819749e-06,-5.428212264796669e-06,0.8555008606284418,0.3813030713831526,1.2818756735324413,-1.0550993750142927,0.6174974264538169,0.41776416517854803,168820.73567824485,0.6267552375793457
2881.5,49000.0,49000.0,0.7318817225360046,-5.428212264819749e-06,-5.428212264796669e-06,0.8555008606284418,0.38247646980881905,1.3443312369637022,-1.080671089747417,0.6184468207830174,0.41891197793003265,168993.92682248275,0.3384068012237549
2881.6666666666665,49000.0,49000.0,0.7318817225360046,-5.428212264819749e-06,-5.428212264796669e-06,0.8555008606284418,0.38352663385935953,1.387653916998208,-1.1125872424869114,0.619295272240337,0.41998306724694834,169187.5960428919,0.7197155952453613
2881.8333333333335,49000.0,49000.0,0.7318817225360046,-5.428212264819749e-06,-5.428212264796669e-06,0.8555008606284418,0.3844992717207541,1.4348778690408408,-1.1511608206115793,0.6200800529909111,0.42093961107985867,169406.12751001448,0.20247912406921387
2882.0,49000.0,49000.0,0.7318817225360046,-5.428212264819749e-06,-5.428212264796669e-06,0.8555008606284418,0.38539813019553193,1.4871269760440489,-1.2017729237514092,0.6208044222010337,0.42183081844641374,169647.3211103123,1.1967337131500244
2940.1666666666665,49000.0,49000.0,0.7236532614271841,1.1216960825741837e-05,1.1216960825768605e-05,0.8506781185778697,0.36572164436328136,0.8604956915552822,-0.8585570145290526,0.6047492412136316,0.4014705112000976,168471.0828346865,0.2100052833557129
2940.3333333333335,49000.0,49000.0,0.7236532614271841,1.1216960825741837e-05,1.1216960825768605e-05,0.8506781185778697,0.3676048527740897,0.8779582053654379,-0.8769987065184996,0.6063042579051587,0.4034698425477796,168472.00133427454,0.47273731231689453
2940.5,49000.0,49000.0,0.7236532614271841,1.1216960825741837e-05,1.1216960825768605e-05,0.8506781185778697,0.36941208736449826,0.8996009854982199,-0.8996009855009535,0.6077927999954783,0.4053414343909706,168479.37553696666,0.5471837520599365
2940.6666666666665,49000.0,49000.0,0.7236532614271841,1.1216960825741837e-05,1.1216960825768605e-05,0.8506781185778697,0.3711034445337589,0.9167344510222315,-0.9167344513582376,0.6091826038720316,0.40701087648699324,168492.43183851437,0.233198881149292
2940.8333333333335,49000.0,49000.0,0.7236532614271841,1.1216960825741837e-05,1.1216960825768605e-05,0.8506781185778697,0.37270054152021426,0.9346448533321922,-0.9337803346722726,0.6104920489432826,0.4086912930385801,168520.61944463497,0.1861424446105957
2941.0,49000.0,49000.0,0.7236532614271841,1.1216960825741837e-05,1.1216960825768605e-05,0.8506781185778697,0.37422370147203887,0.9668391355950482,-0.9668391355953723,0.6117382624495245,0.41021132762527557,168570.85962653387,0.17850661277770996
2941.1666666666665,49000.0,49000.0,0.7236532614271841,1.1216960825741837e-05,1.1216960825768605e-05,0.8506781185778697,0.37567897603805583,1.0118368366207895,-1.0105854005122352,0.6129265667962343,0.4116930688601157,168647.34013940796,0.36579084396362305
2941.3333333333335,49000.0,49000.0,0.7236532614271841,1.1216960825741837e-05,1.1216960825768605e-05,0.8506781185778697,0.377001793309618,1.0483909868567642,-1.04766180794789,0.6140047178467999,0.4130471525820838,168743.9779932168,0.7054309844970703
2941.5,49000.0,49000.0,0.7236532614271841,1.1216960825741837e-05,1.1216960825768605e-05,0.8506781185778697,0.37815904526669747,1.078933602565073,-1.0770307279397573,0.6149463760826989,0.4141757668596981,168857.56476195145,0.2144758701324463
2941.6666666666665,49000.0,49000.0,0.7236532614271841,1.1216960825741837e-05,1.1216960825768605e-05,0.8506781185778697,0.37919703195495336,1.1062254131557028,-1.1056254384161655,0.6157897629143173,0.41523099617472004,168996.6853702536,0.5196566581726074
2941.8333333333335,49000.0,49000.0,0.7236532614271841,1.1216960825741837e-05,1.1216960825768605e-05,0.8506781185778697,0.38016208300390186,1.1479223544359352,-1.14532271282173,0.616572853066702,0.41617692056185207,169168.72200667424,0.3648340702056885
2942.0,49000.0,49000.0,0.7236532614271841,1.1216960825741837e-05,1.1216960825768605e-05,0.8506781185778697,0.3810580467436478,1.1953519983559153,-1.195088518770041,0.6172989930766816,0.41706133463394435,169372.90486085913,0.19724774360656738
3000.1666666666665,50000.0,50000.0,0.7235302165234145,1.4871706500736793e-07,1.4871706503424485e-07,0.8506057938454302,0.36564542633134317,0.8598470179259466,-0.8598470326407791,0.6046862214142703,0.40138739244093063,168183.37660954107,0.41795825958251953
3000.3333333333335,50000.0,50000.0,0.7235302165234145,1.4871706500736793e-07,1.4871706503424485e-07,0.8506057938454302,0.3675300179325394,0.8789863708338976,-0.8789887152460831,0.6062425405649329,0.40338789591789603,168207.40494427437,0.1854417324066162
3000.5,50000.0,50000.0,0.7235302165234145,1.4871706500736793e-07,1.4871706503424485e-07,0.8506057938454302,0.3693400293741572,0.9006320110406064,-0.9006915564882875,0.6077335184577427,0.40526122057298297,168248.43122077145,0.20388007164001465
3000.6666666666665,50000.0,50000.0,0.7235302165234145,1.4871706500736793e-07,1.4871706503424485e-07,0.8506057938454302,0.3710356612529221,0.9154355120279721,-0.9158264236250757,0.609126966536834,0.4069353854184001,168305.41147637158,0.1676480770111084
3000.8333333333335,50000.0,50000.0,0.7235302165234145,1.4871706500736793e-07,1.4871706503424485e-07,0.8506057938454302,0.3726371124011668,0.9344611447449498,-0.9345993440657157,0.6104400974224674,0.4086206927427246,168384.41372831646,0.5143280029296875
3001.0,50000.0,50000.0,0.7235302165234145,1.4871706500736793e-07,1.4871706503424485e-07,0.8506057938454302,0.3741651148577847,0.9678743959401086,-1.0172659972660218,0.611690375132692,0.41014681969307437,168490.68089718604,0.4264717102050781
3001.1666666666665,50000.0,50000.0,0.7235302165234145,1.4871706500736793e-07,1.4871706503424485e-07,0.8506057938454302,0.3756253710310827,1.0095589112671992,-1.1529288539183076,0.6128828364686877,0.41163608103125515,168627.5595962625,0.5719943046569824
3001.3333333333335,50000.0,50000.0,0.7235302165234145,1.4871706500736793e-07,1.4871706503424485e-07,0.8506057938454302,0.3769524850485106,1.0473886721456402,-1.2651215187906775,0.6139645635485842,0.4129970583010903,168786.45727492232,0.5978784561157227
3001.5,50000.0,50000.0,0.7235302165234145,1.4871706500736793e-07,1.4871706503424485e-07,0.8506057938454302,0.3781133661778546,1.0775252720548432,-1.3400968678982357,0.6149092343245497,0.41413284051451793,168961.99271433282,0.4151477813720703
3001.6666666666665,50000.0,50000.0,0.7235302165234145,1.4871706500736793e-07,1.4871706503424485e-07,0.8506057938454302,0.37915248332934626,1.1032257919505075,-1.3959016932261636,0.6157535900366379,0.4151929742761612,169159.1137797502,1.0632095336914062
3001.8333333333335,50000.0,50000.0,0.7235302165234145,1.4871706500736793e-07,1.4871706503424485e-07,0.8506057938454302,0.380114812848463,1.146665935704598,-1.4564645794986508,0.616534519065264,0.4161398624354059,169381.862311632,0.6191668510437012
3002.0,50000.0,50000.0,0.7235302165234145,1.4871706500736793e-07,1.4871706503424485e-07,0.8506057938454302,0.3810040643336968,1.1925227553357223,-1.5236575661471556,0.6172552670643445,0.4170222537151014,169627.94356554863,0.5877149105072021
3060.1666666666665,51000.0,51000.0,0.7146133117209003,-1.0753336307919452e-05,-1.0753336307896369e-05,0.8453480417679455,0.3611539054508646,0.8552439934664413,-0.8576113696569284,0.6009608189003032,0.3964562421992172,168489.3808480409,0.35779881477355957
3060.3333333333335,51000.0,51000.0,0.7146133117209003,-1.0753336307919452e-05,-1.0753336307896369e-05,0.8453480417679455,0.36301378246501886,0.874003089006881,-0.8748603517550669,0.6025062513100775,0.39843086452491266,168494.85003864486,0.42464375495910645
3060.5,51000.0,51000.0,0.7146133117209003,-1.0753336307919452e-05,-1.0753336307896369e-05,0.8453480417679455,0.36479854448551047,0.8942522267463991,-0.8942522267455332,0.6039855502204957,0.4002793192728355,168506.28656646895,0.5515904426574707
3060.6666666666665,51000.0,51000.0,0.7146133117209003,-1.0753336307919452e-05,-1.0753336307896369e-05,0.8453480417679455,0.36646872544329173,0.9094251083605892,-0.9094251083578228,0.6053666044647704,0.40192797601953945,168522.64403155042,0.4391143321990967
3060.8333333333335,51000.0,51000.0,0.7146133117209003,-1.0753336307919452e-05,-1.0753336307896369e-05,0.8453480417679455,0.3680457322820784,0.9297581287101225,-0.9297581287077434,0.6066677283487413,0.4035873672663563,168553.3650236723,0.2331249713897705
3061.0,51000.0,51000.0,0.7146133117209003,-1.0753336307919452e-05,-1.0753336307896369e-05,0.8453480417679455,0.36954956979498366,0.960945950726895,-0.9609459507266112,0.6079058891846043,0.40508819190610484,168605.29417938323,0.4803946018218994
3061.1666666666665,51000.0,51000.0,0.7146133117209003,-1.0753336307919452e-05,-1.0753336307896369e-05,0.8453480417679455,0.3709862110988811,1.0019651010092538,-1.001965041428989,0.6090863743225127,0.4065509680538197,168682.45992736734,0.6484227180480957
3061.3333333333335,51000.0,51000.0,0.7146133117209003,-1.0753336307919452e-05,-1.0753336307896369e-05,0.8453480417679455,0.3722919144740702,1.0425474929664238,-1.042547492961514,0.610157286890019,0.4078874936884458,168778.6207388117,0.24050235748291016
3061.5,51000.0,51000.0,0.7146133117209003,-1.0753336307919452e-05,-1.0753336307896369e-05,0.8453480417679455,0.3734338806099631,1.0691580088081476,-1.0708480205674593,0.6110923668666213,0.4090010173203603,168890.3925928899,0.15965485572814941
3061.6666666666665,51000.0,51000.0,0.7146133117209003,-1.0753336307919452e-05,-1.0753336307896369e-05,0.8453480417679455,0.3744579867094258,1.0990057109243465,-1.1000961680301036,0.6119297238290773,0.4100418564776609,169026.5564071396,0.6486306190490723
3061.8333333333335,51000.0,51000.0,0.7146133117209003,-1.0753336307919452e-05,-1.0753336307896369e-05,0.8453480417679455,0.3754101799636779,1.138573449517692,-1.1408682342479293,0.6127072548449007,0.4109747298435488,169194.80827202433,0.22796916961669922
3062.0,51000.0,51000.0,0.7146133117209003,-1.0753336307919452e-05,-1.0753336307896369e-05,0.8453480417679455,0.37629425398123434,1.1867867034625892,-1.1889682064344058,0.6134282795327402,0.4118467431160988,169394.46021736372,0.4084343910217285
3120.1666666666665,51000.0,51000.0,0.7131067859874977,5.564692751822346e-06,5.564692751842768e-06,0.8444565033129283,0.3603770446963549,0.8532267733770508,-0.8532267598903033,0.6003141217011534,0.3956040585530853,168167.69245453703,0.185044527053833
3120.3333333333335,51000.0,51000.0,0.7131067859874977,5.564692751822346e-06,5.564692751842768e-06,0.8444565033129283,0.36223428008899533,0.8716667250046994,-0.871664362606937,0.6018590201381333,0.39757546534807225,168187.01127716093,0.5972168445587158
3120.5,51000.0,51000.0,0.7131067859874977,5.564692751822346e-06,5.564692751842768e-06,0.8444565033129283,0.36401808740562347,0.8920552538349712,-0.8920552538349812,0.6033391148083088,0.39942154451897943,168223.72240644565,0.25795912742614746
3120.6666666666665,51000.0,51000.0,0.7131067859874977,5.564692751822346e-06,5.564692751842768e-06,0.8444565033129283,0.3656893000864524,0.9099714591452147,-0.9099714591452228,0.6047224984743667,0.4010714798341564,168277.05473192735,0.20270013809204102
3120.8333333333335,51000.0,51000.0,0.7131067859874977,5.564692751822346e-06,5.564692751842768e-06,0.8444565033129283,0.3672677787744832,0.9280234548438316,-0.9278640866603313,0.6060262196270567,0.402732497442093,168353.11153337295,0.23934483528137207
3121.0,51000.0,51000.0,0.7131067859874977,5.564692751822346e-06,5.564692751842768e-06,0.8444565033129283,0.3687740171526852,0.968252756206435,-0.9587581451636727,0.607267665270145,0.4042368041414185,168457.22604426584,0.5468215942382812
3121.1666666666665,51000.0,51000.0,0.7131067859874977,5.564692751822346e-06,5.564692751842768e-06,0.8444565033129283,0.3702136413144916,1.1126152399884972,-1.0029701815786416,0.6084518398987258,0.40570499537700444,168592.909888662,0.26602864265441895
3121.3333333333335,51000.0,51000.0,0.7131067859874977,5.564692751822346e-06,5.564692751842768e-06,0.8444565033129283,0.37152218123661146,1.2358901303820256,-1.0408530190447707,0.6095261942140441,0.4070469418242889,168751.7489294758,0.6122686862945557
3121.5,51000.0,51000.0,0.7131067859874977,5.564692751822346e-06,5.564692751842768e-06,0.8444565033129283,0.3726671265690817,1.3224713760436733,-1.0682884723892783,0.6104646810422392,0.4081672808976891,168928.5544728125,0.35289597511291504
3121.6666666666665,51000.0,51000.0,0.7131067859874977,5.564692751822346e-06,5.564692751842768e-06,0.8444565033129283,0.3736921670576671,1.3900372898618214,-1.0980922849961146,0.6113036621213764,0.40921329445294435,169128.11090761566,0.23983454704284668
3121.8333333333335,51000.0,51000.0,0.7131067859874977,5.564692751822346e-06,5.564692751842768e-06,0.8444565033129283,0.37464144820759226,1.4631592528338513,-1.1357038890240165,0.6120796096171492,0.41014775324366876,169354.17744439858,0.2001206874847412
3122.0,51000.0,51000.0,0.7131067859874977,5.564692751822346e-06,5.564692751842768e-06,0.8444565033129283,0.37551863391578766,1.5444290193050016,-1.1866161057471332,0.6127957524759273,0.411018786478833,169604.39144408086,0.22391939163208008
3180.1666666666665,52000.0,52000.0,0.7086201906313866,-5.269098588580262e-06,-5.269098588556547e-06,0.841795812909156,0.35812570865797616,0.8501551075929701,-0.8501551075930579,0.5984360526176531,0.3931320145740457,168502.3144876052,0.2325887680053711
3180.3333333333335,52000.0,52000.0,0.7086201906313866,-5.269098588580262e-06,-5.269098588556547e-06,0.841795812909156,0.35997020345815883,0.8710535614232231,-0.8691885815912045,0.5999751693852037,0.39509035971392087,168512.61127439982,0.1974635124206543
3180.5,52000.0,52000.0,0.7086201906313866,-5.269098588580262e-06,-5.269098588556547e-06,0.841795812909156,0.36174014903287094,0.8936996066576514,-0.8910967268069746,0.6014483763764163,0.39692358136251016,168528.57892756278,0.4588611125946045
3180.6666666666665,52000.0,52000.0,0.7086201906313866,-5.269098588580262e-06,-5.269098588556547e-06,0.841795812909156,0.3633963530281198,0.9066659079569632,-0.9066659079764432,0.6028236503436656,0.3985585622124721,168548.9006504167,0.5530674457550049
3180.8333333333335,52000.0,52000.0,0.7086201906313866,-5.269098588580262e-06,-5.269098588556547e-06,0.841795812909156,0.3649600770097615,0.9266248578463258,-0.9238097358075695,0.6041192575803431,0.4002040909782467,168582.9550659119,0.622528076171875
3181.0,52000.0,52000.0,0.7086201906313866,-5.269098588580262e-06,-5.269098588556547e-06,0.841795812909156,0.3664511025727671,0.9576557695271063,-0.9576557703310304,0.6053520487439267,0.4016922207322973,168637.48358704284,0.5837717056274414
3181.1666666666665,52000.0,52000.0,0.7086201906313866,-5.269098588580262e-06,-5.269098588556547e-06,0.841795812909156,0.36787534410081224,0.999728063654692,-0.9997280943959855,0.6065272825073422,0.4031424191529136,168716.34508562775,0.36609911918640137
3181.3333333333335,52000.0,52000.0,0.7086201906313866,-5.269098588580262e-06,-5.269098588556547e-06,0.841795812909156,0.36916960328345777,1.0352798602573283,-1.0352799117134983,0.6075932879781623,0.404467233679647,168813.10083236627,0.2984747886657715
3181.5,52000.0,52000.0,0.7086201906313866,-5.269098588580262e-06,-5.269098588556547e-06,0.841795812909156,0.3703012547357893,1.0664075825948882,-1.0664087540627292,0.6085238327387263,0.40557058298402054,168924.1587235347,0.3503549098968506
3181.6666666666665,52000.0,52000.0,0.7086201906313866,-5.269098588580262e-06,-5.269098588556547e-06,0.841795812909156,0.3713159108126499,1.09370912440008,-1.0925395690709983,0.6093569652110578,0.4066016104968596,169058.42869482137,0.4324522018432617
3181.8333333333335,52000.0,52000.0,0.7086201906313866,-5.269098588580262e-06,-5.269098588556547e-06,0.841795812909156,0.37225930063411766,1.1345137373275824,-1.1345263401523358,0.6101305604978042,0.4075254862546388,169223.8557814221,0.35529184341430664
3182.0,52000.0,52000.0,0.7086201906313866,-5.269098588580262e-06,-5.269098588556547e-06,0.841795812909156,0.3731351772683266,1.1835990588263718,-1.1814449813043277,0.6108479168011842,0.4083888481815634,169419.80577274144,0.4321773052215576
3240.1666666666665,52000.0,52000.0,0.7007145698650006,1.0775185227118594e-05,1.077518522714399e-05,0.8370869547812824,0.35411400362935913,0.8468230282097108,-0.8468230282097143,0.5950747882699446,0.3887288251971683,168157.61760926375,0.3345639705657959
3240.3333333333335,52000.0,52000.0,0.7007145698650006,1.0775185227118594e-05,1.077518522714399e-05,0.8370869547812824,0.35593874218323385,0.8655065772056422,-0.8655065772056486,0.5966060192434409,0.39066568787356204,168172.03138410923,0.6541569232940674
3240.5,52000.0,52000.0,0.7007145698650006,1.0775185227118594e-05,1.077518522714399e-05,0.8370869547812824,0.3576913787685814,0.8860595776998308,-0.8860595776998169,0.5980730547320257,0.3924794097680869,168204.03398283263,0.19096755981445312
3240.6666666666665,52000.0,52000.0,0.7007145698650006,1.0775185227118594e-05,1.077518522714399e-05,0.8370869547812824,0.35933348178228536,0.8994111310047834,-0.8994581178981287,0.5994443108646206,0.3941004852889295,168253.1201526821,0.22046375274658203
3240.8333333333335,52000.0,52000.0,0.7007145698650006,1.0775185227118594e-05,1.077518522714399e-05,0.8370869547812824,0.3608845458577369,0.9204857948134936,-0.9204857948134615,0.6007366693692604,0.39573254207194575,168325.4850020747,0.20054864883422852
3241.0,52000.0,52000.0,0.7007145698650006,1.0775185227118594e-05,1.077518522714399e-05,0.8370869547812824,0.3623647584239647,0.9521707562215501,-0.9521707562214875,0.6019674065229473,0.3972107575043897,168426.57704633696,0.3736879825592041
3241.1666666666665,52000.0,52000.0,0.7007145698650006,1.0775185227118594e-05,1.077518522714399e-05,0.8370869547812824,0.363779659084001,0.9919290182793926,-1.0617799140852764,0.6031414918605923,0.3986536674965748,168560.08032283417,0.2638256549835205
3241.3333333333335,52000.0,52000.0,0.7007145698650006,1.0775185227118594e-05,1.077518522714399e-05,0.8370869547812824,0.3650658967408942,1.0319813161621154,-1.1947241303997749,0.6042068328738094,0.3999727171577032,168717.79456537828,0.3679509162902832
3241.5,52000.0,52000.0,0.7007145698650006,1.0775185227118594e-05,1.077518522714399e-05,0.8370869547812824,0.36619162331984034,1.0596520626138073,-1.2918581828798232,0.60513768970634,0.40107432961964096,168894.75268259484,0.37122488021850586
3241.6666666666665,52000.0,52000.0,0.7007145698650006,1.0775185227118594e-05,1.077518522714399e-05,0.8370869547812824,0.36719966934223836,1.0875208499439941,-1.3703204021797033,0.605970023647314,0.4021031652905672,169095.64495239058,0.20156359672546387
3241.8333333333335,52000.0,52000.0,0.7007145698650006,1.0775185227118594e-05,1.077518522714399e-05,0.8370869547812824,0.36813326349278985,1.1281305604737115,-1.4550682346451163,0.6067398649701824,0.40302250645168053,169324.01729668202,0.20143389701843262
3242.0,52000.0,52000.0,0.7007145698650006,1.0775185227118594e-05,1.077518522714399e-05,0.8370869547812824,0.3689960155742735,1.174044199654753,-1.5493757089344047,0.6074504225535193,0.40387970779857396,169577.46822406325,0.3874654769897461
3300.1666666666665,53000.0,53000.0,0.7005472077542136,1.0642482639037686e-07,1.064248264286963e-07,0.8369869818307891,0.3540460944927862,0.8463351820296839,-0.8468882034004465,0.5950177265521014,0.3886536064973153,168509.44261003117,0.19070649147033691
3300.3333333333335,53000.0,53000.0,0.7005472077542136,1.0642482639037686e-07,1.064248264286963e-07,0.8369869818307891,0.3558698049839031,0.8647331376624281,-0.8670519888686745,0.596548242319194,0.3905899296056512,168524.67923197345,0.20500707626342773
3300.5,53000.0,53000.0,0.7005472077542136,1.0642482639037686e-07,1.064248264286963e-07,0.8369869818307891,0.3576197792802093,0.8840073044041187,-0.8856969042105465,0.5980131935906059,0.39240255078701747,168545.4922457572,0.20494484901428223
3300.6666666666665,53000.0,53000.0,0.7005472077542136,1.0642482639037686e-07,1.064248264286963e-07,0.8369869818307891,0.35925721997663207,0.9015606747973168,-0.9052358713094381,0.5993806973723501,0.39401912962435864,168570.3060751314,0.27490234375
3300.8333333333335,53000.0,53000.0,0.7005472077542136,1.0642482639037686e-07,1.064248264286963e-07,0.8369869818307891,0.36080315421585135,0.9202517966389897,-0.9219248934144475,0.6006689226277938,0.3956460493848831,168608.38021495598,0.40209388732910156
3301.0,53000.0,53000.0,0.7005472077542136,1.0642482639037686e-07,1.064248264286963e-07,0.8369869818307891,0.3622770937145698,0.949893739441921,-0.9553322064615458,0.6018945871910636,0.39711723246740616,168666.32978624207,0.1967315673828125
3301.1666666666665,53000.0,53000.0,0.7005472077542136,1.0642482639037686e-07,1.064248264286963e-07,0.8369869818307891,0.36368487156218643,0.993541370729364,-0.9951945578377189,0.6030629087588681,0.39855075279838803,168747.83966377724,0.20077967643737793
3301.3333333333335,53000.0,53000.0,0.7005472077542136,1.0642482639037686e-07,1.064248264286963e-07,0.8369869818307891,0.3649640035271538,1.0321446105377234,-1.0321445447654503,0.604122507342185,0.3998601281851414,168846.24199411905,0.1911933422088623
3301.5,53000.0,53000.0,0.7005472077542136,1.0642482639037686e-07,1.064248264286963e-07,0.8369869818307891,0.36608214214810664,1.057624658873593,-1.0576384263672851,0.6050472233330744,0.4009502556533539,168957.71120747988,0.2305905818939209
3301.6666666666665,53000.0,53000.0,0.7005472077542136,1.0642482639037686e-07,1.064248264286963e-07,0.8369869818307891,0.3670844606877655,1.0885603591403505,-1.0885602825824345,0.6058749548935776,0.40196861742424195,169091.2148985153,0.5777077674865723
3301.8333333333335,53000.0,53000.0,0.7005472077542136,1.0642482639037686e-07,1.064248264286963e-07,0.8369869818307891,0.36801629992354096,1.1255589885895116,-1.125547553779891,0.606643470405459,0.40288089628802237,169254.87360180722,0.2020418643951416
3302.0,53000.0,53000.0,0.7005472077542136,1.0642482639037686e-07,1.064248264286963e-07,0.8369869818307891,0.36888135972626457,1.1759892228822661,-1.175989222882244,0.6073560405245275,0.4037331475637743,169448.0769438731,0.2548189163208008
3360.1666666666665,54000.0,54000.0,0.6919047176450382,-1.040011398146817e-05,-1.0400113981432435e-05,0.8318081014543187,0.3496616437265701,0.8390081678680126,-0.8390083136908264,0.5913219459200825,0.38384125612034664,168153.4958003105,0.7696599960327148
3360.3333333333335,54000.0,54000.0,0.6919047176450382,-1.040011398146817e-05,-1.0400113981432435e-05,0.8318081014543187,0.3514632091059553,0.8579007503328085,-0.8579011527457471,0.5928433259381195,0.38575348168215007,168162.97633502792,0.7557051181793213
3360.5,54000.0,54000.0,0.6919047176450382,-1.040011398146817e-05,-1.0400113981432435e-05,0.8318081014543187,0.35319360091788776,0.8800248321357025,-0.8800230227522454,0.5943009346527255,0.38754411354711993,168190.0376489606,0.7956423759460449
3360.6666666666665,54000.0,54000.0,0.6919047176450382,-1.040011398146817e-05,-1.0400113981432435e-05,0.8318081014543187,0.3548149184973624,0.8963562063675027,-0.8963100408181021,0.5956634272145863,0.389144551334707,168234.4242766395,0.6463124752044678
3360.8333333333335,54000.0,54000.0,0.6919047176450382,-1.040011398146817e-05,-1.0400113981432435e-05,0.8318081014543187,0.3563464166495998,0.9124793199800499,-0.9124793199800831,0.5969475828659427,0.39075591269168675,168302.47659442367,0.620293378829956
3361.0,54000.0,54000.0,0.6919047176450382,-1.040011398146817e-05,-1.0400113981432435e-05,0.8318081014543187,0.35780806729728926,0.9466110774011147,-0.9457833760901128,0.5981706005458391,0.3922154798122838,168399.77943424298,0.5377843379974365
3361.1666666666665,54000.0,54000.0,0.6919047176450382,-1.040011398146817e-05,-1.0400113981432435e-05,0.8318081014543187,0.3592053566271267,1.0052006792739179,-0.9881515871165508,0.5993374314279244,0.39364032694158013,168530.19077296293,0.6155476570129395
3361.3333333333335,54000.0,54000.0,0.6919047176450382,-1.040011398146817e-05,-1.0400113981432435e-05,0.8318081014543187,0.36047574306139163,1.1468548683014035,-1.0238500123430447,0.6003963217500908,0.39494305549609743,168685.7523874421,0.6101772785186768
3361.5,54000.0,54000.0,0.6919047176450382,-1.040011398146817e-05,-1.0400113981432435e-05,0.8318081014543187,0.3615878672667322,1.2537885437012615,-1.0534418341276743,0.6013217669488627,0.39603136687001533,168861.7403130331,0.6177821159362793
3361.6666666666665,54000.0,54000.0,0.6919047176450382,-1.040011398146817e-05,-1.0400113981432435e-05,0.8318081014543187,0.36258396157731865,1.3425031384624602,-1.0806741942113134,0.6021494513398488,0.39704808936970204,169062.82331119166,0.6286554336547852
3361.8333333333335,54000.0,54000.0,0.6919047176450382,-1.040011398146817e-05,-1.0400113981432435e-05,0.8318081014543187,0.3635065981013357,1.4381834720919482,-1.1204027964360004,0.6029150838258934,0.3979568725831662,169292.41064036047,0.3149430751800537
3362.0,54000.0,54000.0,0.6919047176450382,-1.040011398146817e-05,-1.0400113981432435e-05,0.8318081014543187,0.364359352335778,1.5447555689838988,-1.1682866774780198,0.6036218622390631,0.3988045156066727,169548.09231876305,0.4373633861541748
3420.1666666666665,54000.0,54000.0,0.69047717925444,5.3274727576473276e-06,5.327472757683351e-06,0.8309495648079009,0.34895691176931154,0.8491416235869705,-0.8402681972298457,0.5907257503978987,0.38306695779366656,168510.52208996867,0.19218754768371582
3420.3333333333335,54000.0,54000.0,0.69047717925444,5.3274727576473276e-06,5.327472757683351e-06,0.8309495648079009,0.3507546411803516,0.8589154946271711,-0.8589154946272008,0.5922454234617968,0.38497573039549043,168530.64229637827,0.17949199676513672
3420.5,54000.0,54000.0,0.69047717925444,5.3274727576473276e-06,5.327472757683351e-06,0.8309495648079009,0.35247968657486656,0.8811822311860834,-0.8798089935450634,0.5936999974816748,0.38676258531186525,168556.449630747,0.29583215713500977
3420.6666666666665,54000.0,54000.0,0.69047717925444,5.3274727576473276e-06,5.327472757683351e-06,0.8309495648079009,0.3540937641559448,0.8974004571924147,-0.8937980899067645,0.5950577825507508,0.38835621499506295,168586.13017444982,0.23099875450134277
3420.8333333333335,54000.0,54000.0,0.69047717925444,5.3274727576473276e-06,5.327472757683351e-06,0.8309495648079009,0.35561758064722554,0.9171458585737311,-0.9132439494670809,0.59633680169841,0.3899599628078069,168628.77320039226,0.23053979873657227
3421.0,54000.0,54000.0,0.69047717925444,5.3274727576473276e-06,5.327472757683351e-06,0.8309495648079009,0.35707033504737784,0.9508043212765712,-0.9454820420538396,0.597553625581305,0.3914101171353864,168690.84877493087,0.19372320175170898
3421.1666666666665,54000.0,54000.0,0.69047717925444,5.3274727576473276e-06,5.327472757683351e-06,0.8309495648079009,0.3584577580552645,0.9883477504268045,-0.9857784739466603,0.5987134192926277,0.3928230299574659,168775.8692751032,0.3811831474304199
3421.3333333333335,54000.0,54000.0,0.69047717925444,5.3274727576473276e-06,5.327472757683351e-06,0.8309495648079009,0.35971824355651316,1.029428946606669,-1.023694482154758,0.5997651573229336,0.39411340245860305,168876.9136253246,0.22605633735656738
3421.5,54000.0,54000.0,0.69047717925444,5.3274727576473276e-06,5.327472757683351e-06,0.8309495648079009,0.36081982594901996,1.0524636914941305,-1.0524636978152468,0.6006828000693167,0.3951874110938621,168989.9053760375,0.288271427154541
3421.6666666666665,54000.0,54000.0,0.69047717925444,5.3274727576473276e-06,5.327472757683351e-06,0.8309495648079009,0.36180706839218313,1.0829684550103524,-1.0784459996540081,0.6015040055638148,0.3961904072309647,169123.79647529582,0.19446182250976562
3421.8333333333335,54000.0,54000.0,0.69047717925444,5.3274727576473276e-06,5.327472757683351e-06,0.8309495648079009,0.3627247539121106,1.1201605119810853,-1.1201605119810312,0.6022663482334505,0.3970886401402109,169286.80353655716,0.25281739234924316
3422.0,54000.0,54000.0,0.69047717925444,5.3274727576473276e-06,5.327472757683351e-06,0.8309495648079009,0.3635765174680947,1.1666064747602234,-1.1641648639293178,0.602973065522355,0.3979274746135159,169478.309284563,0.5200080871582031
3480.1666666666665,55000.0,55000.0,0.6861051777930777,-5.114224189445483e-06,-5.114224189409575e-06,0.8283146610999215,0.3467308654569936,0.8379325697379417,-0.8379324132550378,0.588838573345224,0.3806239923798564,168155.4676537808,0.33890461921691895
3480.3333333333335,55000.0,55000.0,0.6861051777930777,-5.114224189445483e-06,-5.114224189409575e-06,0.8283146610999215,0.34851709672082565,0.8562562191160303,-0.8562557841679242,0.5903533659773872,0.3825199124515358,168160.15506503213,0.2567787170410156
3480.5,55000.0,55000.0,0.6861051777930777,-5.114224189445483e-06,-5.114224189409575e-06,0.8283146610999215,0.3502327446141622,0.8758372862446453,-0.8758389702193679,0.5918046507219753,0.3842952470944844,168182.21091721838,0.3903942108154297
3480.6666666666665,55000.0,55000.0,0.6861051777930777,-5.114224189445483e-06,-5.114224189409575e-06,0.8283146610999215,0.35184026604401814,0.8915605272196919,-0.8915605272196712,0.5931612479358177,0.3858819536889605,168221.60493268492,0.49883317947387695
3480.8333333333335,55000.0,55000.0,0.6861051777930777,-5.114224189445483e-06,-5.114224189409575e-06,0.8283146610999215,0.35335878513849417,0.910999557950296,-0.9109986420634001,0.5944398919638622,0.3874795593212608,168284.87124097138,0.2522454261779785
3481.0,55000.0,55000.0,0.6861051777930777,-5.114224189445483e-06,-5.114224189409575e-06,0.8283146610999215,0.35480813224413205,0.9411431745449688,-0.9419624708320213,0.5956577308141888,0.38892671995833605,168377.74737213983,0.4956839084625244
3481.1666666666665,55000.0,55000.0,0.6861051777930777,-5.114224189445483e-06,-5.114224189409575e-06,0.8283146610999215,0.3561937681603318,0.9823650308841024,-0.9823640764153617,0.5968197116495594,0.390339548982135,168504.26083782283,0.5085275173187256
3481.3333333333335,55000.0,55000.0,0.6861051777930777,-5.114224189445483e-06,-5.114224189409575e-06,0.8283146610999215,0.35745370231731843,1.0216000110339865,-1.0921122692825564,0.597874319896519,0.3916314560681507,168656.71538174537,0.16604375839233398
3481.5,55000.0,55000.0,0.6861051777930777,-5.114224189445483e-06,-5.114224189409575e-06,0.8283146610999215,0.35855691513094395,1.0469924100852956,-1.2080552223908798,0.5987962217916182,0.39271098876447097,168830.6434008425,0.34813642501831055
3481.6666666666665,55000.0,55000.0,0.6861051777930777,-5.114224189445483e-06,-5.114224189409575e-06,0.8283146610999215,0.35954526648626395,1.0770990006819727,-1.3063442627017376,0.5996209357721521,0.39371981291973757,169030.76549007453,0.16674184799194336
3481.8333333333335,55000.0,55000.0,0.6861051777930777,-5.114224189445483e-06,-5.114224189409575e-06,0.8283146610999215,0.360460897768798,1.115132820850423,-1.4122272461695478,0.6003839587527215,0.3946218315279125,169260.43554633213,0.4595661163330078
3482.0,55000.0,55000.0,0.6861051777930777,-5.114224189445483e-06,-5.114224189409575e-06,0.8283146610999215,0.36130736672679453,1.163284919814779,-1.530250113541235,0.6010884850978827,0.3954634683786903,169517.2657483585,0.21502327919006348
3540.1666666666665,55000.0,55000.0,0.6785092004321401,1.0351291491947072e-05,1.035129149197787e-05,0.823716699133956,0.3429082516099959,0.8318265610735333,-0.8428459170963716,0.5855836848915232,0.3764270556545612,168505.5161091254,0.35658717155456543
3540.3333333333335,55000.0,55000.0,0.6785092004321401,1.0351291491947072e-05,1.035129149197787e-05,0.823716699133956,0.34467505099011875,0.8497459315215163,-0.8675943190768296,0.5870903264519544,0.37830301135603445,168530.2970810074,0.6639502048492432
3540.5,55000.0,55000.0,0.6785092004321401,1.0351291491947072e-05,1.035129149197787e-05,0.823716699133956,0.3463704463524598,0.8706718205127607,-0.8720561649584739,0.588532451768961,0.3800591781041088,168561.07734645277,0.7119715213775635
3540.6666666666665,55000.0,55000.0,0.6785092004321401,1.0351291491947072e-05,1.035129149197787e-05,0.823716699133956,0.3479567822338922,0.8876894306058034,-0.8876894305799876,0.5898786168831855,0.38162552515294185,168595.833203791,0.6573874950408936
3540.8333333333335,55000.0,55000.0,0.6785092004321401,1.0351291491947072e-05,1.035129149197787e-05,0.823716699133956,0.34945436380617556,0.9046519629497539,-0.9103836416208042,0.5911466520485481,0.38320175580865223,168643.43841601626,0.3024568557739258
3541.0,55000.0,55000.0,0.6785092004321401,1.0351291491947072e-05,1.035129149197787e-05,0.823716699133956,0.35088203811454177,0.9357612327630563,-0.9368155669748756,0.5923529678555697,0.38462699754037655,168710.20417665117,0.6032431125640869
3541.1666666666665,55000.0,55000.0,0.6785092004321401,1.0351291491947072e-05,1.035129149197787e-05,0.823716699133956,0.3522454141838735,0.9784918061376298,-0.9859365260707431,0.5935026660340594,0.3860155695936233,168799.47774982365,0.16242694854736328
3541.3333333333335,55000.0,55000.0,0.6785092004321401,1.0351291491947072e-05,1.035129149197787e-05,0.823716699133956,0.3534839206784038,1.014900556508709,-1.0189620042914804,0.594545137971233,0.3872835613024117,168904.06938479934,0.6082301139831543
3541.5,55000.0,55000.0,0.6785092004321401,1.0351291491947072e-05,1.035129149197787e-05,0.823716699133956,0.35456607629364045,1.042532832960977,-1.0508073966850489,0.5954545126815226,0.3883387186708881,169019.6428999744,0.6139769554138184
3541.6666666666665,55000.0,55000.0,0.6785092004321401,1.0351291491947072e-05,1.035129149197787e-05,0.823716699133956,0.3555356695706857,1.0708884461840276,-1.0734718145567876,0.5962681191548209,0.3893238159903333,169155.0618465212,0.7243576049804688
3541.8333333333335,55000.0,55000.0,0.6785092004321401,1.0351291491947072e-05,1.035129149197787e-05,0.823716699133956,0.3564367604510472,1.1084865340354668,-1.1172599062540387,0.5970232497896801,0.39020571660808306,169318.55623635984,0.8135132789611816
3542.0,55000.0,55000.0,0.6785092004321401,1.0351291491947072e-05,1.035129149197787e-05,0.823716699133956,0.3572729083458086,1.1573859311168309,-1.1579522253286614,0.5977231036707836,0.39102899361508886,169509.47139090902,0.6055779457092285
3600.1666666666665,56000.0,56000.0,0.6783011270624895,6.731606185115731e-08,6.731606188548863e-08,0.8235903879128808,0.34278736068904053,0.8322027738239162,-0.8322027736938772,0.5854804528762714,0.3762949962574511,168163.46589543083,0.2058577537536621
3600.3333333333335,56000.0,56000.0,0.6783011270624895,6.731606185115731e-08,6.731606188548863e-08,0.8235903879128808,0.34455304775864143,0.8507785482279917,-0.850778535424029,0.5869864119062206,0.3781690924933501,168163.66383000105,0.17016983032226562
3600.5,56000.0,56000.0,0.6783011270624895,6.731606185115731e-08,6.731606188548863e-08,0.8235903879128808,0.3462489204479209,0.8719670313279769,-0.8719668536330692,0.5884291974810468,0.3799239547499959,168180.82081601472,0.5612335205078125
3600.6666666666665,56000.0,56000.0,0.6783011270624895,6.731606185115731e-08,6.731606188548863e-08,0.8235903879128808,0.3478378934086783,0.8867337194781238,-0.8867337194781314,0.5897778339423815,0.3814922501088436,168215.0994740776,0.2537071704864502
3600.8333333333335,56000.0,56000.0,0.6783011270624895,6.731606185115731e-08,6.731606188548863e-08,0.8235903879128808,0.34933892777367015,0.904362217506039,-0.904362217506058,0.5910490062421956,0.38307137201843805,168273.2695596768,0.8326871395111084
3601.0,56000.0,56000.0,0.6783011270624895,6.731606185115731e-08,6.731606188548863e-08,0.8235903879128808,0.3507716409783321,0.9370825077663597,-0.9370825077663902,0.5922597749248913,0.38450179892327574,168361.2324694079,0.18304705619812012
3601.1666666666665,56000.0,56000.0,0.6783011270624895,6.731606185115731e-08,6.731606188548863e-08,0.8235903879128808,0.3521414558290067,0.97783088636007,-0.9778319816614967,0.5934150788933612,0.38589833514778393,168483.1750613995,0.19523978233337402
3601.3333333333335,56000.0,56000.0,0.6783011270624895,6.731606185115731e-08,6.731606188548863e-08,0.8235903879128808,0.35338712614938844,1.0269617378757687,-1.0135721558331419,0.5944637299234028,0.38717548028591847,168631.67403884852,0.3913536071777344
3601.5,56000.0,56000.0,0.6783011270624895,6.731606185115731e-08,6.731606188548863e-08,0.8235903879128808,0.35447804804412375,1.150662600113643,-1.0433682472557653,0.5953805909762449,0.3882428632745545,168802.52265198485,0.25119996070861816
3601.6666666666665,56000.0,56000.0,0.6783011270624895,6.731606185115731e-08,6.731606188548863e-08,0.8235903879128808,0.35545562791219,1.2574461196814166,-1.0682068532189384,0.5962009963129145,0.389240619162037,169000.56493199756,0.30263423919677734
3601.8333333333335,56000.0,56000.0,0.6783011270624895,6.731606185115731e-08,6.731606188548863e-08,0.8235903879128808,0.3563614950638035,1.37236944889453,-1.110167104602512,0.5969602123936503,0.39013305433348056,169229.18262442484,0.7082803249359131
3602.0,56000.0,56000.0,0.6783011270624895,6.731606185115731e-08,6.731606188548863e-08,0.8235903879128808,0.35719917967055137,1.5005467460699893,-1.15529757356427,0.5976614257390723,0.3909660585093988,169486.03996789758,0.23358726501464844
3660.1666666666665,57000.0,57000.0,0.6699248611233101,-1.0058376040324265e-05,-1.0058376040280726e-05,0.8184893775262512,0.3385693695672394,0.8314281472136311,-0.8280760162153163,0.5818671411509498,0.37166407092471293,168494.59541147173,0.34596920013427734
3660.3333333333335,57000.0,57000.0,0.6699248611233101,-1.0058376040324265e-05,-1.0058376040280726e-05,0.8184893775262512,0.3403140350427879,0.8730940562471251,-0.8462905954365552,0.5833644105131813,0.37351653727684425,168523.65536170802,0.19397687911987305
3660.5,57000.0,57000.0,0.6699248611233101,-1.0058376040324265e-05,-1.0058376040280726e-05,0.8184893775262512,0.3419882465574609,0.8877142757340495,-0.866133412468408,0.5847976119844768,0.3752507544832539,168559.2175534426,0.1707305908203125
3660.6666666666665,57000.0,57000.0,0.6699248611233101,-1.0058376040324265e-05,-1.0058376040280726e-05,0.8184893775262512,0.34355479943655615,0.8800371357451385,-0.8800371357457308,0.5861354790978507,0.3767976638524823,168599.08420955043,0.44637155532836914
3660.8333333333335,57000.0,57000.0,0.6699248611233101,-1.0058376040324265e-05,-1.0058376040280726e-05,0.8184893775262512,0.3450336768060435,0.9001677061368434,-0.900167706142669,0.5873956734877611,0.3783542889209486,168651.87564163585,0.17351412773132324
3661.0,57000.0,57000.0,0.6699248611233101,-1.0058376040324265e-05,-1.0058376040280726e-05,0.8184893775262512,0.34644348132285707,0.9346874687380414,-0.9307434243688165,0.588594496869661,0.3797618160270801,168723.73576726453,0.20049047470092773
3661.1666666666665,57000.0,57000.0,0.6699248611233101,-1.0058376040324265e-05,-1.0058376040280726e-05,0.8184893775262512,0.3477897256679541,0.9774593861659645,-0.9695119178877699,0.5897369973882726,0.38113311094532576,168817.85975323556,0.3856363296508789
3661.3333333333335,57000.0,57000.0,0.6699248611233101,-1.0058376040324265e-05,-1.0058376040280726e-05,0.8184893775262512,0.34901256018551763,1.0164209937025912,-1.0092878823680276,0.5907728502667494,0.38238520728496955,168926.78288915043,0.6009294986724854
3661.5,57000.0,57000.0,0.6699248611233101,-1.0058376040324265e-05,-1.0058376040280726e-05,0.8184893775262512,0.3500808471070883,1.0437673124582325,-1.0356755696348747,0.5916763029825759,0.3834269932194277,169045.90926998886,1.1883583068847656
3661.6666666666665,57000.0,57000.0,0.6699248611233101,-1.0058376040324265e-05,-1.0058376040280726e-05,0.8184893775262512,0.3510377786110377,1.0736792003015756,-1.0637812201007697,0.592484412444701,0.3843993352130142,169183.94433486662,0.6473720073699951
3661.8333333333335,57000.0,57000.0,0.6699248611233101,-1.0058376040324265e-05,-1.0058376040280726e-05,0.8184893775262512,0.35192686913720717,1.1100035408833941,-1.1027669336800843,0.5932342450572712,0.3852695012840802,169349.04837793403,0.6006560325622559
3662.0,57000.0,57000.0,0.6699248611233101,-1.0058376040324265e-05,-1.0058376040280726e-05,0.8184893775262512,0.3527516200947643,1.1605804257490053,-1.1485855641356328,0.5939289691934804,0.38608151777512395,169540.50009848655,0.8401868343353271
3720.1666666666665,57000.0,57000.0,0.6685721537190111,5.100584902881624e-06,5.100584902917554e-06,0.8176626160703515,0.3378713255450556,0.8264976967654754,-0.8264976968918494,0.5812670002428648,0.3708983939505098,168177.21764679783,0.3468153476715088
3720.3333333333335,57000.0,57000.0,0.6685721537190111,5.100584902881624e-06,5.100584902917554e-06,0.8176626160703515,0.33961147499535893,0.8444090958474663,-0.8444091085330323,0.5827619368232959,0.37274537834471405,168173.38292102845,0.3260476589202881
3720.5,57000.0,57000.0,0.6685721537190111,5.100584902881624e-06,5.100584902917554e-06,0.8176626160703515,0.3412827520391893,0.8632008222276686,-0.8631967587983753,0.5841941047674468,0.374474810574727,168185.91477563197,0.3581821918487549
3720.6666666666665,57000.0,57000.0,0.6685721537190111,5.100584902881624e-06,5.100584902917554e-06,0.8176626160703515,0.34284862389311194,0.8809657532182449,-0.88096575321826,0.5855327692741445,0.3760202158086271,168215.1298522433,0.6495773792266846
3720.8333333333335,57000.0,57000.0,0.6685721537190111,5.100584902881624e-06,5.100584902917554e-06,0.8176626160703515,0.34432785545937417,0.8987413997446417,-0.8987413997446357,0.5867945598416008,0.37757632674814207,168268.0673601541,0.7122914791107178
3721.0,57000.0,57000.0,0.6685721537190111,5.100584902881624e-06,5.100584902917554e-06,0.8176626160703515,0.34573978213654355,0.9277551803527365,-0.9277977227439114,0.587996413374022,0.37898587561483016,168350.79813626982,0.17306971549987793
3721.1666666666665,57000.0,57000.0,0.6685721537190111,5.100584902881624e-06,5.100584902917554e-06,0.8176626160703515,0.3470897756171782,0.9709255692762496,-0.9710054854584111,0.5891432556086016,0.38036202275172504,168467.6527581183,0.4736347198486328
3721.3333333333335,57000.0,57000.0,0.6685721537190111,5.100584902881624e-06,5.100584902917554e-06,0.8176626160703515,0.3483175182125163,1.0081043516930288,-1.0081043516929973,0.5901843086995259,0.3816206238112688,168611.482570843,0.18458914756774902
3721.5,57000.0,57000.0,0.6685721537190111,5.100584902881624e-06,5.100584902917554e-06,0.8176626160703515,0.34939289185400657,1.033864888121585,-1.0824784403946606,0.5910946556122761,0.3826726130555114,168778.3372707223,0.1939375400543213
3721.6666666666665,57000.0,57000.0,0.6685721537190111,5.100584902881624e-06,5.100584902917554e-06,0.8176626160703515,0.3503567709097501,1.0633805610166671,-1.1965772337436766,0.5919094280121595,0.3836562378284959,168973.25173483416,0.38410305976867676
3721.8333333333335,57000.0,57000.0,0.6685721537190111,5.100584902881624e-06,5.100584902917554e-06,0.8176626160703515,0.3512501961475647,1.0989576160964305,-1.3192731228156385,0.5926636451040728,0.3845363525116869,169199.71783955442,0.5244784355163574
3722.0,57000.0,57000.0,0.6685721537190111,5.100584902881624e-06,5.100584902917554e-06,0.8176626160703515,0.35207666017465733,1.1489525540794887,-1.4561899325796541,0.5933604808882154,0.3853581604176989,169455.48001582606,0.5204553604125977
3780.1666666666665,58000.0,58000.0,0.6643124406894609,-4.963504697446329e-06,-4.963504697408009e-06,0.8150536428293913,0.33573220846962226,0.8226818993032037,-0.8226818993031993,0.5794240319766971,0.368549608364393,168478.13248187728,0.20307350158691406
3780.3333333333335,58000.0,58000.0,0.6643124406894609,-4.963504697446329e-06,-4.963504697408009e-06,0.8150536428293913,0.33746246000774294,0.8411515624854126,-0.872957905114609,0.5809151920898458,0.37038677047370094,168510.94367512641,0.24299263954162598
3780.5,58000.0,58000.0,0.6643124406894609,-4.963504697446329e-06,-4.963504697408009e-06,0.8150536428293913,0.3391229190544079,0.8625880752944142,-0.9040965111389238,0.5823426134733973,0.37210670617743286,168550.93368996482,0.20669269561767578
3780.6666666666665,58000.0,58000.0,0.6643124406894609,-4.963504697446329e-06,-4.963504697408009e-06,0.8150536428293913,0.34067667717915046,0.8780892682803366,-0.9038131649066695,0.5836751473149357,0.37364106308744166,168595.77231303768,0.3778233528137207
3780.8333333333335,58000.0,58000.0,0.6643124406894609,-4.963504697446329e-06,-4.963504697408009e-06,0.8150536428293913,0.3421434648437913,0.8939010717136512,-0.8939010716490923,0.5849303080440243,0.375185028653067,168653.7971002148,0.6396114826202393
3781.0,58000.0,58000.0,0.6643124406894609,-4.963504697446329e-06,-4.963504697408009e-06,0.8150536428293913,0.34354173605632105,0.9270310461138016,-0.9274565045446592,0.5861243353443986,0.37658116415411585,168730.9819914958,0.2051103115081787
3781.1666666666665,58000.0,58000.0,0.6643124406894609,-4.963504697446329e-06,-4.963504697408009e-06,0.8150536428293913,0.34487692971501177,0.9681439229137491,-0.9681439228554134,0.5872622328612387,0.3779413915907726,168830.38825600248,0.21873855590820312
3781.3333333333335,58000.0,58000.0,0.6643124406894609,-4.963504697446329e-06,-4.963504697408009e-06,0.8150536428293913,0.3460896428590762,1.0025760191957978,-1.0133795339037452,0.5882938409506828,0.37918329932585615,168944.2793179471,0.22888684272766113
3781.5,58000.0,58000.0,0.6643124406894609,-4.963504697446329e-06,-4.963504697408009e-06,0.8150536428293913,0.3471489601358888,1.0324257313019651,-1.0359112282094687,0.5891934831275988,0.380216545590595,169067.80841553537,0.20027375221252441
3781.6666666666665,58000.0,58000.0,0.6643124406894609,-4.963504697446329e-06,-4.963504697408009e-06,0.8150536428293913,0.3480976314580685,1.0583942253041656,-1.0707743038987232,0.5899979930999467,0.38118067539378697,169209.45856937865,0.169600248336792
3781.8333333333335,58000.0,58000.0,0.6643124406894609,-4.963504697446329e-06,-4.963504697408009e-06,0.8150536428293913,0.3489787779564382,1.0982119252844735,-1.1067726314456454,0.5907442579976602,0.382043174106313,169377.23963988188,0.26966333389282227
3782.0,58000.0,58000.0,0.6643124406894609,-4.963504697446329e-06,-4.963504697408009e-06,0.8150536428293913,0.3497958587056266,1.1443706010491879,-1.1572261632087697,0.5914354225876061,0.3828477380066489,169570.3367688865,0.578528881072998
3840.1666666666665,58000.0,58000.0,0.6570134745377456,9.944532461903433e-06,9.944532461936154e-06,0.8105636770407033,0.33203084183711434,0.8198632312452165,-0.8198657808785934,0.5762211744493597,0.36448696869407216,168196.2537388252,0.35689735412597656
3840.3333333333335,58000.0,58000.0,0.6570134745377456,9.944532461903433e-06,9.944532461936154e-06,0.8105636770407033,0.3337407164846093,0.8380028610583935,-0.8380084474084271,0.5777029656460175,0.3663018249754451,168188.98075011725,0.5980663299560547
3840.5,58000.0,58000.0,0.6570134745377456,9.944532461903433e-06,9.944532461936154e-06,0.8105636770407033,0.3353828275016619,0.8581361717378512,-0.8581402599303529,0.5791224633182974,0.36800112609491287,168197.31900887078,0.6225309371948242
3840.6666666666665,58000.0,58000.0,0.6570134745377456,9.944532461903433e-06,9.944532461936154e-06,0.8105636770407033,0.33692128383822206,0.8713200925250071,-0.8713200925249994,0.5804492086699992,0.3695194006799451,168221.69504097634,0.5956106185913086
3840.8333333333335,58000.0,58000.0,0.6570134745377456,9.944532461903433e-06,9.944532461936154e-06,0.8105636770407033,0.33837461946466263,0.8911356911264661,-0.8911336742227959,0.5816997674629353,0.37104821255432063,168269.4421354301,0.6068146228790283
3841.0,58000.0,58000.0,0.6570134745377456,9.944532461903433e-06,9.944532461936154e-06,0.8105636770407033,0.3397618219696207,0.9222172350226722,-0.9221771767745783,0.5828909177278683,0.3724329590036002,168346.80035858447,0.6489534378051758
3841.1666666666665,58000.0,58000.0,0.6570134745377456,9.944532461903433e-06,9.944532461936154e-06,0.8105636770407033,0.3410881983298685,0.9611350634104354,-0.9610669762974662,0.5840275664146066,0.3737848378532328,168458.22347210743,0.7989635467529297
3841.3333333333335,58000.0,58000.0,0.6570134745377456,9.944532461903433e-06,9.944532461936154e-06,0.8105636770407033,0.3422945322542323,0.9995960360449693,-0.9989875323601058,0.5850594262653825,0.3750213083794465,168596.82977393924,0.19260454177856445
3841.5,58000.0,58000.0,0.6570134745377456,9.944532461903433e-06,9.944532461936154e-06,0.8105636770407033,0.3433512560366773,1.0263927397059944,-1.0263927397079202,0.5859618213291801,0.37605482240700416,168758.91224802824,0.529348611831665
3841.6666666666665,58000.0,58000.0,0.6570134745377456,9.944532461903433e-06,9.944532461936154e-06,0.8105636770407033,0.34429863497056956,1.1246823239858907,-1.0525895727452685,0.5867696609441558,0.37702139535782486,168949.75752875104,0.6374127864837646
3841.8333333333335,58000.0,58000.0,0.6570134745377456,9.944532461903433e-06,9.944532461936154e-06,0.8105636770407033,0.3451770485233915,1.2537985158575822,-1.092572949551021,0.5875177006466552,0.37788656581878005,169173.0461698973,0.4677748680114746
3842.0,58000.0,58000.0,0.6570134745377456,9.944532461903433e-06,9.944532461936154e-06,0.8105636770407033,0.345989941682691,1.397944804168892,-1.1361813864200858,0.5882090969652228,0.3786947069476087,169426.62820384678,0.7643387317657471
3900.1666666666665,59000.0,59000.0,0.6567680761389805,3.1195502680208376e-08,3.119550271096375e-08,0.8104122877517224,0.3319184678441928,0.8196707701617494,-0.8196707701617766,0.5761236570208459,0.364363115662053,168456.68884633158,0.19566082954406738
3900.3333333333335,59000.0,59000.0,0.6567680761389805,3.1195502680208376e-08,3.119550271096375e-08,0.8104122877517224,0.3336292478249369,0.8640773240542716,-0.8375399961906037,0.5776064821254173,0.3661795919045512,168492.59559501853,0.8550910949707031
3900.5,59000.0,59000.0,0.6567680761389805,3.1195502680208376e-08,3.119550271096375e-08,0.8104122877517224,0.3352711206061722,0.9112593446825973,-0.8564416232510977,0.5790260106405721,0.36788021161236495,168536.50830847753,0.5666821002960205
3900.6666666666665,59000.0,59000.0,0.6567680761389805,3.1195502680208376e-08,3.119550271096375e-08,0.8104122877517224,0.33680759201207106,0.9234599907653982,-0.8726621444300341,0.5803512663992534,0.3693975625919487,168586.0104898933,0.21056461334228516
3900.8333333333335,59000.0,59000.0,0.6567680761389805,3.1195502680208376e-08,3.119550271096375e-08,0.8104122877517224,0.33825806661043667,0.9225999566741782,-0.8912037016825113,0.5815995761907626,0.3709244052762649,168649.13726940044,0.6810429096221924
3901.0,59000.0,59000.0,0.6567680761389805,3.1195502680208376e-08,3.119550271096375e-08,0.8104122877517224,0.3396408086470831,0.9247240751084838,-0.9202868355343455,0.5827871044123291,0.3723051522283532,168731.6957019348,0.3293166160583496
3901.1666666666665,59000.0,59000.0,0.6567680761389805,3.1195502680208376e-08,3.119550271096375e-08,0.8104122877517224,0.34096116649334374,0.9616205853534914,-0.9616205864645135,0.5839188016534617,0.37365046483919073,168836.63591974444,0.5088851451873779
3901.3333333333335,59000.0,59000.0,0.6567680761389805,3.1195502680208376e-08,3.119550271096375e-08,0.8104122877517224,0.34216034925885785,1.0002154933189826,-0.9994857082992968,0.5849447407286351,0.37487870972339843,168955.96184519032,0.20925331115722656
3901.5,59000.0,59000.0,0.6567680761389805,3.1195502680208376e-08,3.119550271096375e-08,0.8104122877517224,0.3432077716451361,1.0320180739054805,-1.0236618655477803,0.5858393739592845,0.37590060872963876,169084.59327954453,0.3785548210144043
3901.6666666666665,59000.0,59000.0,0.6567680761389805,3.1195502680208376e-08,3.119550271096375e-08,0.8104122877517224,0.34414558330548106,1.057170466618533,-1.0539557797919663,0.5866392279132073,0.3768539469248981,169230.73411426588,0.28838443756103516
3901.8333333333335,59000.0,59000.0,0.6567680761389805,3.1195502680208376e-08,3.119550271096375e-08,0.8104122877517224,0.3450163480648096,1.1036970147657026,-1.0904444529018014,0.587380922815342,0.37770648269535334,169402.1682115154,0.28577232360839844
3902.0,59000.0,59000.0,0.6567680761389805,3.1195502680208376e-08,3.119550271096375e-08,0.8104122877517224,0.3458234731607129,1.1423112718834703,-1.1384532157744607,0.5880675756857172,0.37850147459499417,169597.96342518507,0.28763675689697266
3960.1666666666665,60000.0,60000.0,0.6486500707955647,-9.72776029410902e-06,-9.727760294071136e-06,0.8053881491526708,0.32780531379892847,0.8128113268600516,-0.8128087546579599,0.5725428489385527,0.3598483538784568,168219.92472459358,0.19686222076416016
3960.3333333333335,60000.0,60000.0,0.6486500707955647,-9.72776029410902e-06,-9.727760294071136e-06,0.8053881491526708,0.3294932596562297,0.8302695136847826,-0.8302638770991678,0.5740150343938976,0.36163995153816814,168209.92516745717,0.7580885887145996
3960.5,60000.0,60000.0,0.6486500707955647,-9.72776029410902e-06,-9.727760294071136e-06,0.8053881491526708,0.3311142030715074,0.8517350168222566,-0.8517350593383792,0.5754252367668605,0.36331742398385675,168214.6444419134,1.1330957412719727
3960.6666666666665,60000.0,60000.0,0.6486500707955647,-9.72776029410902e-06,-9.727760294071136e-06,0.8053881491526708,0.33263270950406876,0.867929996283949,-0.8679251955351953,0.5767431920054855,0.36481595475344974,168234.57107008353,0.2132880687713623
3960.8333333333335,60000.0,60000.0,0.6486500707955647,-9.72776029410902e-06,-9.727760294071136e-06,0.8053881491526708,0.3340671849679369,0.8840359079243698,-0.8840374252072868,0.5779854539502997,0.36632488761837967,168277.34700284226,0.19597101211547852
3961.0,60000.0,60000.0,0.6486500707955647,-9.72776029410902e-06,-9.727760294071136e-06,0.8053881491526708,0.3354363497362941,0.9154056673776325,-0.9153945438323312,0.5791686712343846,0.367691516544485,168349.3755484226,0.3364369869232178
3961.1666666666665,60000.0,60000.0,0.6486500707955647,-9.72776029410902e-06,-9.727760294071136e-06,0.8053881491526708,0.336745472001073,0.9568002802445091,-0.9568239263721947,0.5802977442668839,0.369025609374754,168455.20890804956,0.21140122413635254
3961.3333333333335,60000.0,60000.0,0.6486500707955647,-9.72776029410902e-06,-9.727760294071136e-06,0.8053881491526708,0.3379361544396036,0.9918485306589765,-0.9924225491038576,0.5813227627061236,0.37024583919933024,168588.21553027004,0.17200469970703125
3961.5,60000.0,60000.0,0.6486500707955647,-9.72776029410902e-06,-9.727760294071136e-06,0.8053881491526708,0.33897921782390417,1.0197375590994717,-1.0199413663004917,0.5822192180180761,0.37126572023025306,168744.91022395823,0.2323899269104004
3961.6666666666665,60000.0,60000.0,0.6486500707955647,-9.72776029410902e-06,-9.727760294071136e-06,0.8053881491526708,0.33991454427068124,1.0467357818498575,-1.049734668503103,0.5830219072092602,0.37221972486990307,168930.8837088089,0.196580171585083
3961.8333333333335,60000.0,60000.0,0.6486500707955647,-9.72776029410902e-06,-9.727760294071136e-06,0.8053881491526708,0.3407820845637938,1.0844165827986598,-1.184245140608976,0.5837654362755631,0.3730739440597379,169150.07734394202,0.8397233486175537
3962.0,60000.0,60000.0,0.6486500707955647,-9.72776029410902e-06,-9.727760294071136e-06,0.8053881491526708,0.3415852519286662,1.1314453852959963,-1.3318363145965042,0.5844529510321645,0.3738721190488971,169400.46858388142,0.2104785442352295
4020.1666666666665,60000.0,60000.0,0.6473682594708527,4.883566535970345e-06,4.883566535997147e-06,0.804591983225568,0.3271668530658704,0.8133558825468251,-0.8134268811969275,0.5719850114890639,0.35914707974263166,168430.99592607035,0.4653487205505371
4020.3333333333335,60000.0,60000.0,0.6473682594708527,4.883566535970345e-06,4.883566535997147e-06,0.804591983225568,0.32885329631699517,0.8314564833996778,-0.8466584528279757,0.5734573189476994,0.3609376936999088,168469.23694944996,0.6822514533996582
4020.5,60000.0,60000.0,0.6473682594708527,4.883566535970345e-06,4.883566535997147e-06,0.804591983225568,0.33047192876948206,0.8519138112830729,-0.9092055136806415,0.5748668794898074,0.36261415276254033,168516.4334413968,0.7212958335876465
4020.6666666666665,60000.0,60000.0,0.6473682594708527,4.883566535970345e-06,4.883566535997147e-06,0.804591983225568,0.3319867841135775,0.8658838688435204,-0.9336077443081269,0.576182943595656,0.3641102027387686,168570.13171646034,0.6373879909515381
4020.8333333333335,60000.0,60000.0,0.6473682594708527,4.883566535970345e-06,4.883566535997147e-06,0.804591983225568,0.33341687496596,0.8839398602462666,-0.9436460377689353,0.5774226141770172,0.36561561839645307,168638.055113454,0.5924243927001953
4021.0,60000.0,60000.0,0.6473682594708527,4.883566535970345e-06,4.883566535997147e-06,0.804591983225568,0.3347802355493817,0.9155177932555736,-0.9592315776482877,0.5786019667776331,0.3669771184579726,168725.85258439052,0.565269947052002
4021.1666666666665,60000.0,60000.0,0.6473682594708527,4.883566535970345e-06,4.883566535997147e-06,0.804591983225568,0.3360821088549613,0.9549181179975988,-0.9691511222199156,0.5797258915024737,0.36830379901774724,168836.38966896053,0.5591456890106201
4021.3333333333335,60000.0,60000.0,0.6473682594708527,4.883566535970345e-06,4.883566535997147e-06,0.804591983225568,0.33726447752944505,0.9907679907590987,-0.9907679902845202,0.5807447614688162,0.36951502625818794,168961.43199539572,0.3359665870666504
4021.5,60000.0,60000.0,0.6473682594708527,4.883566535970345e-06,4.883566535997147e-06,0.804591983225568,0.3382971907124998,1.019227999644563,-1.019227998720553,0.5816332101516396,0.3705228661503195,169095.69130505525,0.4016876220703125
4021.6666666666665,60000.0,60000.0,0.6473682594708527,4.883566535970345e-06,4.883566535997147e-06,0.804591983225568,0.33922165078291006,1.0435988913139096,-1.043598887029689,0.582427378488364,0.37146293001418584,169247.0451722062,0.7479562759399414
4021.8333333333335,60000.0,60000.0,0.6473682594708527,4.883566535970345e-06,4.883566535997147e-06,0.804591983225568,0.34007970942656435,1.084639253729045,-1.0896092108992228,0.5831635361222707,0.37230330660767363,169422.98362055726,1.0222740173339844
4022.0,60000.0,60000.0,0.6473682594708527,4.883566535970345e-06,4.883566535997147e-06,0.804591983225568,0.3408747134594838,1.1279604843542985,-1.1330314409306752,0.5838447686586722,0.37308671096753293,169622.4375006242,0.657869815826416
4080.1666666666665,61000.0,61000.0,0.6432185347576196,-4.816855313654535e-06,-4.816855313620237e-06,0.8020090615183968,0.32506159616675256,0.8113946575835648,-0.8113946575827184,0.5701417334904466,0.3568363903778228,168247.42304382366,0.5321838855743408
4080.3333333333335,61000.0,61000.0,0.6432185347576196,-4.816855313654535e-06,-4.816855313620237e-06,0.8020090615183968,0.32673527600778224,0.8291880761884369,-0.8291880757148501,0.5716076242397208,0.35861287295239697,168235.5016234248,0.5049765110015869
4080.5,61000.0,61000.0,0.6432185347576196,-4.816855313654535e-06,-4.816855313620237e-06,0.8020090615183968,0.32834239699101747,0.8483811828904507,-0.8483811429313791,0.5730116901527692,0.3602761405888584,168237.299992748,0.2009563446044922
4080.6666666666665,61000.0,61000.0,0.6432185347576196,-4.816855313654535e-06,-4.816855313620237e-06,0.8020090615183968,0.32984781066283,0.8628354805695202,-0.8628354805695171,0.5743237855971508,0.3617617143313507,168253.3186675054,0.20006775856018066
4080.8333333333335,61000.0,61000.0,0.6432185347576196,-4.816855313654535e-06,-4.816855313620237e-06,0.8020090615183968,0.33126988786880607,0.8820925478785768,-0.8820925478785936,0.575560498899957,0.3632575846786671,168291.5123013564,0.19588732719421387
4081.0,61000.0,61000.0,0.6432185347576196,-4.816855313654535e-06,-4.816855313620237e-06,0.8020090615183968,0.33262715543658716,0.9116527702755352,-0.9116641576412603,0.5767383769524066,0.36461223800133863,168358.43588565663,0.28833770751953125
4081.1666666666665,61000.0,61000.0,0.6432185347576196,-4.816855313654535e-06,-4.816855313620237e-06,0.8020090615183968,0.33392486596704457,0.9506402534850985,-0.9506402534850935,0.5778623244098138,0.36593450073189526,168458.71195068333,0.3511779308319092
4081.3333333333335,61000.0,61000.0,0.6432185347576196,-4.816855313654535e-06,-4.816855313620237e-06,0.8020090615183968,0.3351051808364629,0.9891055826914389,-0.9891215074214325,0.5788827004132386,0.3671438991864078,168585.93375070195,0.20081472396850586
4081.5,61000.0,61000.0,0.6432185347576196,-4.816855313654535e-06,-4.816855313620237e-06,0.8020090615183968,0.33613915969615715,1.0145525188869313,-1.0143292537036792,0.5797750940635107,0.3681545920975849,168736.80888315197,0.17728543281555176
4081.6666666666665,61000.0,61000.0,0.6432185347576196,-4.816855313654535e-06,-4.816855313620237e-06,0.8020090615183968,0.3370665073804682,1.0426799712624542,-1.042705258045597,0.5805742910122501,0.3691001382195731,168917.27410469836,0.22375845909118652
4081.8333333333335,61000.0,61000.0,0.6432185347576196,-4.816855313654535e-06,-4.816855313620237e-06,0.8020090615183968,0.3379269592493216,1.1082524114827683,-1.080204796835204,0.5813148538093547,0.36994705906795006,169131.59482257543,0.8444197177886963
4082.0,61000.0,61000.0,0.6432185347576196,-4.816855313654535e-06,-4.816855313620237e-06,0.8020090615183968,0.33872391102218696,1.2579712101423488,-1.1260125842490931,0.581999923576017,0.37073864651538513,169377.89340115033,0.19360136985778809
4140.166666666667,61000.0,61000.0,0.63620448698936,9.554193313017504e-06,9.55419331304608e-06,0.7976242768304886,0.32152365970924235,0.8059601716018657,-0.8058797620050604,0.5670305635284093,0.3529523193432853,168401.93009746802,0.18839168548583984
4140.333333333333,61000.0,61000.0,0.63620448698936,9.554193313017504e-06,9.55419331304608e-06,0.7976242768304886,0.32318113437522566,0.825352687429053,-0.823290355292775,0.5684902239067898,0.3547121437233644,168441.66448214455,0.19287872314453125
4140.5,61000.0,61000.0,0.63620448698936,9.554193313017504e-06,9.55419331304608e-06,0.7976242768304886,0.3247720907250206,0.8980805507481848,-0.8426221807403615,0.5698877881276072,0.35635982842183533,168491.39382412386,0.22651982307434082
4140.666666666667,61000.0,61000.0,0.63620448698936,9.554193313017504e-06,9.55419331304608e-06,0.7976242768304886,0.32626119815905774,0.9342474987910317,-0.8595130875452528,0.5711927857628619,0.35783047621016684,168548.6776145294,0.19305777549743652
4140.833333333333,61000.0,61000.0,0.63620448698936,9.554193313017504e-06,9.55419331304608e-06,0.7976242768304886,0.32766701937037523,0.9549116384190063,-0.8763794625361092,0.5724220643394005,0.3593103547339531,168620.9286598838,0.16658878326416016
4141.0,61000.0,61000.0,0.63620448698936,9.554193313017504e-06,9.55419331304608e-06,0.7976242768304886,0.3290073190148471,0.9835901311302984,-0.905627737030495,0.5735915963506626,0.36064891801922455,168713.6519829326,0.20084929466247559
4141.166666666667,61000.0,61000.0,0.63620448698936,9.554193313017504e-06,9.55419331304608e-06,0.7976242768304886,0.3302872218226564,1.0090977035096318,-0.9473605824765067,0.5747062051432603,0.3619534064617283,168829.6579529705,0.2521393299102783
4141.333333333333,61000.0,61000.0,0.63620448698936,9.554193313017504e-06,9.55419331304608e-06,0.7976242768304886,0.33144964036548036,1.0093375526491466,-0.9831048756331014,0.575716632378767,0.3631444033979713,168960.50323032812,0.46729040145874023
4141.5,61000.0,61000.0,0.63620448698936,9.554193313017504e-06,9.55419331304608e-06,0.7976242768304886,0.3324649577255873,1.0090792425081392,-1.0090792527159025,0.576597743802828,0.364135582942281,169100.72396400222,0.7232637405395508
4141.666666666667,61000.0,61000.0,0.63620448698936,9.554193313017504e-06,9.55419331304608e-06,0.7976242768304886,0.33337369523136495,1.0371805554444011,-1.0371805557024922,0.5773852229329866,0.3650599977604542,169257.83534750217,0.19565534591674805
4141.833333333333,61000.0,61000.0,0.63620448698936,9.554193313017504e-06,9.55419331304608e-06,0.7976242768304886,0.3342168494112841,1.0727694939567236,-1.0727696508742088,0.5781149105947668,0.365886126903474,169438.97575747003,0.19500112533569336
4142.0,61000.0,61000.0,0.63620448698936,9.554193313017504e-06,9.55419331304608e-06,0.7976242768304886,0.33499769900648996,1.1208055350335404,-1.1208062811442154,0.5787898577609104,0.36665603818266806,169642.92401205297,0.29610538482666016
4200.166666666667,62000.0,62000.0,0.6359249423021965,-2.1209189469612902e-09,-2.120918915258524e-09,0.7974490217576272,0.321376958273824,0.8054351302912258,-0.8054003948319407,0.5669011892788614,0.3527915269562671,168277.81058168743,0.6173524856567383
4200.333333333333,62000.0,62000.0,0.6359249423021965,-2.1209189469612902e-09,-2.120918915258524e-09,0.7974490217576272,0.32303156354071005,0.8234797356976347,-0.8234280278154502,0.5683586575854787,0.3545477995334881,168264.83755453752,0.6726951599121094
4200.5,62000.0,62000.0,0.6359249423021965,-2.1209189469612902e-09,-2.120918915258524e-09,0.7974490217576272,0.324620235780094,0.8441761651067847,-0.844165058867301,0.5697545400161819,0.356192092972243,168264.51274336767,0.8007709980010986
4200.666666666667,62000.0,62000.0,0.6359249423021965,-2.1209189469612902e-09,-2.120918915258524e-09,0.7974490217576272,0.3261082047943776,0.858881852364396,-0.8588818523644027,0.5710588453551566,0.3576604355526555,168277.2982489653,0.6480147838592529
4200.833333333333,62000.0,62000.0,0.6359249423021965,-2.1209189469612902e-09,-2.120918915258524e-09,0.7974490217576272,0.32751375846859165,0.8752246817007863,-0.8751826686495342,0.5722881778566061,0.359138923284134,168311.45479108198,0.9714033603668213
4201.0,62000.0,62000.0,0.6359249423021965,-2.1209189469612902e-09,-2.120918915258524e-09,0.7974490217576272,0.32885516735309817,0.9072176112004982,-0.907222556027725,0.5734589500413377,0.36047766278516896,168373.67231015628,0.6715195178985596
4201.166666666667,62000.0,62000.0,0.6359249423021965,-2.1209189469612902e-09,-2.120918915258524e-09,0.7974490217576272,0.3301376517194229,0.9470449484854716,-0.9470449484854735,0.5745760626206327,0.3617842174342828,168468.61314838027,0.4205667972564697
4201.333333333333,62000.0,62000.0,0.6359249423021965,-2.1209189469612902e-09,-2.120918915258524e-09,0.7974490217576272,0.33130410036262214,0.9807902734695068,-0.9808886493140769,0.5755902191419245,0.3629792008774522,168590.06234117853,0.5261936187744141
4201.5,62000.0,62000.0,0.6359249423021965,-2.1209189469612902e-09,-2.120918915258524e-09,0.7974490217576272,0.3323258786299728,1.0102325606487808,-1.010232560648784,0.5764771275880543,0.3639776413901055,168734.88465457468,0.3667945861816406
4201.666666666667,62000.0,62000.0,0.6359249423021965,-2.1209189469612902e-09,-2.120918915258524e-09,0.7974490217576272,0.33324241880686206,1.0349628177724897,-1.0349370522148433,0.5772715295308305,0.3649118113532379,168909.39301891037,0.5415859222412109
4201.833333333333,62000.0,62000.0,0.6359249423021965,-2.1209189469612902e-09,-2.120918915258524e-09,0.7974490217576272,0.33409315353324437,1.0747623702064362,-1.0747623702064926,0.5780079182283928,0.36574878544740674,169118.22908223234,0.3921315670013428
4202.0,62000.0,62000.0,0.6359249423021965,-2.1209189469612902e-09,-2.120918915258524e-09,0.7974490217576272,0.33488144969578304,1.1192169085184274,-1.1722395990947339,0.5786894242184123,0.3665312688755978,169359.67267480944,0.49497032165527344
4260.166666666667,63000.0,63000.0,0.6280574558456965,-9.407915095850924e-06,-9.407915095805533e-06,0.7925007607855632,0.3174049958954252,0.8017252972181989,-0.8017252972181718,0.5633870748650727,0.3484311130740692,168370.482807033,0.271287202835083
4260.333333333333,63000.0,63000.0,0.6280574558456965,-9.407915095850924e-06,-9.407915095805533e-06,0.7925007607855632,0.31904132256708245,0.8194100185634412,-0.8194100185634239,0.5648374304461187,0.3501684435173985,168410.8186845423,0.2558419704437256
4260.5,63000.0,63000.0,0.6280574558456965,-9.407915095850924e-06,-9.407915095805533e-06,0.7925007607855632,0.3206121147285431,0.8388508013518611,-0.8814552507786341,0.5662262048206761,0.3517951186184833,168462.243546634,0.5877254009246826
4260.666666666667,63000.0,63000.0,0.6280574558456965,-9.407915095850924e-06,-9.407915095805533e-06,0.7925007607855632,0.3220825188603973,0.8515499140137684,-0.9289818798824238,0.5675231441780096,0.3532473009077835,168522.37998134788,0.1767430305480957
4260.833333333333,63000.0,63000.0,0.6280574558456965,-9.407915095850924e-06,-9.407915095805533e-06,0.7925007607855632,0.3234707338974598,0.8714692689310627,-0.9599817776502585,0.5687448762331299,0.35470863774830835,168598.34210587505,0.17488455772399902
4261.0,63000.0,63000.0,0.6280574558456965,-9.407915095850924e-06,-9.407915095805533e-06,0.7925007607855632,0.3247943469691671,0.9014386134942562,-1.0013754838481577,0.5699073146873529,0.35603061254721086,168695.51009706777,0.38130664825439453
4261.166666666667,63000.0,63000.0,0.6280574558456965,-9.407915095850924e-06,-9.407915095805533e-06,0.7925007607855632,0.32605839111136536,0.9390496335206086,-1.0420758600187823,0.5710152287798597,0.35731912422642315,168816.67045105094,0.6193392276763916
4261.333333333333,63000.0,63000.0,0.6280574558456965,-9.407915095850924e-06,-9.407915095805533e-06,0.7925007607855632,0.3272064388379026,0.9770335092036629,-1.0574105528298776,0.5720196143953357,0.3584956004093749,168953.2073037657,0.19522476196289062
4261.5,63000.0,63000.0,0.6280574558456965,-9.407915095850924e-06,-9.407915095805533e-06,0.7925007607855632,0.3282092828638875,1.0031842433551583,-1.0435671609493733,0.5728955256289328,0.35947493432717303,169099.51966234055,0.19549202919006348
4261.666666666667,63000.0,63000.0,0.6280574558456965,-9.407915095850924e-06,-9.407915095805533e-06,0.7925007607855632,0.3291067410980104,1.029627940470826,-1.0296279333459757,0.5736782561006646,0.3603882434666658,169262.73662377178,0.19079923629760742
4261.833333333333,63000.0,63000.0,0.6280574558456965,-9.407915095850924e-06,-9.407915095805533e-06,0.7925007607855632,0.32993912601341685,1.0680249715501822,-1.0680247902330386,0.5744032785884438,0.3612042271570234,169449.59910463443,0.1677229404449463
4262.0,63000.0,63000.0,0.6280574558456965,-9.407915095850924e-06,-9.407915095805533e-06,0.7925007607855632,0.33070966556858816,1.1115567846431975,-1.1115567846431191,0.5750736179074307,0.3619645146276865,169658.72405790578,0.19862580299377441
4320.166666666667,63000.0,63000.0,0.6268428151379261,4.675976398248092e-06,4.675976398282167e-06,0.7917340558154146,0.31678849623033056,0.8005586609903199,-0.8005923020062395,0.5628396720152994,0.34775448825179517,168310.05068036736,0.538444995880127
4320.333333333333,63000.0,63000.0,0.6268428151379261,4.675976398248092e-06,4.675976398282167e-06,0.7917340558154146,0.3184194125707529,0.8179576796949405,-0.8180078738576569,0.5642866405601701,0.3494856601999387,168296.93216003873,0.5720670223236084
4320.5,63000.0,63000.0,0.6268428151379261,4.675976398248092e-06,4.675976398282167e-06,0.7917340558154146,0.3199852022263105,0.8361716920889721,-0.8361822208966919,0.5656723453964709,0.3511064035224608,168295.35431642688,0.27725863456726074
4320.666666666667,63000.0,63000.0,0.6268428151379261,4.675976398248092e-06,4.675976398282167e-06,0.7917340558154146,0.32145156259886315,0.8528343186951685,-0.852947420854917,0.5669669855386413,0.35255342625891156,168305.69174314602,0.43105363845825195
4320.833333333333,63000.0,63000.0,0.6268428151379261,4.675976398248092e-06,4.675976398282167e-06,0.7917340558154146,0.32283664736797757,0.8704821990650249,-0.8705232551458097,0.568187158812243,0.35401039993636746,168336.4941410774,0.19439911842346191
4321.0,63000.0,63000.0,0.6268428151379261,4.675976398248092e-06,4.675976398282167e-06,0.7917340558154146,0.3241584123815393,0.8984963196390435,-0.8984918650947513,0.569349112963786,0.35532946649908204,168394.5650630029,0.1740560531616211
4321.166666666667,63000.0,63000.0,0.6268428151379261,4.675976398248092e-06,4.675976398282167e-06,0.7917340558154146,0.32542202832846784,0.9398586701600923,-0.9399071270221262,0.5704577358259756,0.35661661853386406,168484.57478166383,0.4445178508758545
4321.333333333333,63000.0,63000.0,0.6268428151379261,4.675976398248092e-06,4.675976398282167e-06,0.7917340558154146,0.3265712704211209,0.9764189883939097,-0.9763285377838468,0.5714641462463814,0.35779377439253063,168600.4605358958,0.37784504890441895
4321.5,63000.0,63000.0,0.6268428151379261,4.675976398248092e-06,4.675976398282167e-06,0.7917340558154146,0.32757787474436917,1.0005527413888635,-1.0005812218788783,0.5723441925587466,0.35877705234201346,168739.20327224294,0.2657144069671631
4321.666666666667,63000.0,63000.0,0.6268428151379261,4.675976398248092e-06,4.675976398282167e-06,0.7917340558154146,0.32848090203145874,1.030292877936512,-1.0297055199336203,0.5731325344411167,0.35969707069012385,168907.50938239146,0.24460244178771973
4321.833333333333,63000.0,63000.0,0.6268428151379261,4.675976398248092e-06,4.675976398282167e-06,0.7917340558154146,0.3293193921803248,1.06464207637835,-1.0646420763783004,0.573863565824542,0.3605215677467873,169110.43610925938,0.3364431858062744
4322.0,63000.0,63000.0,0.6268428151379261,4.675976398248092e-06,4.675976398282167e-06,0.7917340558154146,0.33009667194196934,1.112418922727441,-1.1124189227317376,0.574540400618007,0.3612925342068501,169346.42794145923,0.3168215751647949
4380.166666666667,64000.0,64000.0,0.6228007874265912,-4.674191015669677e-06,-4.674191015618308e-06,0.7891772851689227,0.31474702313852854,0.7960513536919643,-0.7960504151303133,0.5610231932210906,0.3455133810529798,168337.7267595375,0.6733090877532959
4380.333333333333,64000.0,64000.0,0.6228007874265912,-4.674191015669677e-06,-4.674191015618308e-06,0.7891772851689227,0.31636969301224116,0.814090965297522,-0.8139718534596649,0.562467504164665,0.34723616460460605,168377.75172383638,0.6291542053222656
4380.5,64000.0,64000.0,0.6228007874265912,-4.674191015669677e-06,-4.674191015618308e-06,0.7891772851689227,0.3179275136929693,0.8594460499600298,-0.8349434004968684,0.5638506131538111,0.34884926750873024,168429.97692878637,0.6718382835388184
4380.666666666667,64000.0,64000.0,0.6228007874265912,-4.674191015669677e-06,-4.674191015618308e-06,0.7891772851689227,0.3193859562746514,0.9179122746664707,-0.850364357442632,0.5651424214821712,0.3502896225429155,168492.13583411885,0.5865545272827148
4380.833333333333,64000.0,64000.0,0.6228007874265912,-4.674191015669677e-06,-4.674191015618308e-06,0.7891772851689227,0.3207629411276682,0.9589429345154223,-0.8656711819009367,0.5663593748148438,0.3517391114214105,168571.06589408807,0.44937562942504883
4381.0,64000.0,64000.0,0.6228007874265912,-4.674191015669677e-06,-4.674191015618308e-06,0.7891772851689227,0.3220759650219002,1.0126560981091288,-0.8973339865925424,0.5675173700946923,0.353050568483123,168672.04578347417,0.8352468013763428
4381.166666666667,64000.0,64000.0,0.6228007874265912,-4.674191015669677e-06,-4.674191015618308e-06,0.7891772851689227,0.323329995308543,1.0681316571573958,-0.9375036599250439,0.5686211354419728,0.35432904321379805,168797.87023172082,0.7501578330993652
4381.333333333333,64000.0,64000.0,0.6228007874265912,-4.674191015669677e-06,-4.674191015618308e-06,0.7891772851689227,0.3244690072660707,1.0983046095693743,-0.9713347326583687,0.5696218110813299,0.35549645391587736,168939.79316867236,0.6002292633056641
4381.5,64000.0,64000.0,0.6228007874265912,-4.674191015669677e-06,-4.674191015618308e-06,0.7891772851689227,0.3254640835665703,1.0978207596679008,-0.9994691433184237,0.5704945959184891,0.3564685379028408,169092.11958229117,0.236741304397583
4381.666666666667,64000.0,64000.0,0.6228007874265912,-4.674191015669677e-06,-4.674191015618308e-06,0.7891772851689227,0.3263545127035061,1.0821088301817068,-1.0252563580657241,0.5712744639117491,0.3573750796649193,169261.5819091256,0.2302095890045166
4381.833333333333,64000.0,64000.0,0.6228007874265912,-4.674191015669677e-06,-4.674191015618308e-06,0.7891772851689227,0.327180090275336,1.0660640538418822,-1.0630104589854383,0.5719965827770173,0.35818483968416653,169454.49134311738,0.4046025276184082
4382.0,64000.0,64000.0,0.6228007874265912,-4.674191015669677e-06,-4.674191015618308e-06,0.7891772851689227,0.32794401021715835,1.1083874179307347,-1.1083874179308078,0.5726639596309681,0.3589392064459488,169669.29866661667,0.22406315803527832
4440.166666666667,64000.0,64000.0,0.6160600804116225,9.179590104997937e-06,9.179590105041484e-06,0.7848949486470291,0.3113405851281619,0.7937139973988444,-0.7937139973988165,0.5579790187125356,0.34177398947508286,168343.04351001748,0.18259143829345703
4440.333333333333,64000.0,64000.0,0.6160600804116225,9.179590104997937e-06,9.179590105041484e-06,0.7848949486470291,0.3129434278101054,0.81132436408542,-0.8113243640854055,0.5594134678273226,0.34347541170350526,168330.6905518514,0.19526267051696777
4440.5,64000.0,64000.0,0.6160600804116225,9.179590104997937e-06,9.179590105041484e-06,0.7848949486470291,0.31448212755907184,0.8310551023926384,-0.8310427788638396,0.5607870609344618,0.34506825715059186,168328.77255517404,0.28254175186157227
4440.666666666667,64000.0,64000.0,0.6160600804116225,9.179590104997937e-06,9.179590105041484e-06,0.7848949486470291,0.31592293551241224,0.8443336419659839,-0.844224621426691,0.5620702230456628,0.3464900876408095,168337.53050689813,0.270214319229126
4440.833333333333,64000.0,64000.0,0.6160600804116225,9.179590104997937e-06,9.179590105041484e-06,0.7848949486470291,0.317283816971543,0.8626506952724703,-0.862650695272463,0.5632795194850614,0.34792163622514727,168365.77614256795,0.20156311988830566
4441.0,64000.0,64000.0,0.6160600804116225,9.179590104997937e-06,9.179590105041484e-06,0.7848949486470291,0.318582359787139,0.8932342796569355,-0.8930746987690602,0.5644310054064694,0.34921747932365677,168420.40141735805,0.47157931327819824
4441.166666666667,64000.0,64000.0,0.6160600804116225,9.179590104997937e-06,9.179590105041484e-06,0.7848949486470291,0.31982366757110525,0.9311645899505513,-0.9311176009652423,0.5655295462037386,0.350481747570905,168506.05237873606,0.2376704216003418
4441.333333333333,64000.0,64000.0,0.6160600804116225,9.179590104997937e-06,9.179590105041484e-06,0.7848949486470291,0.32095255008717505,0.9672553401463836,-0.9669882034719759,0.5665267426448504,0.35163786333878155,168616.77368953187,0.39080381393432617
4441.5,64000.0,64000.0,0.6160600804116225,9.179590104997937e-06,9.179590105041484e-06,0.7848949486470291,0.3219411775341535,0.9942025325667644,-0.9941779883604172,0.5673986055332827,0.3526032496697778,168749.61752022183,0.3660461902618408
4441.666666666667,64000.0,64000.0,0.6160600804116225,9.179590104997937e-06,9.179590105041484e-06,0.7848949486470291,0.32282813681804634,1.0190867866797426,-1.0187188142256356,0.5681796694988369,0.3535065111213379,168911.68756895442,0.29425883293151855
4441.833333333333,64000.0,64000.0,0.6160600804116225,9.179590104997937e-06,9.179590105041484e-06,0.7848949486470291,0.32365198233060777,1.0581407751552532,-1.058948116312659,0.5689041943399318,0.3543161464921496,169108.48183889143,0.23899173736572266
4442.0,64000.0,64000.0,0.6160600804116225,9.179590104997937e-06,9.179590105041484e-06,0.7848949486470291,0.3244159895861732,1.099909504054995,-1.099579590275504,0.5695752712223706,0.355073314849865,169338.6110557297,0.21996068954467773
4500.166666666667,65000.0,65000.0,0.6157493722577275,-3.280669862719727e-08,-3.280669857072346e-08,0.7846969939140378,0.3111820507674252,0.7938001990236815,-0.7938011017522203,0.5578369393690618,0.3415999904619294,168304.77933147454,0.4965071678161621
4500.333333333333,65000.0,65000.0,0.6157493722577275,-3.280669862719727e-08,-3.280669857072346e-08,0.7846969939140378,0.31278634844543884,0.8111547176787177,-0.8112776098908248,0.5592730537370733,0.3433032159946854,168343.59155959912,0.41896843910217285
4500.5,65000.0,65000.0,0.6157493722577275,-3.280669862719727e-08,-3.280669857072346e-08,0.7846969939140378,0.31432666766331235,0.8296869711987697,-0.8306582847794749,0.5606484351944281,0.34489804967157317,168395.69461144065,0.17461895942687988
4500.666666666667,65000.0,65000.0,0.6157493722577275,-3.280669862719727e-08,-3.280669857072346e-08,0.7846969939140378,0.315768910233454,0.8446406548355084,-0.8977677494735883,0.5619331904071148,0.3463223726895708,168458.97681919823,0.6143097877502441
4500.833333333333,65000.0,65000.0,0.6157493722577275,-3.280669862719727e-08,-3.280669857072346e-08,0.7846969939140378,0.31713067183783045,0.8630222676066436,-0.948319877189655,0.5631435626158313,0.34775579361584097,168540.03043690484,0.3338334560394287
4501.0,65000.0,65000.0,0.6157493722577275,-3.280669862719727e-08,-3.280669857072346e-08,0.7846969939140378,0.31842931263879726,0.89155056499135,-1.0136937757933384,0.5642954128320626,0.3490529231620493,168644.05944671424,0.2672135829925537
4501.166666666667,65000.0,65000.0,0.6157493722577275,-3.280669862719727e-08,-3.280669857072346e-08,0.7846969939140378,0.3196697235135156,0.9306710281478727,-1.083243980597599,0.5653934239500418,0.35031766198064385,168773.89863442094,0.20154571533203125
4501.333333333333,65000.0,65000.0,0.6157493722577275,-3.280669862719727e-08,-3.280669857072346e-08,0.7846969939140378,0.3207964486488726,0.9678039078174389,-1.1278071927460445,0.5663889555896641,0.35147265724694365,168920.71847536002,0.6574063301086426
4501.5,65000.0,65000.0,0.6157493722577275,-3.280669862719727e-08,-3.280669857072346e-08,0.7846969939140378,0.32178095678418717,0.9918139353486242,-1.1405561742425208,0.5672573993931098,0.35243474497418237,169078.7762639395,0.4974062442779541
4501.666666666667,65000.0,65000.0,0.6157493722577275,-3.280669862719727e-08,-3.280669857072346e-08,0.7846969939140378,0.3226618912416553,1.020391932152996,-1.1373822598538899,0.5680333543352526,0.35333200915566343,169254.41072207905,0.5450408458709717
4501.833333333333,65000.0,65000.0,0.6157493722577275,-3.280669862719727e-08,-3.280669857072346e-08,0.7846969939140378,0.3234784041756344,1.0563743391611298,-1.1347681929005273,0.5687516194209433,0.3541333534163881,169453.4857026147,0.5929386615753174
4502.0,65000.0,65000.0,0.6157493722577275,-3.280669862719727e-08,-3.280669857072346e-08,0.7846969939140378,0.3242336483653665,1.1020512661568496,-1.1312888648806791,0.5694151813906482,0.3548798087663341,169674.28718098835,0.6518275737762451
4560.166666666667,66000.0,66000.0,0.6081248797870453,-9.098499101093292e-06,-9.09849910103422e-06,0.7798236209470993,0.3073316872718054,0.787468484975588,-0.7874684849756259,0.5543750422753934,0.3373731686151154,168375.6635914736,0.684333086013794
4560.333333333333,66000.0,66000.0,0.6081248797870453,-9.098499101093292e-06,-9.09849910103422e-06,0.7798236209470993,0.3089139036990502,0.8044285082133641,-0.8044285082133772,0.5558002374130363,0.3390527498661692,168364.96111160575,0.774559736251831
4560.5,66000.0,66000.0,0.6081248797870453,-9.098499101093292e-06,-9.09849910103422e-06,0.7798236209470993,0.310432669692296,0.8243093603566188,-0.8243093601189594,0.5571648498229984,0.340625107570343,168363.6274245537,0.9039247035980225
4560.666666666667,66000.0,66000.0,0.6081248797870453,-9.098499101093292e-06,-9.09849910103422e-06,0.7798236209470993,0.3118546287150066,0.8403890716350987,-0.8403890669164187,0.5584394585534495,0.34202837875709957,168371.72837705354,0.662224292755127
4560.833333333333,66000.0,66000.0,0.6081248797870453,-9.098499101093292e-06,-9.09849910103422e-06,0.7798236209470993,0.3131976319061043,0.8564144629430918,-0.8564144629430922,0.5596406275792866,0.34344117102733135,168398.30185499447,0.21524500846862793
4561.0,66000.0,66000.0,0.6081248797870453,-9.098499101093292e-06,-9.09849910103422e-06,0.7798236209470993,0.31447897799660257,0.8859318381433418,-0.8859318381433309,0.5607842527239486,0.34471982482507185,168450.29999406956,0.8883728981018066
4561.166666666667,66000.0,66000.0,0.6081248797870453,-9.098499101093292e-06,-9.09849910103422e-06,0.7798236209470993,0.31570372306976063,0.9263585277142888,-0.9263585277142683,0.5618751846767502,0.34596708797999004,168532.31328585892,0.1926252841949463
4561.333333333333,66000.0,66000.0,0.6081248797870453,-9.098499101093292e-06,-9.09849910103422e-06,0.7798236209470993,0.31681744989342076,0.9607902693648392,-0.961044773230264,0.5628653924019796,0.3471075156125596,168638.44536636333,0.3521914482116699
4561.5,66000.0,66000.0,0.6081248797870453,-9.098499101093292e-06,-9.09849910103422e-06,0.7798236209470993,0.31779262315482015,0.9870089422750633,-0.9870555705004208,0.5637309847819132,0.3480594462190446,168765.7722405295,0.21272015571594238
4561.666666666667,66000.0,66000.0,0.6081248797870453,-9.098499101093292e-06,-9.09849910103422e-06,0.7798236209470993,0.3186675312414739,1.0138050234927944,-1.014156983511301,0.5645064492739381,0.34895005221371084,168921.7851833623,0.6196131706237793
4561.833333333333,66000.0,66000.0,0.6081248797870453,-9.098499101093292e-06,-9.09849910103422e-06,0.7798236209470993,0.31948042763841705,1.0494606088229212,-1.0495992714912432,0.5652259969770208,0.34974844937826927,169112.43307049453,0.4327540397644043
4562.0,66000.0,66000.0,0.6081248797870453,-9.098499101093292e-06,-9.09849910103422e-06,0.7798236209470993,0.3202345495794581,1.0957030638866752,-1.0961204914675058,0.5658927014815935,0.35049515596945663,169336.48877072072,0.1844344139099121
4620.166666666667,66000.0,66000.0,0.6069738823349133,4.4773936010018775e-06,4.477393601064505e-06,0.7790852856619186,0.30674585275722255,0.7872591729514608,-0.7872588850153066,0.5538464163281679,0.33673020977424206,168272.76445705563,0.45273852348327637
4620.333333333333,66000.0,66000.0,0.6069738823349133,4.4773936010018775e-06,4.477393601064505e-06,0.7790852856619186,0.3083272482992678,0.8048279012518724,-0.8048276743695381,0.5552722291386605,0.3384090654616231,168309.50347187376,0.5144336223602295
4620.5,66000.0,66000.0,0.6069738823349133,4.4773936010018775e-06,4.477393601064505e-06,0.7790852856619186,0.30984570837600306,0.8248543129626373,-0.8248543129625711,0.5566378612345233,0.339981117790818,168360.56601874658,0.5647523403167725
4620.666666666667,66000.0,66000.0,0.6069738823349133,4.4773936010018775e-06,4.477393601064505e-06,0.7790852856619186,0.31126766578064397,0.8689029965340787,-0.8387916726574733,0.5579136725249041,0.3413853574801669,168424.0340283251,0.1823413372039795
4620.833333333333,66000.0,66000.0,0.6069738823349133,4.4773936010018775e-06,4.477393601064505e-06,0.7790852856619186,0.3126103524452257,0.9283493013822776,-0.8555253559958229,0.5591156881050535,0.3427986416878346,168506.2943846348,0.20517563819885254
4621.0,66000.0,66000.0,0.6069738823349133,4.4773936010018775e-06,4.477393601064505e-06,0.7790852856619186,0.3138909448893203,1.0045810669868716,-0.8864507741629226,0.5602597122383195,0.34407776147875785,168612.50573880633,0.26604700088500977
4621.166666666667,66000.0,66000.0,0.6069738823349133,4.4773936010018775e-06,4.477393601064505e-06,0.7790852856619186,0.31511424803822585,1.0873304166471678,-0.9249690628353117,0.5613503792959326,0.3453251793477631,168745.57338986386,0.26654815673828125
4621.333333333333,66000.0,66000.0,0.6069738823349133,4.4773936010018775e-06,4.477393601064505e-06,0.7790852856619186,0.3162255374163459,1.145654225896976,-0.9588436412880711,0.5623393439440431,0.34646450687751335,168896.6339519293,0.23526453971862793
4621.5,66000.0,66000.0,0.6069738823349133,4.4773936010018775e-06,4.477393601064505e-06,0.7790852856619186,0.3171967577186899,1.1713393252719686,-0.9869835007722526,0.5632022354987368,0.3474139172471812,169059.94497640835,0.19690966606140137
4621.666666666667,66000.0,66000.0,0.6069738823349133,4.4773936010018775e-06,4.477393601064505e-06,0.7790852856619186,0.3180658044606674,1.180574829541788,-1.0104304436220477,0.5639732305977626,0.3482994508540496,169241.46782613714,0.4309842586517334
4621.833333333333,66000.0,66000.0,0.6069738823349133,4.4773936010018775e-06,4.477393601064505e-06,0.7790852856619186,0.3188710729553828,1.1912458611876173,-1.050182354326303,0.5646867037136837,0.34909024219522083,169446.6166345957,0.18183588981628418
4622.0,66000.0,66000.0,0.6069738823349133,4.4773936010018775e-06,4.477393601064505e-06,0.7790852856619186,0.31961566820043097,1.2026331868435955,-1.0928214874829918,0.5653456187277526,0.34982684792757285,169673.51955156494,0.20470118522644043
4680.166666666667,67000.0,67000.0,0.603037272255957,-4.535426744811357e-06,-4.535426744754462e-06,0.7765547451763829,0.3047618064318767,0.7860301861684056,-0.7856520287788556,0.5520523586468774,0.33455203089656654,168406.79819009503,0.7721021175384521
4680.333333333333,67000.0,67000.0,0.603037272255957,-4.535426744811357e-06,-4.535426744754462e-06,0.7765547451763829,0.30633084228494123,0.8032758953193357,-0.8029296846539138,0.5534716275715591,0.33621767682984544,168398.57477938343,0.6336629390716553
4680.5,67000.0,67000.0,0.603037272255957,-4.535426744811357e-06,-4.535426744754462e-06,0.7765547451763829,0.3078368315462268,0.821738607827439,-0.8217386080443614,0.5548304531711875,0.33777695465590984,168398.7299075482,0.40231895446777344
4680.666666666667,67000.0,67000.0,0.603037272255957,-4.535426744811357e-06,-4.535426744754462e-06,0.7765547451763829,0.30924664968616183,0.8356560850598895,-0.8349875174188072,0.5560994963800382,0.33916830244072343,168407.11873016652,0.6082947254180908
4680.833333333333,67000.0,67000.0,0.603037272255957,-4.535426744811357e-06,-4.535426744754462e-06,0.7765547451763829,0.31057810577759665,0.8540543646548509,-0.8540543646550915,0.5572953489329844,0.34056901198532497,168432.9616897349,0.5092329978942871
4681.0,67000.0,67000.0,0.603037272255957,-4.535426744811357e-06,-4.535426744754462e-06,0.7765547451763829,0.3118482897138122,0.8830359701433308,-0.8830359701434144,0.5584337828720312,0.3418365195124169,168483.24083219684,0.46713995933532715
4681.166666666667,67000.0,67000.0,0.603037272255957,-4.535426744811357e-06,-4.535426744754462e-06,0.7765547451763829,0.313062229370311,0.919887494598058,-0.9198881947020521,0.559519641734948,0.3430726701564769,168562.46165951414,0.6550378799438477
4681.333333333333,67000.0,67000.0,0.603037272255957,-4.535426744811357e-06,-4.535426744754462e-06,0.7765547451763829,0.3141660179100088,0.9575903921534284,-0.9575952638004375,0.5605051453917841,0.3442027780988075,168664.73631506533,0.5734350681304932
4681.5,67000.0,67000.0,0.603037272255957,-4.535426744811357e-06,-4.535426744754462e-06,0.7765547451763829,0.31513227663801485,0.9826322827369761,-0.9825807204047381,0.5613664371094105,0.3451457113540245,168787.11643501226,0.6451473236083984
4681.666666666667,67000.0,67000.0,0.603037272255957,-4.535426744811357e-06,-4.535426744754462e-06,0.7765547451763829,0.3159991666931493,1.0093039307294156,-1.0093844865208275,0.5621380317554591,0.34602778759983344,168937.45790069818,0.6304199695587158
4681.833333333333,67000.0,67000.0,0.603037272255957,-4.535426744811357e-06,-4.535426744754462e-06,0.7765547451763829,0.316804820914496,1.0463875096408968,-1.0462432689515757,0.5628541737913673,0.3468185915875693,169122.15517073797,0.513669490814209
4682.0,67000.0,67000.0,0.603037272255957,-4.535426744811357e-06,-4.535426744754462e-06,0.7765547451763829,0.31755245121281817,1.0897728137305194,-1.0902668906922612,0.5635179245056268,0.347558193879694,169340.1336250571,0.6098895072937012
4740.166666666667,67000.0,67000.0,0.596558820521606,8.820068397816521e-06,8.820068397874367e-06,0.7723722033589803,0.30148118786054057,0.7806951221258419,-0.7806954345152083,0.5490730260636472,0.3309509751769799,168242.77428655542,0.46271300315856934
4740.333333333333,67000.0,67000.0,0.596558820521606,8.820068397816521e-06,8.820068397874367e-06,0.7723722033589803,0.3030353747277707,0.7976101760092307,-0.7976115508004815,0.550486489248763,0.33260088885502515,168276.6503123283,0.19577622413635254
4740.5,67000.0,67000.0,0.596558820521606,8.820068397816521e-06,8.820068397874367e-06,0.7723722033589803,0.30452782727202626,0.8154267860029121,-0.8154267860029936,0.5518404003131937,0.33414587078841296,168325.78947102383,0.36927342414855957
4740.666666666667,67000.0,67000.0,0.596558820521606,8.820068397816521e-06,8.820068397874367e-06,0.7723722033589803,0.30592560271832026,0.8321809631677353,-0.8321809631678103,0.5531054175197611,0.3355261647222707,168388.49942095645,0.4485056400299072
4740.833333333333,67000.0,67000.0,0.596558820521606,8.820068397816521e-06,8.820068397874367e-06,0.7723722033589803,0.3072455370153526,0.8489392765297106,-0.8994092735870526,0.5542973364687415,0.33691542997156315,168471.00851918204,0.26256251335144043
4741.0,67000.0,67000.0,0.596558820521606,8.820068397816521e-06,8.820068397874367e-06,0.7723722033589803,0.30850457558710287,0.8764115191510664,-0.9855660809327915,0.5554318822470831,0.3381730174702513,168578.4609984734,0.2782878875732422
4741.166666666667,67000.0,67000.0,0.596558820521606,8.820068397816521e-06,8.820068397874367e-06,0.7723722033589803,0.30970742911927185,0.9171645421549598,-1.0804798038548602,0.5565136380886109,0.33939967459649706,168713.86072567754,0.6139435768127441
4741.333333333333,67000.0,67000.0,0.596558820521606,8.820068397816521e-06,8.820068397874367e-06,0.7723722033589803,0.3108002615202954,0.9522478638016956,-1.151764865749957,0.55749462940306,0.3405202073768224,168868.36120088227,0.2196211814880371
4741.5,67000.0,67000.0,0.596558820521606,8.820068397816521e-06,8.820068397874367e-06,0.7723722033589803,0.31175557602002135,0.9766401013179474,-1.189926062106512,0.5583507646068839,0.3414543464597372,169036.2681748532,0.19695687294006348
4741.666666666667,67000.0,67000.0,0.596558820521606,8.820068397816521e-06,8.820068397874367e-06,0.7723722033589803,0.3126104312086457,1.0044731465718841,-1.2112837260186924,0.5591157586291691,0.3423257718237757,169223.1948619765,0.19421768188476562
4741.833333333333,67000.0,67000.0,0.596558820521606,8.820068397816521e-06,8.820068397874367e-06,0.7723722033589803,0.3134023662176274,1.0381408640328669,-1.2349244887447264,0.5598235137826221,0.3431039413732057,169434.11861726607,0.5924501419067383
4742.0,67000.0,67000.0,0.596558820521606,8.820068397816521e-06,8.820068397874367e-06,0.7723722033589803,0.31413443209915914,1.0853159295920245,-1.2608310973177883,0.5604769687395503,0.3438288215158353,169667.02212095037,0.19568753242492676
4800.166666666667,68000.0,68000.0,0.5962197467495648,-6.102535325812134e-08,-6.102535320220777e-08,0.7721526706225685,0.3013175363157145,0.7794155245927452,-0.7794155245926908,0.5489239807088068,0.3307710377649071,168435.3852709218,0.2278902530670166
4800.333333333333,68000.0,68000.0,0.5962197467495648,-6.102535325812134e-08,-6.102535320220777e-08,0.7721526706225685,0.3028689243460083,0.7969100922476383,-0.7969100922475632,0.5503352838198255,0.33241800597051585,168430.38493339816,0.20178723335266113
4800.5,68000.0,68000.0,0.5962197467495648,-6.102535325812134e-08,-6.102535320220777e-08,0.7721526706225685,0.3043578628054542,0.8172019701551752,-0.8176477215138338,0.5516863810690297,0.33395977214883676,168432.88256899506,0.26749253273010254
4800.666666666667,68000.0,68000.0,0.5962197467495648,-6.102535325812134e-08,-6.102535320220777e-08,0.7721526706225685,0.3057515517358352,0.8318561690588361,-0.8324516209781265,0.552948055386881,0.33533527406542796,168442.4942849204,0.18296051025390625
4800.833333333333,68000.0,68000.0,0.5962197467495648,-6.102535325812134e-08,-6.102535320220777e-08,0.7721526706225685,0.30706769243873144,0.846893194861662,-0.8477925064120818,0.5541368897995961,0.3367199474828676,168468.57326784142,0.3329036235809326
4801.0,68000.0,68000.0,0.5962197467495648,-6.102535325812134e-08,-6.102535320220777e-08,0.7721526706225685,0.3083231183349838,0.8782533726405638,-0.8791246619810332,0.5552685102787156,0.33797274113538556,168518.1001880829,0.28682398796081543
4801.166666666667,68000.0,68000.0,0.5962197467495648,-6.102535325812134e-08,-6.102535320220777e-08,0.7721526706225685,0.30952280999566184,0.917175306551804,-0.9171746923279505,0.5563477421051067,0.3391943057229513,168595.4690278755,0.19395709037780762
4801.333333333333,68000.0,68000.0,0.5962197467495648,-6.102535325812134e-08,-6.102535320220777e-08,0.7721526706225685,0.3106135162792305,0.9497609149682231,-0.949842659479856,0.5573271179592936,0.3403109048181879,168694.74968282145,0.5267813205718994
4801.5,68000.0,68000.0,0.5962197467495648,-6.102535325812134e-08,-6.102535320220777e-08,0.7721526706225685,0.3115680874044895,0.9780974523197261,-0.9780934944697081,0.5581828441555449,0.3412421702654986,168812.92205019188,0.16965174674987793
4801.666666666667,68000.0,68000.0,0.5962197467495648,-6.102535325812134e-08,-6.102535320220777e-08,0.7721526706225685,0.31242443374102624,1.0027121488216177,-1.0026461152914832,0.5589494018430006,0.34211317832257904,168958.17119438748,0.23790645599365234
4801.833333333333,68000.0,68000.0,0.5962197467495648,-6.102535325812134e-08,-6.102535320220777e-08,0.7721526706225685,0.31322045269666937,1.0404508148854907,-1.0404285957962642,0.5596610159385985,0.3428940598168757,169137.31664549804,0.93593430519104
4802.0,68000.0,68000.0,0.5962197467495648,-6.102535325812134e-08,-6.102535320220777e-08,0.7721526706225685,0.3139593194576561,1.0844990968441524,-1.0841002296869182,0.5603207291414127,0.34362432948555527,169349.4214492209,0.39338254928588867
4860.166666666667,69000.0,69000.0,0.588830935147439,-8.79918102731818e-06,-8.799181027264791e-06,0.7673532010407196,0.2975746906996096,0.7761684907318037,-0.7761684907318468,0.5455040703440146,0.3266626632139232,168215.83192510784,0.33806395530700684
4860.333333333333,69000.0,69000.0,0.588830935147439,-8.79918102731818e-06,-8.799181027264791e-06,0.7673532010407196,0.29910863880340666,0.7933376556231582,-0.7933376556231471,0.5469082545447899,0.3282910357647171,168246.1528341415,0.6588358879089355
4860.5,69000.0,69000.0,0.588830935147439,-8.79918102731818e-06,-8.799181027264791e-06,0.7673532010407196,0.30058176027009814,0.812380852630563,-0.8123808526304599,0.548253372430275,0.3298158690761581,168292.551308202,0.6864330768585205
4860.666666666667,69000.0,69000.0,0.588830935147439,-8.79918102731818e-06,-8.799181027264791e-06,0.7673532010407196,0.3019615894095525,0.8248306401776789,-0.8248306401776049,0.549510317960554,0.3311783635172921,168353.58516775974,0.5598742961883545
4860.833333333333,69000.0,69000.0,0.588830935147439,-8.79918102731818e-06,-8.799181027264791e-06,0.7673532010407196,0.30326465905427874,0.8651232577621588,-0.8436372703587358,0.5506947060013515,0.33254979816630453,168435.37650390042,0.6031508445739746
4861.0,69000.0,69000.0,0.588830935147439,-8.79918102731818e-06,-8.799181027264791e-06,0.7673532010407196,0.3045077567331894,0.9605017946507834,-0.8730062621143622,0.5518222149613261,0.3337914398574652,168543.08654012502,0.5832014083862305
4861.166666666667,69000.0,69000.0,0.588830935147439,-8.79918102731818e-06,-8.799181027264791e-06,0.7673532010407196,0.30569552499075753,1.0667865637825331,-0.9097944603576965,0.5528973912147094,0.33500277305406834,168679.84240880876,0.5040483474731445
4861.333333333333,69000.0,69000.0,0.588830935147439,-8.79918102731818e-06,-8.799181027264791e-06,0.7673532010407196,0.30677478412425,1.150379446432078,-0.9457555054444042,0.5538725344142184,0.3361094860520166,168836.86467004078,0.628410816192627
4861.5,69000.0,69000.0,0.588830935147439,-8.79918102731818e-06,-8.799181027264791e-06,0.7673532010407196,0.3077184759684521,1.2005835482032088,-0.9716562626635973,0.5547237837419452,0.33703249959014564,169008.55357519016,0.6738278865814209
4861.666666666667,69000.0,69000.0,0.588830935147439,-8.79918102731818e-06,-8.799181027264791e-06,0.7673532010407196,0.308563008004346,1.233743530399237,-0.9965141410534671,0.5554844807098309,0.3378937195343133,169200.21526514416,0.5782854557037354
4861.833333333333,69000.0,69000.0,0.588830935147439,-8.79918102731818e-06,-8.799181027264791e-06,0.7673532010407196,0.30934524303415534,1.2700067427018153,-1.0343180026500187,0.5561881366661252,0.3386628052514922,169416.41813579618,0.5577840805053711
4862.0,69000.0,69000.0,0.588830935147439,-8.79918102731818e-06,-8.799181027264791e-06,0.7673532010407196,0.31006819405656677,1.3100474524746162,-1.0756638484428251,0.5568376733082611,0.33937930334072197,169655.01670398767,0.21162128448486328
4920.166666666667,69000.0,69000.0,0.5877402409741022,4.287416653012275e-06,4.287416653073119e-06,0.7666421857516726,0.2970331658775465,0.7753876898601919,-0.7753876898602629,0.5450074918566218,0.3260678318021795,168460.44972082865,0.29056835174560547
4920.333333333333,69000.0,69000.0,0.5877402409741022,4.287416653012275e-06,4.287416653073119e-06,0.7666421857516726,0.2985626105935448,0.7922878157299915,-0.7922878157300606,0.5464088312696216,0.3276915597799961,168459.30650022227,0.2972860336303711
4920.5,69000.0,69000.0,0.5877402409741022,4.287416653012275e-06,4.287416653073119e-06,0.7666421857516726,0.3000303933732499,0.8105436944360962,-0.8101511832598971,0.5477503022845962,0.32921155184171574,168464.92040269772,0.200211763381958
4920.666666666667,69000.0,69000.0,0.5877402409741022,4.287416653012275e-06,4.287416653073119e-06,0.7666421857516726,0.301404129879736,0.8255521673254643,-0.8255521676748022,0.5490028507482918,0.3305674448359864,168476.64828865274,0.6807477474212646
4920.833333333333,69000.0,69000.0,0.5877402409741022,4.287416653012275e-06,4.287416653073119e-06,0.7666421857516726,0.30270134643230195,0.8438780449264384,-0.8430600305308505,0.5501830119714125,0.33193229293933185,168503.92175945567,0.2042531967163086
4921.0,69000.0,69000.0,0.5877402409741022,4.287416653012275e-06,4.287416653073119e-06,0.7666421857516726,0.3039385769294541,0.8713047145809336,-0.8705447428586157,0.5513062462317233,0.33316696205283397,168553.68887514304,0.20529484748840332
4921.166666666667,69000.0,69000.0,0.5877402409741022,4.287416653012275e-06,4.287416653073119e-06,0.7666421857516726,0.30512073585629945,0.9108899780113007,-0.9097136416896441,0.552377349317688,0.3343706300034174,168630.20937880795,0.4827542304992676
4921.333333333333,69000.0,69000.0,0.5877402409741022,4.287416653012275e-06,4.287416653073119e-06,0.7666421857516726,0.30619536532855574,0.9462115542076353,-0.9454983734749637,0.5533492256217597,0.33547068798012447,168727.46160912802,0.19896245002746582
4921.5,69000.0,69000.0,0.5877402409741022,4.287416653012275e-06,4.287416653073119e-06,0.7666421857516726,0.3071356173474046,0.9699352984402148,-0.9683276185058738,0.554198175281078,0.3363877633368127,168842.30880579422,0.48699259757995605
4921.666666666667,69000.0,69000.0,0.5877402409741022,4.287416653012275e-06,4.287416653073119e-06,0.7666421857516726,0.3079790250355825,0.9976413477124624,-0.9970378189098685,0.554958579666322,0.3372453112904897,168983.21855520798,1.1285359859466553
4921.833333333333,69000.0,69000.0,0.5877402409741022,4.287416653012275e-06,4.287416653073119e-06,0.7666421857516726,0.30876313169162994,1.0315066272634634,-1.0315337149859964,0.5556645856857214,0.3380140741149798,169157.40042734504,0.19475173950195312
4922.0,69000.0,69000.0,0.5877402409741022,4.287416653012275e-06,4.287416653073119e-06,0.7666421857516726,0.30949106482861716,1.0772780572245007,-1.076983130532588,0.5563192113372952,0.33873291127464233,169364.03557881902,0.20044207572937012
4980.166666666667,70000.0,70000.0,0.5839067839582792,-4.400477576468248e-06,-4.400477576414478e-06,0.7641379351650324,0.2950852822958915,0.7711412853015821,-0.7711412853015277,0.543217527639743,0.3239299537172264,168192.85652371417,0.6902790069580078
4980.333333333333,70000.0,70000.0,0.5839067839582792,-4.400477576468248e-06,-4.400477576414478e-06,0.7641379351650324,0.2966062685926559,0.7876978928399987,-0.7876978928400092,0.5446157073120717,0.32554451308292204,168219.05145416327,0.5232429504394531
4980.5,70000.0,70000.0,0.5839067839582792,-4.400477576468248e-06,-4.400477576414478e-06,0.7641379351650324,0.29806702874630986,0.8081378428941899,-0.8081904398271008,0.5459551527611817,0.327056425654982,168261.9854180464,0.1970689296722412
4980.666666666667,70000.0,70000.0,0.5839067839582792,-4.400477576468248e-06,-4.400477576414478e-06,0.7641379351650324,0.29943541927583045,0.8234671699376043,-0.8238131260718098,0.5472069255579571,0.32840753756594315,168320.48230156588,0.20157623291015625
4980.833333333333,70000.0,70000.0,0.5839067839582792,-4.400477576468248e-06,-4.400477576414478e-06,0.7641379351650324,0.30072776718488603,0.8387135641042932,-0.8388917407181916,0.5483865127020625,0.3297676005816377,168400.6138277385,0.26898694038391113
4981.0,70000.0,70000.0,0.5839067839582792,-4.400477576468248e-06,-4.400477576414478e-06,0.7641379351650324,0.30196077744910116,0.8685379307927382,-0.9297210284506053,0.5495095791744918,0.33099912441945356,168507.58904410602,0.19788050651550293
4981.166666666667,70000.0,70000.0,0.5839067839582792,-4.400477576468248e-06,-4.400477576414478e-06,0.7641379351650324,0.303139051453913,0.9077805787191443,-1.046593488912148,0.5505806495309903,0.3322008016932109,168644.6788485499,0.48340702056884766
4981.333333333333,70000.0,70000.0,0.5839067839582792,-4.400477576468248e-06,-4.400477576414478e-06,0.7641379351650324,0.3042098238297965,0.9410121912367737,-1.1418422153586982,0.5515521952140077,0.3332988770133966,168803.2187541903,0.19680285453796387
4981.5,70000.0,70000.0,0.5839067839582792,-4.400477576468248e-06,-4.400477576414478e-06,0.7641379351650324,0.30514634784155864,0.96750862415842,-1.2036480737656958,0.552400532299589,0.3342150752251445,168977.74659576148,0.19294214248657227
4981.666666666667,70000.0,70000.0,0.5839067839582792,-4.400477576468248e-06,-4.400477576414478e-06,0.7641379351650324,0.30598457577675053,0.9930988283997596,-1.2482779710522587,0.5531587259066629,0.3350701410390067,169173.31298603932,0.3593406677246094
4981.833333333333,70000.0,70000.0,0.5839067839582792,-4.400477576468248e-06,-4.400477576414478e-06,0.7641379351650324,0.306760884860561,1.0288777571960297,-1.2968031539474905,0.5538599869642937,0.33583381083943536,169394.11911424223,0.28665804862976074
4982.0,70000.0,70000.0,0.5839067839582792,-4.400477576468248e-06,-4.400477576414478e-06,0.7641379351650324,0.3074782664137964,1.0734788107021789,-1.350577837319782,0.554507228753826,0.3365453879824308,169637.9129980494,0.35886216163635254
5040.166666666667,70000.0,70000.0,0.5776799722322602,8.475001932307505e-06,8.475001932371376e-06,0.7600526114896654,0.29194970488864724,0.7683523537891219,-0.7708077695450604,0.54032370409407,0.32048743298874405,168481.13660294632,0.4432342052459717
5040.333333333333,70000.0,70000.0,0.5776799722322602,8.475001932307505e-06,8.475001932371376e-06,0.7600526114896654,0.2934531157382854,0.7854477588636416,-0.786378390844108,0.5417131307745501,0.32208357354804495,168484.3529619596,0.5526604652404785
5040.5,70000.0,70000.0,0.5776799722322602,8.475001932307505e-06,8.475001932371376e-06,0.7600526114896654,0.29489583800340025,0.8047562162595244,-0.8047562162579885,0.5430431274827144,0.32357773100655624,168493.75056850817,0.5602378845214844
5040.666666666667,70000.0,70000.0,0.5776799722322602,8.475001932307505e-06,8.475001932371376e-06,0.7600526114896654,0.29624599174477206,0.8179220889808994,-0.8179220887303427,0.5442848445626617,0.32491043838829436,168508.41568262104,0.8697752952575684
5040.833333333333,70000.0,70000.0,0.5776799722322602,8.475001932307505e-06,8.475001932371376e-06,0.7600526114896654,0.2975208609630642,0.8350348368362085,-0.8350348368341358,0.5454547288466677,0.3262518633090855,168537.8013281017,0.18874025344848633
5041.0,70000.0,70000.0,0.5776799722322602,8.475001932307505e-06,8.475001932371376e-06,0.7600526114896654,0.2987366416894703,0.8648384493468936,-0.86483844934655,0.5465680579072094,0.32746517760254523,168588.79283570265,0.6140260696411133
5041.166666666667,70000.0,70000.0,0.5776799722322602,8.475001932307505e-06,8.475001932371376e-06,0.7600526114896654,0.2998981642226508,0.9020300224495852,-0.903094653566867,0.5476295868901414,0.32864782317867763,168665.49757689968,0.5362379550933838
5041.333333333333,70000.0,70000.0,0.5776799722322602,8.475001932307505e-06,8.475001932371376e-06,0.7600526114896654,0.30095389316260274,0.9359582689254012,-0.9359582689209729,0.5485926479309251,0.32972848479180333,168761.75615568992,0.32761526107788086
5041.5,70000.0,70000.0,0.5776799722322602,8.475001932307505e-06,8.475001932371376e-06,0.7600526114896654,0.3018773551939719,0.962799023471787,-0.9644079070020134,0.5494336678476238,0.33062901203264317,168874.27422098577,0.6177635192871094
5041.666666666667,70000.0,70000.0,0.5776799722322602,8.475001932307505e-06,8.475001932371376e-06,0.7600526114896654,0.3027055788188841,0.9858806660664563,-0.9868213685484438,0.5501868582221312,0.3314708710379807,169011.745581838,0.7341129779815674
5041.833333333333,70000.0,70000.0,0.5776799722322602,8.475001932307505e-06,8.475001932371376e-06,0.7600526114896654,0.30347563234111613,1.0245995664013288,-1.0267910581462865,0.5508862246110691,0.332225469587841,169181.72149636724,0.553769588470459
5042.0,70000.0,70000.0,0.5776799722322602,8.475001932307505e-06,8.475001932371376e-06,0.7600526114896654,0.3041905852803926,1.0654706433872123,-1.0658696095176996,0.5515347544666749,0.3329309213546106,169383.47763410647,0.562859296798706
5100.166666666667,71000.0,71000.0,0.5773151560725793,-8.693098154402176e-08,-8.693098149347792e-08,0.7598125795698432,0.29175339456836563,0.768701173848676,-0.7687011612104055,0.5401420133532431,0.32027240431972126,168174.63191440376,0.2168426513671875
5100.333333333333,71000.0,71000.0,0.5773151560725793,-8.693098154402176e-08,-8.693098149347792e-08,0.7598125795698432,0.2932570537860666,0.7855567876723155,-0.7855546750667196,0.5415321355391016,0.3218685213516141,168196.27075254972,0.1760551929473877
5100.5,71000.0,71000.0,0.5773151560725793,-8.693098154402176e-08,-8.693098149347792e-08,0.7598125795698432,0.2947012393637085,0.8037749420295799,-0.8037209251241199,0.5428639234807636,0.32336316947569876,168235.13455011466,0.20902800559997559
5100.666666666667,71000.0,71000.0,0.5773151560725793,-8.693098154402176e-08,-8.693098149347792e-08,0.7598125795698432,0.29605421989498043,0.8174709503192962,-0.8174709503192414,0.5441086472093555,0.32469897176773466,168290.32008613067,0.22037529945373535
5100.833333333333,71000.0,71000.0,0.5773151560725793,-8.693098154402176e-08,-8.693098149347792e-08,0.7598125795698432,0.29733209009098965,0.8358169592859305,-0.8356831019928802,0.5452816613337499,0.3260437071707685,168367.90634361567,0.18296575546264648
5101.0,71000.0,71000.0,0.5773151560725793,-8.693098154402176e-08,-8.693098149347792e-08,0.7598125795698432,0.298551418346449,0.8899528395901957,-0.8636608939808014,0.546398589371352,0.3272615061986211,168473.1793986208,0.19424867630004883
5101.166666666667,71000.0,71000.0,0.5773151560725793,-8.693098154402176e-08,-8.693098149347792e-08,0.7598125795698432,0.2997167565426091,1.0161411428133367,-0.9006646314492343,0.5474639318620683,0.32844998392673613,168609.56951816994,0.1919267177581787
5101.333333333333,71000.0,71000.0,0.5773151560725793,-8.693098154402176e-08,-8.693098149347792e-08,0.7598125795698432,0.30077591611439464,1.1219794352645578,-0.9370716027113657,0.5484304115300227,0.3295361810034246,168768.5711494943,0.19933199882507324
5101.5,71000.0,71000.0,0.5773151560725793,-8.693098154402176e-08,-8.693098149347792e-08,0.7598125795698432,0.30170253698169536,1.1946554697018383,-0.9609003657876669,0.5492745553785281,0.3304428361328636,168944.89810669902,0.1823437213897705
5101.666666666667,71000.0,71000.0,0.5773151560725793,-8.693098154402176e-08,-8.693098149347792e-08,0.7598125795698432,0.3025320402975372,1.2501966215912614,-0.9878392153065522,0.5500291269830324,0.33128922411041634,169143.4057398494,0.19892024993896484
5101.833333333333,71000.0,71000.0,0.5773151560725793,-8.693098154402176e-08,-8.693098149347792e-08,0.7598125795698432,0.3033002343235722,1.3103784090022874,-1.0233087347355247,0.5507270054983744,0.3320452698787809,169367.98229876088,0.3454618453979492
5102.0,71000.0,71000.0,0.5773151560725793,-8.693098154402176e-08,-8.693098149347792e-08,0.7598125795698432,0.30401008200975044,1.3772147811052502,-1.0667504815328381,0.5513710930938491,0.3327499071124712,169616.29458545567,0.7071495056152344
5160.166666666667,72000.0,72000.0,0.5701549190223952,-8.509639414271374e-06,-8.509639414226912e-06,0.7550860341857709,0.2881472787568644,0.7646395133161448,-0.7628740244276087,0.5367935162472367,0.3163132973801443,168496.74031021397,0.3712646961212158
5160.333333333333,72000.0,72000.0,0.5701549190223952,-8.509639414271374e-06,-8.509639414226912e-06,0.7550860341857709,0.2896312707502785,0.779947441058186,-0.7793518469114181,0.5381740156130311,0.3178888675471672,168504.66999897957,0.20951581001281738
5160.5,72000.0,72000.0,0.5701549190223952,-8.509639414271374e-06,-8.509639414226912e-06,0.7550860341857709,0.291055302920885,0.8004419274657076,-0.797720607571442,0.5394954154053306,0.31936376799007243,168518.38966443884,0.4418807029724121
5160.666666666667,72000.0,72000.0,0.5701549190223952,-8.509639414271374e-06,-8.509639414226912e-06,0.7550860341857709,0.292387863090139,0.8136806912799461,-0.8136806912890866,0.5407290110479521,0.3206792047338177,168536.71284179305,0.39771533012390137
5160.833333333333,72000.0,72000.0,0.5701549190223952,-8.509639414271374e-06,-8.509639414226912e-06,0.7550860341857709,0.2936460475501416,0.8296154521576246,-0.8296154521597519,0.5418911771144068,0.32200316530128353,168569.05626564703,0.27490711212158203
5161.0,72000.0,72000.0,0.5701549190223952,-8.509639414271374e-06,-8.509639414226912e-06,0.7550860341857709,0.2948457932324928,0.8573677763867824,-0.8573677785271574,0.5429970474101694,0.3232005434188081,168622.21456012427,0.22255253791809082
5161.166666666667,72000.0,72000.0,0.5701549190223952,-8.509639414271374e-06,-8.509639414226912e-06,0.7550860341857709,0.29599186278070994,0.8968491344483467,-0.8968491745105717,0.544051342270597,0.3243674775337744,168700.12979824052,0.21354961395263672
5161.333333333333,72000.0,72000.0,0.5701549190223952,-8.509639414271374e-06,-8.509639414226912e-06,0.7550860341857709,0.2970334049458101,0.9306621793295506,-0.9306516052707566,0.5450077111200852,0.3254336032407792,168796.4633804126,0.4059271812438965
5161.5,72000.0,72000.0,0.5701549190223952,-8.509639414271374e-06,-8.509639414226912e-06,0.7550860341857709,0.2979442084124944,0.9552978403425844,-0.9552990317294745,0.5458426592129054,0.3263216666233969,168907.72781437566,0.24422574043273926
5161.666666666667,72000.0,72000.0,0.5701549190223952,-8.509639414271374e-06,-8.509639414226912e-06,0.7550860341857709,0.2987609296891522,0.9828685134828751,-0.981854772836118,0.5465902760421248,0.32715163923409296,169042.77912254966,0.28095221519470215
5161.833333333333,72000.0,72000.0,0.5701549190223952,-8.509639414271374e-06,-8.509639414226912e-06,0.7550860341857709,0.2995203001212634,1.0157177049739237,-1.0156160006909123,0.5472844783839484,0.32789543982066793,169209.45023563263,0.5012238025665283
5162.0,72000.0,72000.0,0.5701549190223952,-8.509639414271374e-06,-8.509639414226912e-06,0.7550860341857709,0.30022534303009746,1.0629791673739146,-1.0610369499228043,0.5479282281167218,0.3285906196085882,169407.08450111913,0.33656859397888184
5220.166666666667,72000.0,72000.0,0.569121365409388,4.105662535836621e-06,4.105662535883931e-06,0.7544013291407883,0.2876120587104199,0.7619538240887921,-0.7619538240887932,0.5362947498518431,0.31572627395230135,168161.77986085802,0.5770783424377441
5220.333333333333,72000.0,72000.0,0.569121365409388,4.105662535836621e-06,4.105662535883931e-06,0.7544013291407883,0.2890942031435238,0.779005319998142,-0.7790053199981517,0.5376748117230786,0.31729950994119305,168178.5879220983,0.7371575832366943
5220.5,72000.0,72000.0,0.569121365409388,4.105662535836621e-06,4.105662535883931e-06,0.7544013291407883,0.29051776927735,0.7986068693274138,-0.7986068693274698,0.5389970030608128,0.31877272830668607,168212.9147359541,0.5828776359558105
5220.666666666667,72000.0,72000.0,0.569121365409388,4.105662535836621e-06,4.105662535883931e-06,0.7544013291407883,0.2918515220118682,0.8124987706038772,-0.8124987706039175,0.5402328405968175,0.3200894497629175,168264.12748900335,0.6403062343597412
5220.833333333333,72000.0,72000.0,0.569121365409388,4.105662535836621e-06,4.105662535883931e-06,0.7544013291407883,0.2931113005037394,0.8279748619204422,-0.8279748619204513,0.5413975439272172,0.3214150550091839,168338.36981513008,0.4345235824584961
5221.0,72000.0,72000.0,0.569121365409388,4.105662535836621e-06,4.105662535883931e-06,0.7544013291407883,0.2943134823971785,0.8582556295038937,-0.8582556295040377,0.5425066658443667,0.3226156554470715,168441.03139666663,0.8110988140106201
5221.166666666667,72000.0,72000.0,0.569121365409388,4.105662535836621e-06,4.105662535883931e-06,0.7544013291407883,0.29546256197401394,0.8959060015921462,-0.975928352765334,0.5435646806833536,0.3237875125295356,168575.7120444193,1.1162421703338623
5221.333333333333,72000.0,72000.0,0.569121365409388,4.105662535836621e-06,4.105662535883931e-06,0.7544013291407883,0.2965070844539027,0.9278925324048998,-1.091164244935199,0.5445246409416798,0.32485869500494235,168734.10371009246,0.710134744644165
5221.5,72000.0,72000.0,0.569121365409388,4.105662535836621e-06,4.105662535883931e-06,0.7544013291407883,0.2974211450634637,0.9557023314343658,-1.1738461137035923,0.5453633148914633,0.32575315132978766,168911.12858712516,0.6665048599243164
5221.666666666667,72000.0,72000.0,0.569121365409388,4.105662535836621e-06,4.105662535883931e-06,0.7544013291407883,0.2982395663605553,0.9790257798317702,-1.239604785609105,0.5461131444618373,0.32658839448980925,169111.51369995798,0.2490694522857666
5221.833333333333,72000.0,72000.0,0.569121365409388,4.105662535836621e-06,4.105662535883931e-06,0.7544013291407883,0.29899751440498956,1.0167596232404343,-1.3106935985039003,0.5468066519592535,0.3273346518428076,169338.89929747966,0.20130395889282227
5222.0,72000.0,72000.0,0.569121365409388,4.105662535836621e-06,4.105662535883931e-06,0.7544013291407883,0.29969791712490945,1.0587137633032597,-1.3897577157251637,0.5474467256045783,0.3280303626522682,169590.89900845068,0.5635979175567627
5280.166666666667,73000.0,73000.0,0.5653888142740557,-4.269258874506763e-06,-4.269258874445873e-06,0.7519234098457473,0.28573895399669114,0.7606819624135551,-0.7606819624134775,0.5345455587054893,0.31366954383486456,168506.7286249916,0.3032958507537842
5280.333333333333,73000.0,73000.0,0.5653888142740557,-4.269258874506763e-06,-4.269258874445873e-06,0.7519234098457473,0.2872107203113332,0.7774577010530238,-0.7793403767207865,0.535920442466629,0.3152321737275548,168519.56462192352,0.5538170337677002
5280.5,73000.0,73000.0,0.5653888142740557,-4.269258874506763e-06,-4.269258874445873e-06,0.7519234098457473,0.288622987933202,0.7958864780426959,-0.797798085500304,0.5372364360983538,0.3166949683425334,168537.9972633775,0.3124086856842041
5280.666666666667,73000.0,73000.0,0.5653888142740557,-4.269258874506763e-06,-4.269258874445873e-06,0.7519234098457473,0.28994446432799975,0.8079911565608262,-0.811303023901753,0.5384649149633702,0.3179995611840883,168560.57453399978,0.7953488826751709
5280.833333333333,73000.0,73000.0,0.5653888142740557,-4.269258874506763e-06,-4.269258874445873e-06,0.7519234098457473,0.2911921194096376,0.8268593968318365,-0.8288554664319019,0.5396222009122593,0.31931253282551997,168596.62041461983,0.19916224479675293
5281.0,73000.0,73000.0,0.5653888142740557,-4.269258874506763e-06,-4.269258874445873e-06,0.7519234098457473,0.2923817167627148,0.8552677155808052,-0.8552677155807651,0.5407233276389566,0.3204998624901947,168652.81393971585,0.17305779457092285
5281.166666666667,73000.0,73000.0,0.5653888142740557,-4.269258874506763e-06,-4.269258874445873e-06,0.7519234098457473,0.2935179700539753,0.8909249239757409,-0.8921387424082301,0.5417729878178683,0.3216568558856792,168732.92460270892,0.28078126907348633
5281.333333333333,73000.0,73000.0,0.5653888142740557,-4.269258874506763e-06,-4.269258874445873e-06,0.7519234098457473,0.2945504540874441,0.9270255611075301,-0.9270255083329285,0.5427250264676512,0.3227137297766959,168830.3992558245,0.33747267723083496
5281.5,73000.0,73000.0,0.5653888142740557,-4.269258874506763e-06,-4.269258874445873e-06,0.7519234098457473,0.29545309820803367,0.9517943414808337,-0.9517934458688001,0.5435559754483733,0.3235937726100433,168941.52831076508,0.20502448081970215
5281.666666666667,73000.0,73000.0,0.5653888142740557,-4.269258874506763e-06,-4.269258874445873e-06,0.7519234098457473,0.2962623327307426,0.976939441030863,-0.9769394410309682,0.5442998557222943,0.32441600252966935,169075.26047451963,0.20389461517333984
5281.833333333333,73000.0,73000.0,0.5653888142740557,-4.269258874506763e-06,-4.269258874445873e-06,0.7519234098457473,0.29701470232680194,1.013333774489667,-1.01332301248086,0.5449905526892435,0.32515268185248536,169239.64072625167,0.1956784725189209
5282.0,73000.0,73000.0,0.5653888142740557,-4.269258874506763e-06,-4.269258874445873e-06,0.7519234098457473,0.29771319729618717,1.0546866840284144,-1.054686684028459,0.5456310085288263,0.325840998228978,169434.050937844,0.7079007625579834
5340.166666666667,73000.0,73000.0,0.5594034765554112,8.143791371795012e-06,8.143791371853195e-06,0.7479328021656834,0.2827007376743917,0.7562516860987918,-0.7562516860987896,0.5316960952233333,0.31033488249093877,168154.7388384445,0.4415476322174072
5340.333333333333,73000.0,73000.0,0.5594034765554112,8.143791371795012e-06,8.143791371853195e-06,0.7479328021656834,0.2841573909841988,0.7726841371536153,-0.7726841371536041,0.5330641527906649,0.31188102467348633,168166.60624501365,0.24661707878112793
5340.5,73000.0,73000.0,0.5594034765554112,8.143791371795012e-06,8.143791371853195e-06,0.7479328021656834,0.28555649487091717,0.789873415589108,-0.7898734155890692,0.5343748636357262,0.3133288600621396,168196.08403045288,0.21413087844848633
5340.666666666667,73000.0,73000.0,0.5594034765554112,8.143791371795012e-06,8.143791371853195e-06,0.7479328021656834,0.2868673886762893,0.8057111074972303,-0.8056693233211338,0.535600026795367,0.3146229179990509,168242.79807343028,0.5843067169189453
5340.833333333333,73000.0,73000.0,0.5594034765554112,8.143791371795012e-06,8.143791371853195e-06,0.7479328021656834,0.28810563517941423,0.8223084531540359,-0.8223084531540625,0.5367547253834297,0.31592577724513726,168313.01185165934,0.4514496326446533
5341.0,73000.0,73000.0,0.5594034765554112,8.143791371795012e-06,8.143791371853195e-06,0.7479328021656834,0.28928736778835823,0.8488308566531565,-0.8487420171944391,0.5378544113870325,0.3171058702744157,168412.24169645063,0.3571655750274658
5341.166666666667,73000.0,73000.0,0.5594034765554112,8.143791371795012e-06,8.143791371853195e-06,0.7479328021656834,0.290417015215641,0.9265979174227966,-0.887877212115129,0.5389035306029912,0.3182578408885973,168544.26135956368,0.4183475971221924
5341.333333333333,73000.0,73000.0,0.5594034765554112,8.143791371795012e-06,8.143791371853195e-06,0.7479328021656834,0.29144400617553456,1.0499336414513512,-0.922303541421904,0.539855542047219,0.31931100720815675,168700.99214114464,0.7890865802764893
5341.5,73000.0,73000.0,0.5594034765554112,8.143791371795012e-06,8.143791371853195e-06,0.7479328021656834,0.2923429530037578,1.1416391766000165,-0.9451863504639726,0.5406874819455965,0.32019070882166095,168877.58991218367,0.6885204315185547
5341.666666666667,73000.0,73000.0,0.5594034765554112,8.143791371795012e-06,8.143791371853195e-06,0.7479328021656834,0.293148019800053,1.2167988990133767,-0.9727383259345416,0.5414314545307926,0.3210124224481647,169078.7247028957,0.7695460319519043
5341.833333333333,73000.0,73000.0,0.5594034765554112,8.143791371795012e-06,8.143791371853195e-06,0.7479328021656834,0.2938936666623917,1.2979142564432082,-1.0056939399050184,0.5421196056631185,0.32174679170015297,169307.86216381815,1.3411705493927002
5342.0,73000.0,73000.0,0.5594034765554112,8.143791371795012e-06,8.143791371853195e-06,0.7479328021656834,0.2945827798799776,1.388225340616525,-1.050886526644816,0.5427548066020181,0.3224316401759074,169562.5925987987,0.7152283191680908
5400.166666666667,74000.0,74000.0,0.5590153764165369,-1.1066879309322851e-07,-1.1066879302485662e-07,0.7476733086158265,0.28251807459529726,0.7612036829386268,-0.7542244811473041,0.5315242938290877,0.31013381895548975,168510.76086542077,0.33702611923217773
5400.333333333333,74000.0,74000.0,0.5590153764165369,-1.1066879309322851e-07,-1.1066879302485662e-07,0.7476733086158265,0.28397343718725215,0.7723959204028494,-0.77120066905463,0.5328915814067889,0.3116790645646955,168528.52880071808,0.2366621494293213
5400.5,74000.0,74000.0,0.5590153764165369,-1.1066879309322851e-07,-1.1066879302485662e-07,0.7476733086158265,0.28536995444624297,0.7910694616132065,-0.791053619947047,0.5342002946405148,0.31312560133179196,168551.90457169898,0.1832113265991211
5400.666666666667,74000.0,74000.0,0.5590153764165369,-1.1066879309322851e-07,-1.1066879302485662e-07,0.7476733086158265,0.2866766480893456,0.8088986185276373,-0.8056335615162648,0.5354219349461778,0.3144156959623449,168579.18683851522,0.2812950611114502
5400.833333333333,74000.0,74000.0,0.5590153764165369,-1.1066879309322851e-07,-1.1066879302485662e-07,0.7476733086158265,0.2879102921669016,0.8221487141994811,-0.8201032959271549,0.5365727280550566,0.3157140101433189,168619.55353335038,0.2215862274169922
5401.0,74000.0,74000.0,0.5590153764165369,-1.1066879309322851e-07,-1.1066879302485662e-07,0.7476733086158265,0.28908644175798703,0.85539805874362,-0.8501636295491898,0.537667594401727,0.31688800783702875,168679.54715945988,0.5906119346618652
5401.166666666667,74000.0,74000.0,0.5590153764165369,-1.1066879309322851e-07,-1.1066879302485662e-07,0.7476733086158265,0.2902097442223653,0.8890604354618045,-0.8881944316254814,0.5387111884140405,0.31803189734667386,168762.76324178762,0.49750232696533203
5401.333333333333,74000.0,74000.0,0.5590153764165369,-1.1066879309322851e-07,-1.1066879302485662e-07,0.7476733086158265,0.2912303320955691,0.9240702019725583,-0.9202105193048894,0.5396576066274497,0.31907664698237315,168862.4060690481,0.240156888961792
5401.5,74000.0,74000.0,0.5590153764165369,-1.1066879309322851e-07,-1.1066879302485662e-07,0.7476733086158265,0.29212235735745123,0.9469213002225374,-0.9469213002225794,0.5404834480588998,0.3199463280477503,168974.52258440823,0.39225244522094727
5401.666666666667,74000.0,74000.0,0.5590153764165369,-1.1066879309322851e-07,-1.1066879302485662e-07,0.7476733086158265,0.2929218874054232,0.9714621991465355,-0.9713058553379362,0.5412225860457416,0.32075862723297904,169108.08150790245,0.3570997714996338
5401.833333333333,74000.0,74000.0,0.5590153764165369,-1.1066879309322851e-07,-1.1066879302485662e-07,0.7476733086158265,0.2936651458751376,1.0071324542221998,-1.007132454222125,0.5419087986947038,0.3214861952568555,169271.2630175524,0.18077397346496582
5402.0,74000.0,74000.0,0.5590153764165369,-1.1066879309322851e-07,-1.1066879302485662e-07,0.7476733086158265,0.2943550803896143,1.0500728227859233,-1.0500741462767806,0.5425450032913023,0.3221657686929615,169463.45703622277,0.20980548858642578
5460.166666666667,75000.0,75000.0,0.5520768094657961,-8.229562385566134e-06,-8.229562385500787e-06,0.7430187140750871,0.27899808135175413,0.7513830223617508,-0.751382886755009,0.5282026896486174,0.3062702938125257,168153.7490688797,0.8115556240081787
5460.333333333333,75000.0,75000.0,0.5520768094657961,-8.229562385566134e-06,-8.229562385500787e-06,0.7430187140750871,0.28043546941014946,0.7680508268688088,-0.7680504512072608,0.5295615822647447,0.3077959593619133,168160.73450338893,0.3890955448150635
5460.5,75000.0,75000.0,0.5520768094657961,-8.229562385566134e-06,-8.229562385500787e-06,0.7430187140750871,0.2818160676453569,0.7867010600544172,-0.7867026235757829,0.5308635113188643,0.30922460068710417,168185.21664206628,0.1572561264038086
5460.666666666667,75000.0,75000.0,0.5520768094657961,-8.229562385566134e-06,-8.229562385500787e-06,0.7430187140750871,0.2831096521310966,0.7991490335700686,-0.7991898921272894,0.5320804940450263,0.310501478660489,168227.05950790978,0.20551776885986328
5460.833333333333,75000.0,75000.0,0.5520768094657961,-8.229562385566134e-06,-8.229562385500787e-06,0.7430187140750871,0.28433159664173874,0.816647650150251,-0.816646861213822,0.5332275280446537,0.31178710180486213,168292.6975307869,0.23836612701416016
5461.0,75000.0,75000.0,0.5520768094657961,-8.229562385566134e-06,-8.229562385500787e-06,0.7430187140750871,0.285497848920216,0.8454223768535186,-0.8461602394760962,0.5343199874206469,0.31295164253575936,168387.79241092762,0.20824575424194336
5461.166666666667,75000.0,75000.0,0.5520768094657961,-8.229562385566134e-06,-8.229562385500787e-06,0.7430187140750871,0.28661279455424454,0.8813994593507142,-0.8813994593506164,0.535362302191737,0.314088524725469,168516.2903085303,0.2711317539215088
5461.333333333333,75000.0,75000.0,0.5520768094657961,-8.229562385566134e-06,-8.229562385500787e-06,0.7430187140750871,0.28762654081104977,0.9154266453558032,-1.0024559925227867,0.5363082517394513,0.3151280404114128,168670.36590204778,0.1936323642730713
5461.5,75000.0,75000.0,0.5520768094657961,-8.229562385566134e-06,-8.229562385500787e-06,0.7430187140750871,0.2885140988680213,0.9410646582609179,-1.10244906310306,0.5371350844653218,0.31599657675924386,168845.42607215192,0.16568636894226074
5461.666666666667,75000.0,75000.0,0.5520768094657961,-8.229562385566134e-06,-8.229562385500787e-06,0.7430187140750871,0.289309154476056,0.9644106214905441,-1.1863762612437845,0.5378746643931531,0.31680810731443726,169046.15715100177,0.1603546142578125
5461.833333333333,75000.0,75000.0,0.5520768094657961,-8.229562385566134e-06,-8.229562385500787e-06,0.7430187140750871,0.2900456416943538,1.001617085907751,-1.2768361863248023,0.5385588564295366,0.3175336021628295,169275.9295610608,0.6469166278839111
5462.0,75000.0,75000.0,0.5520768094657961,-8.229562385566134e-06,-8.229562385500787e-06,0.7430187140750871,0.2907264184011393,1.0408711794148693,-1.3776336838635228,0.5391905215893135,0.3182104120402706,169532.34092209698,0.5237338542938232
5520.166666666667,75000.0,75000.0,0.5510974013846466,3.9317658246444675e-06,3.931765824710949e-06,0.742359347879884,0.2785163776318541,0.7509633938212551,-0.7599316361525528,0.5277465091884044,0.3057409621445858,168508.69950073332,0.34959840774536133
5520.333333333333,75000.0,75000.0,0.5510974013846466,3.9317658246444675e-06,3.931765824710949e-06,0.742359347879884,0.2799513137361755,0.7673778000972655,-0.7746434507784817,0.529104256343556,0.30726454322134866,168531.25678599704,0.4385042190551758
5520.5,75000.0,75000.0,0.5510974013846466,3.9317658246444675e-06,3.931765824710949e-06,0.742359347879884,0.28132824345800816,0.7848934283957621,-0.7874020760189874,0.5304038497297083,0.30869082247553997,168559.6372335889,0.41378211975097656
5520.666666666667,75000.0,75000.0,0.5510974013846466,3.9317658246444675e-06,3.931765824710949e-06,0.742359347879884,0.2826165953524182,0.7990951245623864,-0.7990951245390825,0.5316169633219104,0.30996289877979927,168591.91490221603,0.34337282180786133
5520.833333333333,75000.0,75000.0,0.5510974013846466,3.9317658246444675e-06,3.931765824710949e-06,0.742359347879884,0.2838328809106222,0.816453816227761,-0.8208089132169281,0.5327596843301656,0.31124302453599545,168637.0733640129,0.5114009380340576
5521.0,75000.0,75000.0,0.5510974013846466,3.9317658246444675e-06,3.931765824710949e-06,0.742359347879884,0.2849924142911256,0.8434161650688059,-0.8476913679838208,0.5338468081935801,0.3124005333039731,168701.5023037524,0.6226036548614502
5521.166666666667,75000.0,75000.0,0.5510974013846466,3.9317658246444675e-06,3.931765824710949e-06,0.742359347879884,0.2860997604337671,0.8804917008779113,-0.8867960034146687,0.5348829411687964,0.3135282826778465,168788.6278261237,0.7326018810272217
5521.333333333333,75000.0,75000.0,0.5510974013846466,3.9317658246444675e-06,3.931765824710949e-06,0.742359347879884,0.2871057365303693,0.9155870215430935,-0.9199618781960489,0.5358224863226572,0.3145581575725965,168891.3919238664,0.9369986057281494
5521.5,75000.0,75000.0,0.5510974013846466,3.9317658246444675e-06,3.931765824710949e-06,0.742359347879884,0.2879847990543615,0.9382579592254883,-0.9442648396928996,0.5366421520426111,0.3154152468693451,169005.58500879488,0.5448415279388428
5521.666666666667,75000.0,75000.0,0.5510974013846466,3.9317658246444675e-06,3.931765824710949e-06,0.742359347879884,0.288772518877121,0.965349033319539,-0.9685114862377545,0.537375584806864,0.3162155418694646,169140.12248117564,0.31304287910461426
5521.833333333333,75000.0,75000.0,0.5510974013846466,3.9317658246444675e-06,3.931765824710949e-06,0.742359347879884,0.2895046654327303,0.9993426757321883,-1.0038787816383015,0.5380563778003019,0.3169321213496863,169303.2382712253,0.6097359657287598
5522.0,75000.0,75000.0,0.5510974013846466,3.9317658246444675e-06,3.931765824710949e-06,0.742359347879884,0.29018413476522464,1.0426140195709823,-1.044041714401832,0.538687418643637,0.3176011881870062,169494.29960412643,0.21506452560424805
5580.166666666667,76000.0,76000.0,0.5474635286699949,-4.1416864310749236e-06,-4.141686431011255e-06,0.739907783896071,0.276666891152901,0.7471298246412236,-0.7471299691448254,0.5259913413334171,0.30371122352508934,168158.84432107903,0.18949127197265625
5580.333333333333,76000.0,76000.0,0.5474635286699949,-4.1416864310749236e-06,-4.141686431011255e-06,0.739907783896071,0.2780920826550006,0.7632174767938378,-0.7632178797766136,0.5273443681844859,0.30522392446066926,168161.17302711192,0.6228621006011963
5580.5,76000.0,76000.0,0.5474635286699949,-4.1416864310749236e-06,-4.141686431011255e-06,0.739907783896071,0.2794609422780545,0.7821473025230448,-0.7821471498450795,0.528640655150731,0.30664039927608583,168180.68333582487,0.5186998844146729
5580.666666666667,76000.0,76000.0,0.5474635286699949,-4.1416864310749236e-06,-4.141686431011255e-06,0.739907783896071,0.2807435269804607,0.7973742972407686,-0.7973742972407848,0.5298523633839751,0.30790633274727264,168217.44873467315,0.19000887870788574
5580.833333333333,76000.0,76000.0,0.5474635286699949,-4.1416864310749236e-06,-4.141686431011255e-06,0.739907783896071,0.28195511676504736,0.8125478569232315,-0.8125487077262388,0.5309944602107253,0.30918098585944503,168278.11988148358,0.1938636302947998
5581.0,76000.0,76000.0,0.5474635286699949,-4.1416864310749236e-06,-4.141686431011255e-06,0.739907783896071,0.2831115414331224,0.8406167953612734,-0.8406167953612584,0.5320822694399664,0.31033561443156005,168368.51760269835,0.19144797325134277
5581.166666666667,76000.0,76000.0,0.5474635286699949,-4.1416864310749236e-06,-4.141686431011255e-06,0.739907783896071,0.2842171679988163,0.8789486595051247,-0.8789495807258689,0.5331202191164862,0.31146287448524196,168492.75305428737,0.49739885330200195
5581.333333333333,76000.0,76000.0,0.5474635286699949,-4.1416864310749236e-06,-4.141686431011255e-06,0.739907783896071,0.28522254745115583,0.94931783489063,-0.9115838772432573,0.5340623067565105,0.3124937137940838,168643.2696863247,0.1686091423034668
5581.5,76000.0,76000.0,0.5474635286699949,-4.1416864310749236e-06,-4.141686431011255e-06,0.739907783896071,0.28610295590923746,1.056894080765947,-0.9365166231306039,0.5348859280030653,0.31335518002412843,168815.73416189814,0.1643517017364502
5581.666666666667,76000.0,76000.0,0.5474635286699949,-4.1416864310749236e-06,-4.141686431011255e-06,0.739907783896071,0.28689179990697505,1.148978127301312,-0.9618952329892195,0.5356228150436243,0.31416034144900684,169014.92187670435,0.4074385166168213
5581.833333333333,76000.0,76000.0,0.5474635286699949,-4.1416864310749236e-06,-4.141686431011255e-06,0.739907783896071,0.2876226875492902,1.24812559305234,-0.9957849725655674,0.5363046593673664,0.3148803877903878,169244.19066156237,0.24918746948242188
5582.0,76000.0,76000.0,0.5474635286699949,-4.1416864310749236e-06,-4.141686431011255e-06,0.739907783896071,0.28829846296401085,1.3586765996497077,-1.039611128142145,0.5369343191658771,0.3155523617563024,169501.17584540497,0.19373369216918945
5640.166666666667,76000.0,76000.0,0.5417099282778699,7.82586310186225e-06,7.825863101926554e-06,0.7360094620844694,0.2737717994329706,0.7510949774359503,-0.7437559342329839,0.523232070642504,0.30053261753843985,168500.61484012322,0.3698556423187256
5640.333333333333,76000.0,76000.0,0.5417099282778699,7.82586310186225e-06,7.825863101926554e-06,0.7360094620844694,0.27518247369843774,0.7811431220197657,-0.7603503316755235,0.5245783773985205,0.30203045219633007,168527.6555332455,0.22850322723388672
5640.5,76000.0,76000.0,0.5417099282778699,7.82586310186225e-06,7.825863101926554e-06,0.7360094620844694,0.2765361570268031,0.7869760357135522,-0.7792539001106014,0.525867052944185,0.30343265867579955,168560.93150451413,0.6275086402893066
5640.666666666667,76000.0,76000.0,0.5417099282778699,7.82586310186225e-06,7.825863101926554e-06,0.7360094620844694,0.2778027743121038,0.7923908615388763,-0.7923908615614513,0.5270699902778369,0.30468335696363946,168598.3245876789,0.5231175422668457
5640.833333333333,76000.0,76000.0,0.5417099282778699,7.82586310186225e-06,7.825863101926554e-06,0.7360094620844694,0.2789985119622928,0.8112979749503372,-0.8082539250666799,0.5282030975901868,0.30594192665730124,168648.5823104669,0.7530362606048584
5641.0,76000.0,76000.0,0.5417099282778699,7.82586310186225e-06,7.825863101926554e-06,0.7360094620844694,0.28013841332645256,0.8393580080126678,-0.8374441976971008,0.5292810346714367,0.30707993752764845,168717.9304607572,0.33878231048583984
5641.166666666667,76000.0,76000.0,0.5417099282778699,7.82586310186225e-06,7.825863101926554e-06,0.7360094620844694,0.28122694628189254,0.8808695866051092,-0.8738062062714548,0.5303083505044711,0.3081886562063993,168809.63605028598,0.304781436920166
5641.333333333333,76000.0,76000.0,0.5417099282778699,7.82586310186225e-06,7.825863101926554e-06,0.7360094620844694,0.28221573428890107,0.9106401572720185,-0.9058689594375239,0.5312398089608804,0.3092010436968311,168916.3679960921,0.6625845432281494
5641.5,76000.0,76000.0,0.5417099282778699,7.82586310186225e-06,7.825863101926554e-06,0.7360094620844694,0.283079618900651,0.9397517227953264,-0.9324106864123641,0.5320522711315804,0.31004343241668114,169033.6558687893,0.3512279987335205
5641.666666666667,76000.0,76000.0,0.5417099282778699,7.82586310186225e-06,7.825863101926554e-06,0.7360094620844694,0.2838535465046222,0.9618043210779244,-0.9545146508234078,0.532779078791856,0.31082977298151937,169170.29025586785,0.6595594882965088
5641.833333333333,76000.0,76000.0,0.5417099282778699,7.82586310186225e-06,7.825863101926554e-06,0.7360094620844694,0.28457270289815806,0.9992872011036108,-0.9921258550972508,0.5334535623503494,0.31153360797558677,169334.47557925753,0.536637544631958
5642.0,76000.0,76000.0,0.5417099282778699,7.82586310186225e-06,7.825863101926554e-06,0.7360094620844694,0.2852399244918914,1.0397446314945464,-1.0323568140784614,0.5340785754562316,0.31219052867108005,169525.5263965827,0.34160685539245605
5700.166666666667,77000.0,77000.0,0.5413008470124857,-1.323756079747955e-07,-1.3237560791155563e-07,0.7357315047029628,0.2735529070291525,0.7443519155817101,-0.744351915696694,0.5230228551830193,0.30029283197779666,168169.85075850025,0.35849905014038086
5700.333333333333,77000.0,77000.0,0.5413008470124857,-1.323756079747955e-07,-1.3237560791155563e-07,0.7357315047029628,0.2749618784524498,0.7607177638498888,-0.7607177752880028,0.5243680753625104,0.3017883072404834,168167.9068561423,0.19066548347473145
5700.5,77000.0,77000.0,0.5413008470124857,-1.323756079747955e-07,-1.3237560791155563e-07,0.7357315047029628,0.2763151140930063,0.778521543705036,-0.7785217094367602,0.5256568406240121,0.30318861987160073,168182.63877887191,0.3106272220611572
5700.666666666667,77000.0,77000.0,0.5413008470124857,-1.323756079747955e-07,-1.3237560791155563e-07,0.7357315047029628,0.27758302855749595,0.7911284641565393,-0.7911284641565088,0.526861488967925,0.30443999601106025,168214.29364534872,0.69124436378479
5700.833333333333,77000.0,77000.0,0.5413008470124857,-1.323756079747955e-07,-1.3237560791155563e-07,0.7357315047029628,0.27878078274808327,0.8091623155605272,-0.8091623155604839,0.527996953352853,0.3057000280747085,168269.7762358476,0.6770329475402832
5701.0,77000.0,77000.0,0.5413008470124857,-1.323756079747955e-07,-1.3237560791155563e-07,0.7357315047029628,0.2799240329161142,0.8365942139673819,-0.836594213967405,0.5290784752031013,0.3068414018417643,168355.07482756762,0.6370654106140137
5701.166666666667,77000.0,77000.0,0.5413008470124857,-1.323756079747955e-07,-1.3237560791155563e-07,0.7357315047029628,0.2810171174585799,0.8715741093088596,-0.8716507062726077,0.5301104766688642,0.3079557359808839,168474.4525293929,0.9246668815612793
5701.333333333333,77000.0,77000.0,0.5413008470124857,-1.323756079747955e-07,-1.3237560791155563e-07,0.7357315047029628,0.2820111802171962,0.9072616387749672,-0.9072616387749293,0.5310472485978924,0.3089748506977972,168620.6277910234,0.6125693321228027
5701.5,77000.0,77000.0,0.5413008470124857,-1.323756079747955e-07,-1.3237560791155563e-07,0.7357315047029628,0.28288181968700776,0.9308966126653272,-1.001238854264372,0.5318663551389579,0.3098266346975363,168789.52696953918,0.7877905368804932
5701.666666666667,77000.0,77000.0,0.5413008470124857,-1.323756079747955e-07,-1.3237560791155563e-07,0.7357315047029628,0.2836621010506986,0.9562684563979348,-1.100480819057542,0.5325993814405934,0.3106229659753509,168986.0842671709,0.4379432201385498
5701.833333333333,77000.0,77000.0,0.5413008470124857,-1.323756079747955e-07,-1.3237560791155563e-07,0.7357315047029628,0.28438524493804834,0.9912220670760058,-1.2072412027948802,0.5332778309816836,0.3113353708482339,169213.72801031693,0.32709741592407227
5702.0,77000.0,77000.0,0.5413008470124857,-1.323756079747955e-07,-1.3237560791155563e-07,0.7357315047029628,0.2850540739444853,1.0325196203398876,-1.326346842230086,0.5339045551823404,0.31200046089523586,169470.16035083696,0.23020172119140625
5760.166666666667,78000.0,78000.0,0.534577242688928,-7.958647411882605e-06,-7.958647411816791e-06,0.7311478938552227,0.27016655629467223,0.7390046760994896,-0.7390046760983411,0.519775486719116,0.29657498475774885,168486.78263559178,0.23903131484985352
5760.333333333333,78000.0,78000.0,0.534577242688928,-7.958647411882605e-06,-7.958647411816791e-06,0.7311478938552227,0.2715588256541899,0.7550128995335688,-0.7823905492436319,0.5211130644847151,0.29805328214827126,168517.8478748528,0.21046829223632812
5760.5,78000.0,78000.0,0.534577242688928,-7.958647411882605e-06,-7.958647411816791e-06,0.7311478938552227,0.2728949022534629,0.7719444473968063,-0.8031280130830469,0.5223934365875624,0.29943723327860283,168555.74324321325,0.5530157089233398
5760.666666666667,78000.0,78000.0,0.534577242688928,-7.958647411882605e-06,-7.958647411816791e-06,0.7311478938552227,0.27414509059650005,0.7877754277759478,-0.7974036584010253,0.523588665778387,0.30067178050801735,168598.19727588363,0.16860628128051758
5760.833333333333,78000.0,78000.0,0.534577242688928,-7.958647411882605e-06,-7.958647411816791e-06,0.7311478938552227,0.2753253031667209,0.8036082907624729,-0.8036082907535875,0.5247144971394964,0.30191406816170463,168653.68781680134,0.20533227920532227
5761.0,78000.0,78000.0,0.534577242688928,-7.958647411882605e-06,-7.958647411816791e-06,0.7311478938552227,0.2764503859215181,0.8296762681338935,-0.834310289542085,0.525785494534129,0.303037384696357,168728.2712647999,0.5413451194763184
5761.166666666667,78000.0,78000.0,0.534577242688928,-7.958647411882605e-06,-7.958647411816791e-06,0.7311478938552227,0.27752472655909305,0.8682293788039057,-0.8692205822396826,0.5268061568554766,0.3041317930043823,168825.07128991876,0.2005000114440918
5761.333333333333,78000.0,78000.0,0.534577242688928,-7.958647411882605e-06,-7.958647411816791e-06,0.7311478938552227,0.2785005453906266,0.9014059705248761,-0.9094950711948342,0.5277315091402429,0.3051310327902836,168936.4822702961,0.17599272727966309
5761.5,78000.0,78000.0,0.534577242688928,-7.958647411882605e-06,-7.958647411816791e-06,0.7311478938552227,0.2793529779414874,0.9245517738160077,-0.9291061621111284,0.5285385305484072,0.30596239953395393,169057.77752289156,0.6552648544311523
5761.666666666667,78000.0,78000.0,0.534577242688928,-7.958647411882605e-06,-7.958647411816791e-06,0.7311478938552227,0.2801164605374312,0.9508544368230047,-0.9608721179871512,0.5292602959338812,0.3067382452154033,169197.55560471906,0.2610929012298584
5761.833333333333,78000.0,78000.0,0.534577242688928,-7.958647411882605e-06,-7.958647411816791e-06,0.7311478938552227,0.2808257083647689,0.9827827639010926,-0.9883607307769875,0.5299299092098273,0.30743243146524013,169363.90919754963,0.7408890724182129
5762.0,78000.0,78000.0,0.534577242688928,-7.958647411882605e-06,-7.958647411816791e-06,0.7311478938552227,0.28148351003550365,1.0273965179031213,-1.0385439574026096,0.5305501958648434,0.30808010373578787,169556.0720272322,0.37172961235046387
5820.166666666667,78000.0,78000.0,0.5336491437592309,3.7653778523179204e-06,3.7653778523873538e-06,0.7305129319589291,0.2696866182775421,0.7374179507075199,-0.7374202243384773,0.5193136030441344,0.29604858969791864,168186.39287240044,0.7208242416381836
5820.333333333333,78000.0,78000.0,0.5336491437592309,3.7653778523179204e-06,3.7653778523873538e-06,0.7305129319589291,0.2710755105002299,0.7539663116517282,-0.753971292922684,0.5206491241887282,0.2975227528179235,168180.7062509504,0.7727336883544922
5820.5,78000.0,78000.0,0.5336491437592309,3.7653778523179204e-06,3.7653778523873538e-06,0.7305129319589291,0.2724093973078775,0.7731484759780873,-0.7731521380739775,0.5219285365996578,0.29890307263952515,168191.016261115,0.8171112537384033
5820.666666666667,78000.0,78000.0,0.5336491437592309,3.7653778523179204e-06,3.7653778523873538e-06,0.7305129319589291,0.2736591238048212,0.786983013055739,-0.786983013055752,0.5231243865539997,0.30013643233527576,168217.7018899605,0.6374430656433105
5820.833333333333,78000.0,78000.0,0.5336491437592309,3.7653778523179204e-06,3.7653778523873538e-06,0.7305129319589291,0.2748397052938684,0.8012723312319429,-0.8012703046388998,0.5242515668016701,0.30137834599511293,168267.95125708386,0.6006078720092773
5821.0,78000.0,78000.0,0.5336491437592309,3.7653778523179204e-06,3.7653778523873538e-06,0.7305129319589291,0.2759665707766129,0.8309447420099015,-0.8309076753685943,0.5253252047803391,0.30250326313339504,168347.92269807585,0.6424160003662109
5821.166666666667,78000.0,78000.0,0.5336491437592309,3.7653778523179204e-06,3.7653778523873538e-06,0.7305129319589291,0.27704401951741564,0.8677705966344752,-0.8677042927913288,0.5263497121897839,0.30360150578390527,168462.01304394702,0.6475937366485596
5821.333333333333,78000.0,78000.0,0.5336491437592309,3.7653778523179204e-06,3.7653778523873538e-06,0.7305129319589291,0.2780239300364429,0.8984945820591833,-0.8984945820592183,0.5272797455314501,0.30460597089689395,168603.21259017722,0.933363676071167
5821.5,78000.0,78000.0,0.5336491437592309,3.7653778523179204e-06,3.7653778523873538e-06,0.7305129319589291,0.278882276450912,0.9363033829034754,-0.9253573568862665,0.5280930566418398,0.30544556072862383,168767.69843867637,0.7158513069152832
5821.666666666667,78000.0,78000.0,0.5336491437592309,3.7653778523179204e-06,3.7653778523873538e-06,0.7305129319589291,0.2796517215803373,1.0416224845347581,-0.9485399763595315,0.5288210676751934,0.30623068577192125,168960.62793890838,0.46711134910583496
5821.833333333333,78000.0,78000.0,0.5336491437592309,3.7653778523179204e-06,3.7653778523873538e-06,0.7305129319589291,0.2803650400343179,1.1548342346331717,-0.9843418483063264,0.5294950803224808,0.3069333210147571,169185.58061725824,0.7634074687957764
5822.0,78000.0,78000.0,0.5336491437592309,3.7653778523179204e-06,3.7653778523873538e-06,0.7305129319589291,0.28102502495142556,1.281197859518555,-1.0256091344859581,0.5301179350115602,0.3075895291046058,169440.35229361572,0.6677370071411133
5880.166666666667,79000.0,79000.0,0.530111743831409,-4.017676592820468e-06,-4.017676592750793e-06,0.7280877308617478,0.26790908627434395,0.7364625001788656,-0.7364625001788111,0.5175993494531952,0.2940968757041491,168467.67468037063,0.18299174308776855
5880.333333333333,79000.0,79000.0,0.530111743831409,-4.017676592820468e-06,-4.017676592750793e-06,0.7280877308617478,0.2692898786332306,0.7788375554705145,-0.7527498317318174,0.5189314780768955,0.2955629823904344,168502.16833213414,0.17318391799926758
5880.5,79000.0,79000.0,0.530111743831409,-4.017676592820468e-06,-4.017676592750793e-06,0.7280877308617478,0.2706150139997059,0.8141922700033731,-0.770802617060831,0.5202067034584209,0.2969355594934612,168544.24941615088,1.2196054458618164
5880.666666666667,79000.0,79000.0,0.530111743831409,-4.017676592820468e-06,-4.017676592750793e-06,0.7280877308617478,0.27185503688190177,0.8197171868851849,-0.7825856361186082,0.5213971971623171,0.2981601273713146,168591.53731949697,0.46900177001953125
5880.833333333333,79000.0,79000.0,0.530111743831409,-4.017676592820468e-06,-4.017676592750793e-06,0.7280877308617478,0.2730256512025555,0.8141585189454894,-0.800483614798059,0.5225185657372172,0.29939235777317963,168652.21575237357,0.6952924728393555
5881.0,79000.0,79000.0,0.530111743831409,-4.017676592820468e-06,-4.017676592750793e-06,0.7280877308617478,0.2741415899719114,0.8283242573955292,-0.8283242573956398,0.5235853228588939,0.3005066413191207,168732.17200616136,0.9100387096405029
5881.166666666667,79000.0,79000.0,0.530111743831409,-4.017676592820468e-06,-4.017676592750793e-06,0.7280877308617478,0.27520718150335216,0.8632030228188897,-0.8632030228189108,0.524601927035877,0.3015922936286694,168834.40704468748,0.9291727542877197
5881.333333333333,79000.0,79000.0,0.530111743831409,-4.017676592820468e-06,-4.017676592750793e-06,0.7280877308617478,0.27617499785440813,0.9027976359536528,-0.8973837635744055,0.5255235467720799,0.3025834875469431,168951.04860633166,0.20782089233398438
5881.5,79000.0,79000.0,0.530111743831409,-4.017676592820468e-06,-4.017676592750793e-06,0.7280877308617478,0.2770203585197876,0.9272977685133598,-0.9219169226140629,0.5263272355349164,0.30340814420694956,169077.12708033377,0.5598404407501221
5881.666666666667,79000.0,79000.0,0.530111743831409,-4.017676592820468e-06,-4.017676592750793e-06,0.7280877308617478,0.2777773330107679,0.9540709280486334,-0.9455573959498266,0.5270458550665056,0.3041775490255638,169220.98833811708,0.1748826503753662
5881.833333333333,79000.0,79000.0,0.530111743831409,-4.017676592820468e-06,-4.017676592750793e-06,0.7280877308617478,0.2784803071403096,0.9912312104556255,-0.9813812478218262,0.5277123340151303,0.3048657197057901,169390.53492239577,0.17733454704284668
5882.0,79000.0,79000.0,0.530111743831409,-4.017676592820468e-06,-4.017676592750793e-06,0.7280877308617478,0.2791320359322819,1.031001957018656,-1.0206702967703885,0.5283294769871022,0.30550754761393106,169584.89433273647,0.16144347190856934
5940.166666666667,79000.0,79000.0,0.5245805543838636,7.5206680854978555e-06,7.520668085567987e-06,0.7242793345000695,0.2651044461963506,0.7325313257061792,-0.7325290270440189,0.5148829442153185,0.2910184794553423,168207.90629816992,0.21454310417175293
5940.333333333333,79000.0,79000.0,0.5245805543838636,7.5206680854978555e-06,7.520668085567987e-06,0.7242793345000695,0.26646959409538434,0.748496552289659,-0.7484915154632991,0.5162069295636664,0.2924674494792961,168199.13453368805,0.7924914360046387
5940.5,79000.0,79000.0,0.5245805543838636,7.5206680854978555e-06,7.520668085567987e-06,0.7242793345000695,0.26778059704326196,0.7653550278186505,-0.7653513593507604,0.517475213961945,0.2938241400535861,168205.5299715225,0.2646965980529785
5940.666666666667,79000.0,79000.0,0.5245805543838636,7.5206680854978555e-06,7.520668085567987e-06,0.7242793345000695,0.2690087993806852,0.7799598854993498,-0.7799557312397707,0.5186605820683459,0.29503620563818683,168227.55720179254,0.2631864547729492
5940.833333333333,79000.0,79000.0,0.5245805543838636,7.5206680854978555e-06,7.520668085567987e-06,0.7242793345000695,0.27016904276216,0.7964716343907553,-0.796473212981324,0.5197778782964818,0.2962566858689202,168272.70722358857,0.47363924980163574
5941.0,79000.0,79000.0,0.5245805543838636,7.5206680854978555e-06,7.520668085567987e-06,0.7242793345000695,0.27127647802413385,0.8224042315557395,-0.8224389325857083,0.520842085496857,0.297362113026765,168347.305233114,0.2022538185119629
5941.166666666667,79000.0,79000.0,0.5245805543838636,7.5206680854978555e-06,7.520668085567987e-06,0.7242793345000695,0.27233535435367306,0.8594875070841191,-0.8595079716319503,0.521857599689701,0.2984412658069352,168455.8589846171,0.34801697731018066
5941.333333333333,79000.0,79000.0,0.5245805543838636,7.5206680854978555e-06,7.520668085567987e-06,0.7242793345000695,0.27329841807181254,0.8932474966550311,-0.8937776275343146,0.5227795119114161,0.2994283076045126,168591.61818727892,0.6479794979095459
5941.5,79000.0,79000.0,0.5245805543838636,7.5206680854978555e-06,7.520668085567987e-06,0.7242793345000695,0.2741420681815589,0.9147676182903863,-0.9148845124361221,0.5235857792095348,0.30025331845769404,168750.99318087558,0.16881680488586426
5941.666666666667,79000.0,79000.0,0.5245805543838636,7.5206680854978555e-06,7.520668085567987e-06,0.7242793345000695,0.2748985045039132,0.9419489308678142,-0.9732910045454967,0.524307643013846,0.3010249728972041,168939.42119906057,0.24316716194152832
5941.833333333333,79000.0,79000.0,0.5245805543838636,7.5206680854978555e-06,7.520668085567987e-06,0.7242793345000695,0.2755999991305499,0.974466649307758,-1.0928594692408062,0.5249761891363015,0.30171579948015204,169160.70853449774,0.20041322708129883
5942.0,79000.0,79000.0,0.5245805543838636,7.5206680854978555e-06,7.520668085567987e-06,0.7242793345000695,0.27624930775549833,1.0174875334701623,-1.2239727710866353,0.5255942425476944,0.30236120105438924,169412.76833829712,0.20593476295471191
6000.166666666667,80000.0,80000.0,0.5241526480544448,-1.5218032843441011e-07,-1.5218032836957842e-07,0.7239838727861587,0.2648966273160366,0.7305836370925465,-0.7305836370926199,0.5146810930781599,0.29078998492794494,168443.9427229479,0.2533853054046631
6000.333333333333,80000.0,80000.0,0.5241526480544448,-1.5218032843441011e-07,-1.5218032836957842e-07,0.7239838727861587,0.26626202934559723,0.74627635869713,-0.7675520947404649,0.5160058426311727,0.2922397368258863,168481.15170988734,0.6938714981079102
6000.5,80000.0,80000.0,0.5241526480544448,-1.5218032843441011e-07,-1.5218032836957842e-07,0.7239838727861587,0.26757248219983015,0.7656966881597215,-0.8170282459220349,0.5172740883751648,0.29359704372401413,168526.84206329018,0.21035289764404297
6000.666666666667,80000.0,80000.0,0.5241526480544448,-1.5218032843441011e-07,-1.5218032836957842e-07,0.7239838727861587,0.26879886191945923,0.7801915267360178,-0.8336371108810312,0.5184581586124213,0.29480818301572603,168578.57189307662,0.19466924667358398
6000.833333333333,80000.0,80000.0,0.5241526480544448,-1.5218032843441011e-07,-1.5218032836957842e-07,0.7239838727861587,0.2699566084837141,0.7946057808701477,-0.8379179822755741,0.5195734874014775,0.2960268997616166,168644.21634756352,0.22126102447509766
6001.0,80000.0,80000.0,0.5241526480544448,-1.5218032843441011e-07,-1.5218032836957842e-07,0.7239838727861587,0.2710603101254794,0.822923798717329,-0.8460658863143647,0.5206345267655604,0.2971290544189709,168729.49965716165,0.18810105323791504
6001.166666666667,80000.0,80000.0,0.5241526480544448,-1.5218032843441011e-07,-1.5218032836957842e-07,0.7239838727861587,0.2721142232489419,0.8600790992814702,-0.8600790981657157,0.5216456877930358,0.2982029704053753,168837.32489360758,0.7887732982635498
6001.333333333333,80000.0,80000.0,0.5241526480544448,-1.5218032843441011e-07,-1.5218032836957842e-07,0.7239838727861587,0.2730714003155599,0.8915299790353467,-0.8915299730767104,0.5225623414240482,0.29918342857324054,168959.57014384342,0.20006537437438965
6001.5,80000.0,80000.0,0.5241526480544448,-1.5218032843441011e-07,-1.5218032836957842e-07,0.7239838727861587,0.27390742869068235,0.9166884561973774,-0.919804998346079,0.5233616618010007,0.29999920271840497,169091.04447703544,0.6273007392883301
6001.666666666667,80000.0,80000.0,0.5241526480544448,-1.5218032843441011e-07,-1.5218032836957842e-07,0.7239838727861587,0.27465588998923673,0.9408887445222883,-0.9408887443414522,0.5240762256887913,0.30076017470656635,169239.7890482874,0.1942613124847412
6001.833333333333,80000.0,80000.0,0.5241526480544448,-1.5218032843441011e-07,-1.5218032836957842e-07,0.7239838727861587,0.2753507141055261,0.9748442406385471,-0.9841881001733815,0.5247387106471351,0.3014405620197304,169413.44436607105,0.20189714431762695
6002.0,80000.0,80000.0,0.5241526480544448,-1.5218032843441011e-07,-1.5218032836957842e-07,0.7239838727861587,0.27599461533222186,1.0170533757985454,-1.0194689152549512,0.5253518969909239,0.30207491820893667,169611.00994677612,0.36638689041137695
6060.166666666667,81000.0,81000.0,0.5176374910392698,-7.69660107643294e-06,-7.696601076365796e-06,0.7194702850286937,0.26159656594779784,0.7273463943746554,-0.7273463943738956,0.5114651171066729,0.28716766788532333,168233.65707663147,0.2229137420654297
6060.333333333333,81000.0,81000.0,0.5176374910392698,-7.69660107643294e-06,-7.696601076365796e-06,0.7194702850286937,0.26294352722481706,0.7435259596462468,-0.7435259592040169,0.5127801939222113,0.288597352250099,168222.56299204653,0.4872596263885498
6060.5,81000.0,81000.0,0.5176374910392698,-7.69660107643294e-06,-7.696601076365796e-06,0.7194702850286937,0.2642369718792507,0.7617879393492686,-0.7617879024275506,0.5140398544063187,0.28993594370789266,168225.6847523247,0.19389915466308594
6060.666666666667,81000.0,81000.0,0.5176374910392698,-7.69660107643294e-06,-7.696601076365796e-06,0.7194702850286937,0.2654486189605862,0.7742225527517157,-0.774227003674647,0.5152170600673712,0.2911316347319212,168243.52336387697,0.18638014793395996
6060.833333333333,81000.0,81000.0,0.5176374910392698,-7.69660107643294e-06,-7.696601076365796e-06,0.7194702850286937,0.2665932051653474,0.7904738731627095,-0.790473873162809,0.5163266458154859,0.2923356209693304,168283.88190128774,0.44101786613464355
6061.0,81000.0,81000.0,0.5176374910392698,-7.69660107643294e-06,-7.696601076365796e-06,0.7194702850286937,0.2676856555771384,0.8186612612726772,-0.8186713523128843,0.5173834705352365,0.29342600521510886,168353.24352829027,0.7598967552185059
6061.166666666667,81000.0,81000.0,0.5176374910392698,-7.69660107643294e-06,-7.696601076365796e-06,0.7194702850286937,0.26873018619794997,0.8538777002652453,-0.8538557800609551,0.5183919233547867,0.29449037623988716,168456.2003319187,0.7303009033203125
6061.333333333333,81000.0,81000.0,0.5176374910392698,-7.69660107643294e-06,-7.696601076365796e-06,0.7194702850286937,0.2696802231191969,0.8860169983666477,-0.886031024737787,0.5193074456612606,0.2954639039034986,168586.2401455218,0.572930097579956
6061.5,81000.0,81000.0,0.5176374910392698,-7.69660107643294e-06,-7.696601076365796e-06,0.7194702850286937,0.2705124801500909,0.9115964212324793,-0.9114047719755288,0.5201081427468948,0.29627754027822517,168739.9810774146,0.72930908203125
6061.666666666667,81000.0,81000.0,0.5176374910392698,-7.69660107643294e-06,-7.696601076365796e-06,0.7194702850286937,0.27125884642644876,0.9349166690622099,-0.9333065636956395,0.5208251591784437,0.29703868314843596,168923.18743545446,1.3633620738983154
6061.833333333333,81000.0,81000.0,0.5176374910392698,-7.69660107643294e-06,-7.696601076365796e-06,0.7194702850286937,0.2719512496366615,1.0262127449668001,-0.9699241865714396,0.521489453057553,0.2977203298802443,169139.96012407032,0.6314494609832764
6062.0,81000.0,81000.0,0.5176374910392698,-7.69660107643294e-06,-7.696601076365796e-06,0.7194702850286937,0.2725924183114968,1.1594697031535384,-1.0085330644319952,0.5221038386521492,0.29835735409459474,169388.3493003529,0.7511491775512695
6120.166666666667,81000.0,81000.0,0.5167580149837678,3.606165914361436e-06,3.6061659144339626e-06,0.7188588282714262,0.2611585624719142,0.7273330936598447,-0.7272649366998553,0.5110367527884617,0.28668656604227455,168416.39624432824,0.17868423461914062
6120.333333333333,81000.0,81000.0,0.5167580149837678,3.606165914361436e-06,3.6061659144339626e-06,0.7188588282714262,0.2625048072344442,0.7487585012614651,-0.7432064880842282,0.5123522299083708,0.2881159553798435,168455.5148617473,0.18938016891479492
6120.5,81000.0,81000.0,0.5167580149837678,3.606165914361436e-06,3.6061659144339626e-06,0.7188588282714262,0.263796972582402,0.8116838996737633,-0.7603774738513056,0.5136116946322591,0.2894542404027431,168504.11493067926,0.7062399387359619
6120.666666666667,81000.0,81000.0,0.5167580149837678,3.606165914361436e-06,3.6061659144339626e-06,0.7188588282714262,0.2650063540891462,0.839070655736063,-0.7734395687971607,0.5147876789331949,0.29064862159422944,168559.7432454828,0.19338679313659668
6120.833333333333,81000.0,81000.0,0.5167580149837678,3.606165914361436e-06,3.6061659144339626e-06,0.7188588282714262,0.26614807822439474,0.8530236720567215,-0.7906399860546647,0.5158954143374762,0.2918504883136166,168629.96247834247,0.19837498664855957
6121.0,81000.0,81000.0,0.5167580149837678,3.606165914361436e-06,3.6061659144339626e-06,0.7188588282714262,0.2672365570161873,0.8731061222341261,-0.8170840414363325,0.5169492792704582,0.2929375218481076,168720.34540507756,0.19577980041503906
6121.166666666667,81000.0,81000.0,0.5167580149837678,3.606165914361436e-06,3.6061659144339626e-06,0.7188588282714262,0.2682759639112744,0.8892567730588241,-0.8521572476319682,0.5179536313670925,0.29399681753895607,168833.72535093152,0.19398999214172363
6121.333333333333,81000.0,81000.0,0.5167580149837678,3.606165914361436e-06,3.6061659144339626e-06,0.7188588282714262,0.2692199576518618,0.8865690094942101,-0.8865690099211739,0.5188641036006034,0.29496393788106784,168961.7562465842,0.6078431606292725
6121.5,81000.0,81000.0,0.5167580149837678,3.606165914361436e-06,3.6061659144339626e-06,0.7188588282714262,0.27004447460116376,0.9090712338221987,-0.9090712346270858,0.5196580365518191,0.2957687258434063,169099.05499200348,0.18886232376098633
6121.666666666667,81000.0,81000.0,0.5167580149837678,3.606165914361436e-06,3.6061659144339626e-06,0.7188588282714262,0.2707824964352316,0.9346114882590765,-0.9346114902384235,0.5203676553959549,0.29651934222483844,169253.3163866067,0.21340322494506836
6121.833333333333,81000.0,81000.0,0.5167580149837678,3.606165914361436e-06,3.6061659144339626e-06,0.7188588282714262,0.2714673782963178,0.9681235269890268,-0.9681235284420713,0.521025314788283,0.29719025006428357,169431.85595965397,0.19430184364318848
6122.0,81000.0,81000.0,0.5167580149837678,3.606165914361436e-06,3.6061659144339626e-06,0.7188588282714262,0.272101787299975,1.0101260948483173,-1.0092819053674873,0.5216337677447886,0.2978155823849179,169633.52786700163,0.1992630958557129
6180.166666666667,82000.0,82000.0,0.5133149059216296,-3.897146374534815e-06,-3.897146374466886e-06,0.71645998207969,0.25941308538427826,0.723823418516196,-0.7238234185168145,0.5093261091656905,0.2847707118895493,168262.76670199138,0.32204174995422363
6180.333333333333,82000.0,82000.0,0.5133149059216296,-3.897146374534815e-06,-3.897146374466886e-06,0.71645998207969,0.26074870723942695,0.7394542926726284,-0.7394542930763539,0.5106355915101368,0.28618838601772695,168250.19233636226,0.22254300117492676
6180.5,82000.0,82000.0,0.5133149059216296,-3.897146374534815e-06,-3.897146374466886e-06,0.71645998207969,0.26203115989871695,0.7569580163505664,-0.7569478499632761,0.5118897927862465,0.28751569026107093,168250.7929977818,0.3221280574798584
6180.666666666667,82000.0,82000.0,0.5133149059216296,-3.897146374534815e-06,-3.897146374466886e-06,0.71645998207969,0.26323238597122917,0.7720630205556729,-0.7720630205556483,0.513061776019926,0.28870107646587784,168265.0556817593,0.2030797004699707
6180.833333333333,82000.0,82000.0,0.5133149059216296,-3.897146374534815e-06,-3.897146374466886e-06,0.71645998207969,0.2643670976627747,0.7871521717685291,-0.7871521717684913,0.5141664105044054,0.28989466698482447,168301.09407724324,0.4685800075531006
6181.0,82000.0,82000.0,0.5133149059216296,-3.897146374534815e-06,-3.897146374466886e-06,0.71645998207969,0.26545006187763714,0.8135454535763778,-0.8135500824702588,0.5152184603586136,0.2909755081585975,168365.53503194294,0.19674181938171387
6181.166666666667,82000.0,82000.0,0.5133149059216296,-3.897146374534815e-06,-3.897146374466886e-06,0.71645998207969,0.26648548186754684,0.8509826405050094,-0.8509826405049437,0.5162223182661246,0.2920304365614448,168463.0254905783,0.20534753799438477
6181.333333333333,82000.0,82000.0,0.5133149059216296,-3.897146374534815e-06,-3.897146374466886e-06,0.71645998207969,0.26742722961907384,0.8830366978586992,-0.8830222290602386,0.5171336670752146,0.29299530335485524,168587.26198771186,0.23402667045593262
6181.5,82000.0,82000.0,0.5133149059216296,-3.897146374534815e-06,-3.897146374466886e-06,0.71645998207969,0.26825220190009536,0.9064618771983618,-0.9064618771983448,0.5179306921783456,0.29380156289078035,168735.0378363725,0.1991100311279297
6181.666666666667,82000.0,82000.0,0.5133149059216296,-3.897146374534815e-06,-3.897146374466886e-06,0.71645998207969,0.2689921566239428,0.9316376358325079,-0.9316147340057019,0.5186445378336868,0.2945558938825411,168912.480444077,0.5571842193603516
6181.833333333333,82000.0,82000.0,0.5133149059216296,-3.897146374534815e-06,-3.897146374466886e-06,0.71645998207969,0.269678862878664,0.963695494664316,-0.9668765457480393,0.5193061359953548,0.2952316486277637,169124.043130383,0.1995077133178711
6182.0,82000.0,82000.0,0.5133149059216296,-3.897146374534815e-06,-3.897146374466886e-06,0.71645998207969,0.2703150347533858,1.0067958181496972,-1.0886102665763777,0.5199182962381615,0.2958633372471862,169367.92807233238,0.3448677062988281
6240.166666666667,82000.0,82000.0,0.5079971931994159,7.227680770721984e-06,7.227680770790577e-06,0.7127392182274075,0.25672998486558957,0.7199029649733997,-0.720209384292399,0.5066852919362159,0.2818251406678688,168385.97485523642,0.2767493724822998
6240.333333333333,82000.0,82000.0,0.5079971931994159,7.227680770721984e-06,7.227680770790577e-06,0.7127392182274075,0.25805348271378,0.7360099681478331,-0.7360099681478247,0.5079896484594321,0.28323034918616347,168426.13224715908,0.39957714080810547
6240.5,82000.0,82000.0,0.5079971931994159,7.227680770721984e-06,7.227680770790577e-06,0.7127392182274075,0.2593239210688782,0.7545138320305028,-0.7983317438304185,0.5092385701432857,0.28454603626661884,168476.84322502572,0.2920491695404053
6240.666666666667,82000.0,82000.0,0.5079971931994159,7.227680770721984e-06,7.227680770790577e-06,0.7127392182274075,0.2605130984705565,0.7676097693599937,-0.8360560031773172,0.5104048380826237,0.2857204765901217,168535.69361853012,0.1871967315673828
6240.833333333333,82000.0,82000.0,0.5079971931994159,7.227680770721984e-06,7.227680770790577e-06,0.7127392182274075,0.2616357847431482,0.7822841414640475,-0.8593918573589736,0.5115034555417164,0.2869023034425343,168609.94035843946,0.19365262985229492
6241.0,82000.0,82000.0,0.5079971931994159,7.227680770721984e-06,7.227680770790577e-06,0.7127392182274075,0.2627061845933947,0.8108683404772571,-0.8910233099898519,0.5125487146572263,0.28797135008434926,168705.02153794357,0.6048111915588379
6241.166666666667,82000.0,82000.0,0.5079971931994159,7.227680770721984e-06,7.227680770790577e-06,0.7127392182274075,0.26372837897781465,0.8464139155173768,-0.920956946636853,0.5135449145864006,0.28901325857354604,168823.73125312573,0.20516276359558105
6241.333333333333,82000.0,82000.0,0.5079971931994159,7.227680770721984e-06,7.227680770790577e-06,0.7127392182274075,0.26465675508934033,0.8766933325771656,-0.928167164593897,0.5144480104250418,0.2899645441707932,168957.5324091924,0.2205188274383545
6241.5,82000.0,82000.0,0.5079971931994159,7.227680770721984e-06,7.227680770790577e-06,0.7127392182274075,0.2654676753953085,0.9029265605298105,-0.9099193197232243,0.5152355536445276,0.29075632246507666,169100.88543610665,0.17209148406982422
6241.666666666667,82000.0,82000.0,0.5079971931994159,7.227680770721984e-06,7.227680770790577e-06,0.7127392182274075,0.26619342025562553,0.9249168277026422,-0.9249168276795745,0.515939357482827,0.29149473819488914,169261.1089425438,0.41362643241882324
6241.833333333333,82000.0,82000.0,0.5079971931994159,7.227680770721984e-06,7.227680770790577e-06,0.7127392182274075,0.2668666608973225,0.960622366750489,-0.9606222146087285,0.5165913871251825,0.29215454840236865,169445.14162342992,0.1860520839691162
6242.0,82000.0,82000.0,0.5079971931994159,7.227680770721984e-06,7.227680770790577e-06,0.7127392182274075,0.26749001150998664,1.0002116937999237,-1.0002109997478792,0.5171943656561492,0.29276938408740977,169651.67986694374,0.7591946125030518
6300.166666666667,83000.0,83000.0,0.5075524793679771,-1.702043832636671e-07,-1.7020438319698328e-07,0.7124271747820805,0.256502017175238,0.7207313288520307,-0.7207620020703257,0.5064602820503705,0.2815750436168578,168294.24210055263,0.5083587169647217
6300.333333333333,83000.0,83000.0,0.5075524793679771,-1.702043832636671e-07,-1.7020438319698328e-07,0.7124271747820805,0.2578225835955942,0.736622569850564,-0.7366682841480922,0.5077623299326044,0.2829767698380192,168281.07997665516,0.35427379608154297
6300.5,83000.0,83000.0,0.5075524793679771,-1.702043832636671e-07,-1.7020438319698328e-07,0.7124271747820805,0.2590904709265123,0.7540675982085271,-0.7540773001179859,0.5090093034617931,0.2842891015967555,168279.99812002914,0.18746304512023926
6300.666666666667,83000.0,83000.0,0.5075524793679771,-1.702043832636671e-07,-1.7020438319698328e-07,0.7124271747820805,0.2602779167211693,0.7655893255406253,-0.7656921536727562,0.5101743984010214,0.2854608844336549,168291.41957069954,0.1996138095855713
6300.833333333333,83000.0,83000.0,0.5075524793679771,-1.702043832636671e-07,-1.7020438319698328e-07,0.7124271747820805,0.26139956993302116,0.7834376211487605,-0.7834748909131564,0.5112725007077311,0.28664074534456735,168323.75656584624,0.2196788787841797
6301.0,83000.0,83000.0,0.5075524793679771,-1.702043832636671e-07,-1.7020438319698328e-07,0.7124271747820805,0.2624699912204887,0.8103320352396919,-0.8103278237810312,0.5123182519222028,0.28770900632210283,168383.7604520848,0.6659235954284668
6301.166666666667,83000.0,83000.0,0.5075524793679771,-1.702043832636671e-07,-1.7020438319698328e-07,0.7124271747820805,0.26349335769448423,0.844085434626086,-0.8440854346261409,0.5133160407733307,0.2887515033413537,168476.10167845164,0.6461811065673828
6301.333333333333,83000.0,83000.0,0.5075524793679771,-1.702043832636671e-07,-1.7020438319698328e-07,0.7124271747820805,0.2644241166318828,0.878432725510525,-0.8783480918948935,0.5142218554717056,0.2897049472377875,168594.64892723708,0.9194135665893555
6301.5,83000.0,83000.0,0.5075524793679771,-1.702043832636671e-07,-1.7020438319698328e-07,0.7124271747820805,0.26523939942226626,0.9017735096294434,-0.9017735096294536,0.5150139798365998,0.29050146974964774,168736.33216868073,0.5192966461181641
6301.666666666667,83000.0,83000.0,0.5075524793679771,-1.702043832636671e-07,-1.7020438319698328e-07,0.7124271747820805,0.26597075677704607,0.9262039694859405,-0.9256519519641621,0.5157235274619039,0.29124673910587845,168907.6655350627,0.7362422943115234
6301.833333333333,83000.0,83000.0,0.5075524793679771,-1.702043832636671e-07,-1.7020438319698328e-07,0.7124271747820805,0.26664972998838443,0.9600795716817888,-0.9600795716819409,0.5163813803657332,0.2919145552008697,169113.50054249173,0.5349113941192627
6302.0,83000.0,83000.0,0.5075524793679771,-1.702043832636671e-07,-1.7020438319698328e-07,0.7124271747820805,0.2672790097667954,1.0075947334424997,-0.9993279228811256,0.5169903381772917,0.29253895971236293,169352.20122603406,1.1766259670257568
6360.166666666667,84000.0,84000.0,0.5012394417354997,-7.4431388460982995e-06,-7.443138846034667e-06,0.7079826563804369,0.2533136809085324,0.7158402828254236,-0.7158402828253768,0.5033027727697088,0.27807493960310237,168353.71625340928,0.27925920486450195
6360.333333333333,84000.0,84000.0,0.5012394417354997,-7.4431388460982995e-06,-7.443138846034667e-06,0.7079826563804369,0.25461961874994843,0.7313912174897378,-0.7313912174897483,0.5045984729940846,0.27946146881072537,168394.00611232765,0.19861197471618652
6360.5,84000.0,84000.0,0.5012394417354997,-7.4431388460982995e-06,-7.443138846034667e-06,0.7079826563804369,0.25587331119137097,0.7798272794021978,-0.7476461742667565,0.505839214983185,0.28075970644647347,168445.9571796861,0.4572615623474121
6360.666666666667,84000.0,84000.0,0.5012394417354997,-7.4431388460982995e-06,-7.443138846034667e-06,0.7079826563804369,0.257046955202497,0.8274796254597823,-0.7626503797702388,0.5069979836680051,0.28191880239511213,168507.24334567174,0.18912267684936523
6360.833333333333,84000.0,84000.0,0.5012394417354997,-7.4431388460982995e-06,-7.443138846034667e-06,0.7079826563804369,0.2581550225795704,0.8598998462607539,-0.7783709028635113,0.5080895815138211,0.28308522621754795,168584.8329565232,0.16509151458740234
6361.0,84000.0,84000.0,0.5012394417354997,-7.4431388460982995e-06,-7.443138846034667e-06,0.7079826563804369,0.25921157214764373,0.902693418850351,-0.803366721059701,0.5091282475263368,0.2841404940984352,168684.05078994873,0.4833228588104248
6361.166666666667,84000.0,84000.0,0.5012394417354997,-7.4431388460982995e-06,-7.443138846034667e-06,0.7079826563804369,0.26022061063431673,0.9460007462266438,-0.8404738144970822,0.5101182323100404,0.2851691365507183,168807.6835623085,0.19418668746948242
6361.333333333333,84000.0,84000.0,0.5012394417354997,-7.4431388460982995e-06,-7.443138846034667e-06,0.7079826563804369,0.26113707543095566,0.9666033325285772,-0.8730283609071136,0.511015729459845,0.2861083767280122,168947.0427895079,0.22622179985046387
6361.5,84000.0,84000.0,0.5012394417354997,-7.4431388460982995e-06,-7.443138846034667e-06,0.7079826563804369,0.261937674189302,0.9603716392189884,-0.8947427252084277,0.5117984706125754,0.28689034559311594,169096.4734616844,0.7689368724822998
6361.666666666667,84000.0,84000.0,0.5012394417354997,-7.4431388460982995e-06,-7.443138846034667e-06,0.7079826563804369,0.2626541044800174,0.9408631684424693,-0.9207794116954746,0.5124979071340415,0.28761958787756,169262.90097776405,0.24185562133789062
6361.833333333333,84000.0,84000.0,0.5012394417354997,-7.4431388460982995e-06,-7.443138846034667e-06,0.7079826563804369,0.2633184663796344,0.9519291409090899,-0.9519293140444164,0.513145658395512,0.2882710415532724,169452.84819385488,0.20648884773254395
6362.0,84000.0,84000.0,0.5012394417354997,-7.4431388460982995e-06,-7.443138846034667e-06,0.7079826563804369,0.2639333329657091,0.9947635486214929,-0.9947635486214808,0.5137444241275824,0.2888779739781463,169664.84671308968,0.18355798721313477
6420.166666666667,84000.0,84000.0,0.5004060443121803,3.4538125023670267e-06,3.4538125024319454e-06,0.7073938396057604,0.2528915294608728,0.7136291316723666,-0.7136291316724087,0.5028832166676441,0.27761158657953566,168327.0095161077,0.1796262264251709
6420.333333333333,84000.0,84000.0,0.5004060443121803,3.4538125023670267e-06,3.4538125024319454e-06,0.7073938396057604,0.25419347133113684,0.7296881641482457,-0.7296881641482831,0.5041760322155,0.27899358154319237,168314.1721875953,0.440962553024292
6420.5,84000.0,84000.0,0.5004060443121803,3.4538125023670267e-06,3.4538125024319454e-06,0.7073938396057604,0.25544336587647637,0.7484679720810257,-0.7484567391048124,0.5054140540057209,0.28028740173718714,168312.30378018887,0.47747325897216797
6420.666666666667,84000.0,84000.0,0.5004060443121803,3.4538125023670267e-06,3.4538125024319454e-06,0.7073938396057604,0.2566138150232028,0.7623225592948988,-0.7622228391453001,0.50657064177624,0.2814424233299175,168321.7156224062,0.20122504234313965
6420.833333333333,84000.0,84000.0,0.5004060443121803,3.4538125023670267e-06,3.4538125024319454e-06,0.7073938396057604,0.25771936288801894,0.7759195885466112,-0.7758833302705648,0.5076606769850401,0.28260536417220056,168351.09624364797,0.33995795249938965
6421.0,84000.0,84000.0,0.5004060443121803,3.4538125023670267e-06,3.4538125024319454e-06,0.7073938396057604,0.25877431936790335,0.8045287530729198,-0.804382882615928,0.5086986528578934,0.28365814459617666,168407.29805901952,0.3596808910369873
6421.166666666667,84000.0,84000.0,0.5004060443121803,3.4538125023670267e-06,3.4538125024319454e-06,0.7073938396057604,0.25978282165669037,0.840390901618141,-0.8403480476579422,0.5096889460192082,0.2846853622786721,168494.98286162384,0.21560883522033691
6421.333333333333,84000.0,84000.0,0.5004060443121803,3.4538125023670267e-06,3.4538125024319454e-06,0.7073938396057604,0.2607000142522186,0.8705972723396003,-0.870674494160189,0.5105879104322235,0.28562475323367975,168608.14904510378,0.19737935066223145
6421.5,84000.0,84000.0,0.5004060443121803,3.4538125023670267e-06,3.4538125024319454e-06,0.7073938396057604,0.26150331380658454,0.8960007020158286,-0.8959769419227656,0.5113739471478687,0.28640929873007664,168743.8200216111,0.1971116065979004
6421.666666666667,84000.0,84000.0,0.5004060443121803,3.4538125023670267e-06,3.4538125024319454e-06,0.7073938396057604,0.26222398450977435,0.918948285539789,-0.9194471773947479,0.5120781039218171,0.2871433684754723,168908.90706205822,0.26011133193969727
6421.833333333333,84000.0,84000.0,0.5004060443121803,3.4538125023670267e-06,3.4538125024319454e-06,0.7073938396057604,0.2628932679684349,0.9529641244976426,-0.9537082469953923,0.512731184901809,0.28780129280959804,169108.6920688836,0.8162117004394531
6422.0,84000.0,84000.0,0.5004060443121803,3.4538125023670267e-06,3.4538125024319454e-06,0.7073938396057604,0.2635138226148767,0.9934800364401395,-0.99348003643697,0.5133359744017796,0.288416547499941,169341.70525746892,0.23241567611694336
6480.166666666667,85000.0,85000.0,0.4970550695414616,-3.780013525601023e-06,-3.780013525542209e-06,0.7050213255933906,0.2511978953835096,0.712972274578174,-0.7129730998283736,0.5011964639976265,0.2757523823571314,168320.7208326958,0.4167156219482422
6480.333333333333,85000.0,85000.0,0.4970550695414616,-3.780013525601023e-06,-3.780013525542209e-06,0.7050213255933906,0.25249294621921886,0.7287843813117767,-0.7288929682507796,0.5024867624000668,0.27712731254964423,168360.2323108497,0.3769681453704834
6480.5,85000.0,85000.0,0.4970550695414616,-3.780013525601023e-06,-3.780013525542209e-06,0.7050213255933906,0.2537362979768909,0.7464654718709798,-0.7568070029341035,0.5037224415991632,0.27841472671517925,168412.5103324017,0.6660432815551758
6480.666666666667,85000.0,85000.0,0.4970550695414616,-3.780013525601023e-06,-3.780013525542209e-06,0.7050213255933906,0.25490040912238354,0.7582484687320149,-0.8139917407833428,0.504876627836502,0.2795643888078287,168475.36287684503,0.600799560546875
6480.833333333333,85000.0,85000.0,0.4970550695414616,-3.780013525601023e-06,-3.780013525542209e-06,0.7050213255933906,0.2559995307147588,0.7749036386337766,-0.85520188933644,0.5059639621077272,0.28072136750629656,168555.49670364588,1.787674903869629
6481.0,85000.0,85000.0,0.4970550695414616,-3.780013525601023e-06,-3.780013525542209e-06,0.7050213255933906,0.2570476519834071,0.802182473165242,-0.9087779088104682,0.5069986708473541,0.2817682560311988,168658.14851010547,0.5086255073547363
6481.166666666667,85000.0,85000.0,0.4970550695414616,-3.780013525601023e-06,-3.780013525542209e-06,0.7050213255933906,0.2580487286007839,0.8362943531232077,-0.9650521988080412,0.5079849691476216,0.2827889105062945,168786.12973015464,0.4401283264160156
6481.333333333333,85000.0,85000.0,0.4970550695414616,-3.780013525601023e-06,-3.780013525542209e-06,0.7050213255933906,0.258958019809183,0.8686387137113706,-0.9987775353186539,0.508879180271556,0.2837209484597804,168930.64528129602,0.17313909530639648
6481.5,85000.0,85000.0,0.4970550695414616,-3.780013525601023e-06,-3.780013525542209e-06,0.7050213255933906,0.25975246988200157,0.8929256360068573,-1.0044695643603159,0.5096591706213792,0.2844971790461365,169085.9696767162,1.512716293334961
6481.666666666667,85000.0,85000.0,0.4970550695414616,-3.780013525601023e-06,-3.780013525542209e-06,0.7050213255933906,0.26046335188292485,0.9151294903292585,-0.9961811742684683,0.5103561033321845,0.2852210862023551,169258.6314794548,0.37656521797180176
6481.833333333333,85000.0,85000.0,0.4970550695414616,-3.780013525601023e-06,-3.780013525542209e-06,0.7050213255933906,0.2611223476260573,0.9503905227868013,-0.9880075031366453,0.5110013189497481,0.285867651146269,169454.71287594934,0.9375765323638916
6482.0,85000.0,85000.0,0.4970550695414616,-3.780013525601023e-06,-3.780013525542209e-06,0.7050213255933906,0.2617320038997258,0.9876927960996984,-0.9876926585020709,0.5115975021947347,0.286469951774063,169672.57929132745,0.6670694351196289
6540.166666666667,85000.0,85000.0,0.4919422741188579,6.94639814606192e-06,6.94639814611692e-06,0.701385966582493,0.24861526896066588,0.7095072349814987,-0.709507234981439,0.49861334632211474,0.27291727841482327,168359.95114487509,0.7558555603027344
6540.333333333333,85000.0,85000.0,0.4919422741188579,6.94639814606192e-06,6.94639814611692e-06,0.701385966582493,0.2498951906227547,0.7250121097951794,-0.7250121097951546,0.49989517979103887,0.27427594105785463,168348.34006272105,0.5232048034667969
6540.5,85000.0,85000.0,0.4919422741188579,6.94639814606192e-06,6.94639814611692e-06,0.701385966582493,0.25112383623433576,0.7415451725610951,-0.741556027893746,0.5011225761934511,0.27554788279305936,168346.6078861657,1.0134258270263672
6540.666666666667,85000.0,85000.0,0.4919422741188579,6.94639814606192e-06,6.94639814611692e-06,0.701385966582493,0.2522742392693368,0.7550148249841411,-0.755014820769185,0.5022690906086271,0.2766831488230293,168354.9102951183,0.45164990425109863
6540.833333333333,85000.0,85000.0,0.4919422741188579,6.94639814606192e-06,6.94639814611692e-06,0.701385966582493,0.25336079509113113,0.7713859819826413,-0.7713859819826667,0.5033495755279467,0.27782614611685774,168382.18042879886,0.9201457500457764
6541.0,85000.0,85000.0,0.4919422741188579,6.94639814606192e-06,6.94639814611692e-06,0.701385966582493,0.2543975223832994,0.7968349166710179,-0.7969750527876757,0.5043783524866532,0.27886070416380193,168435.34489580625,0.2835104465484619
6541.166666666667,85000.0,85000.0,0.4919422741188579,6.94639814606192e-06,6.94639814611692e-06,0.701385966582493,0.25538850448859934,0.8319262640301013,-0.8319262640301774,0.5053597773333981,0.2798699573373776,168519.02496578087,0.25948357582092285
6541.333333333333,85000.0,85000.0,0.4919422741188579,6.94639814606192e-06,6.94639814611692e-06,0.701385966582493,0.25628969678703617,0.8650523350164657,-0.865286250307406,0.5062506265014566,0.2807928185991749,168627.30187419412,0.20819330215454102
6541.5,85000.0,85000.0,0.4919422741188579,6.94639814606192e-06,6.94639814611692e-06,0.701385966582493,0.2570788508841165,0.8864842572057261,-0.8865044177566676,0.5070294379166902,0.2815632870384554,168757.24606794867,0.46933746337890625
6541.666666666667,85000.0,85000.0,0.4919422741188579,6.94639814606192e-06,6.94639814611692e-06,0.701385966582493,0.2577868622687166,0.9120784924797204,-0.9124013471563014,0.5077271533866071,0.2822841516089412,168916.162801583,0.18967676162719727
6541.833333333333,85000.0,85000.0,0.4919422741188579,6.94639814606192e-06,6.94639814611692e-06,0.701385966582493,0.25844459836961636,0.94491236573389,-0.9442098596319172,0.5083744666877493,0.2829303451394017,169109.78185703885,0.5843920707702637
6542.0,85000.0,85000.0,0.4919422741188579,6.94639814606192e-06,6.94639814611692e-06,0.701385966582493,0.2590546766207399,0.9850899339063213,-0.9854728228291628,0.5089741414111129,0.28353468837741436,169336.79828403378,0.292982816696167
6600.166666666667,86000.0,86000.0,0.49148264016579046,-1.865624451196791e-07,-1.8656244506595676e-07,0.7010582287982864,0.2483806576992168,0.707871670778906,-0.707870881001637,0.498378027014583,0.27265980534166995,168288.11415019716,0.22307062149047852
6600.333333333333,86000.0,86000.0,0.49148264016579046,-1.865624451196791e-07,-1.8656244506595676e-07,0.7010582287982864,0.24966117384332398,0.7232212668685837,-0.7231097879794416,0.49966105910020137,0.27401926076881916,168325.96292863504,0.5260069370269775
6600.5,86000.0,86000.0,0.49148264016579046,-1.865624451196791e-07,-1.8656244506595676e-07,0.7010582287982864,0.25089067851540914,0.7411084854391982,-0.7411084854392372,0.5008898867797771,0.2752922178781807,168377.64359549744,0.17478156089782715
6600.666666666667,86000.0,86000.0,0.49148264016579046,-1.865624451196791e-07,-1.8656244506595676e-07,0.7010582287982864,0.25204197326547007,0.7925281146030296,-0.7555081518201024,0.5020378207355267,0.27642918883639755,168441.13968262292,0.5901823043823242
6600.833333333333,86000.0,86000.0,0.49148264016579046,-1.865624451196791e-07,-1.8656244506595676e-07,0.7010582287982864,0.25312905471713226,0.8420317526068394,-0.7698550962713498,0.5031193247381516,0.2775734525484724,168522.93228480226,0.35567641258239746
6601.0,86000.0,86000.0,0.49148264016579046,-1.865624451196791e-07,-1.8656244506595676e-07,0.7010582287982864,0.2541658058808658,0.9057511241579761,-0.7965093888248711,0.5041485952681407,0.2786090066507543,168628.19826239618,0.19448208808898926
6601.166666666667,86000.0,86000.0,0.49148264016579046,-1.865624451196791e-07,-1.8656244506595676e-07,0.7010582287982864,0.25515612341049665,0.9743050405276588,-0.8328043713287302,0.5051298087260672,0.2796188007719721,168759.8050198798,0.19699430465698242
6601.333333333333,86000.0,86000.0,0.49148264016579046,-1.865624451196791e-07,-1.8656244506595676e-07,0.7010582287982864,0.25605571799026805,1.0206888632615154,-0.8636919622956515,0.5060194840815316,0.2805410336743793,168908.89929677336,0.20428204536437988
6601.5,86000.0,86000.0,0.49148264016579046,-1.865624451196791e-07,-1.8656244506595676e-07,0.7010582287982864,0.25684184421020084,1.0381312999123067,-0.8873681767486681,0.5067956634635641,0.28130938765378394,169069.73249314856,0.2349393367767334
6601.666666666667,86000.0,86000.0,0.49148264016579046,-1.865624451196791e-07,-1.8656244506595676e-07,0.7010582287982864,0.25754526411215306,1.041035807896403,-0.9113704089492183,0.5074891766533832,0.2820260052923506,169248.4462256312,0.5458297729492188
6601.833333333333,86000.0,86000.0,0.49148264016579046,-1.865624451196791e-07,-1.8656244506595676e-07,0.7010582287982864,0.25819714606541705,1.0448488944031813,-0.9435350760019543,0.5081310327002364,0.28266597752004524,169450.6721948467,0.16962695121765137
6602.0,86000.0,86000.0,0.49148264016579046,-1.865624451196791e-07,-1.8656244506595676e-07,0.7010582287982864,0.2588000051713267,1.048618544872458,-0.9850139135416541,0.5087238990968637,0.28326210084425923,169674.61392171335,1.1422646045684814
6660.166666666667,87000.0,87000.0,0.48536557522229357,-7.19798397664125e-06,-7.197983976584772e-06,0.6966818321316364,0.24529262327990975,0.7043911432960734,-0.7040375247324973,0.4952702529665967,0.26926980260357414,168391.94326942047,0.2949070930480957
6660.333333333333,87000.0,87000.0,0.48536557522229357,-7.19798397664125e-06,-7.197983976584772e-06,0.6966818321316364,0.24655546480182214,0.7200652189248423,-0.719742368320497,0.49654351771339045,0.2706103787258449,168382.41803021976,0.19718337059020996
6660.5,87000.0,87000.0,0.48536557522229357,-7.19798397664125e-06,-7.197983976584772e-06,0.6966818321316364,0.24776761093436708,0.7376208944837193,-0.737620894687118,0.4977626051618848,0.2718653583718226,168381.74019601592,0.24000763893127441
6660.666666666667,87000.0,87000.0,0.48536557522229357,-7.19798397664125e-06,-7.197983976584772e-06,0.6966818321316364,0.24890241960070628,0.7500276892498132,-0.7500276934866063,0.49890121240416047,0.27298527541021056,168389.87117891695,0.19579052925109863
6660.833333333333,87000.0,87000.0,0.48536557522229357,-7.19798397664125e-06,-7.197983976584772e-06,0.6966818321316364,0.24997418395312904,0.7650947982089151,-0.7650947982091257,0.4999741834055544,0.27411275926466355,168415.94870439474,0.41945958137512207
6661.0,87000.0,87000.0,0.48536557522229357,-7.19798397664125e-06,-7.197983976584772e-06,0.6966818321316364,0.250996684244251,0.7927013958866629,-0.792701395886738,0.5009956929384131,0.2751331059090008,168466.94417281155,0.3306727409362793
6661.166666666667,87000.0,87000.0,0.48536557522229357,-7.19798397664125e-06,-7.197983976584772e-06,0.6966818321316364,0.25197396217321,0.8270952626049946,-0.8270952626049127,0.501970081035238,0.2761283042142745,168547.40784549917,0.18610477447509766
6661.333333333333,87000.0,87000.0,0.48536557522229357,-7.19798397664125e-06,-7.197983976584772e-06,0.6966818321316364,0.2528626090506999,0.8575026019571835,-0.8575074731294906,0.5028544611706786,0.27703819395416235,168651.45409918134,0.4450092315673828
6661.5,87000.0,87000.0,0.48536557522229357,-7.19798397664125e-06,-7.197983976584772e-06,0.6966818321316364,0.2536406183510306,0.8826301716516075,-0.8825860990144988,0.5036274599347186,0.2777975349992513,168776.15240188662,0.18810343742370605
6661.666666666667,87000.0,87000.0,0.48536557522229357,-7.19798397664125e-06,-7.197983976584772e-06,0.6966818321316364,0.2543386300698028,0.9037719725501671,-0.903464862115683,0.5043199679795242,0.27850791644158396,168929.18537602626,0.32691383361816406
6661.833333333333,87000.0,87000.0,0.48536557522229357,-7.19798397664125e-06,-7.197983976584772e-06,0.6966818321316364,0.25498725805109473,0.939246673606078,-0.9391198149877767,0.5049626303745942,0.27914477601093757,169116.73287801785,0.2735917568206787
6662.0,87000.0,87000.0,0.48536557522229357,-7.19798397664125e-06,-7.197983976584772e-06,0.6966818321316364,0.2555890869899241,0.977518194213258,-0.9771539381050713,0.5055581934894177,0.279740407403096,169337.64781845637,0.2018272876739502
6720.166666666667,87000.0,87000.0,0.4845758449113081,3.3080166801588783e-06,3.3080166802103016e-06,0.6961148216431742,0.24488914704131018,0.7042720209211165,-0.7042722909842181,0.4948627558486682,0.26882704263692525,168257.00853118068,0.3713095188140869
6720.333333333333,87000.0,87000.0,0.4845758449113081,3.3080166801588783e-06,3.3080166802103016e-06,0.6961148216431742,0.24615162241583222,0.7197532790421117,-0.7197540159597795,0.4961366974174082,0.27016729984665105,168292.36698707798,0.5781707763671875
6720.5,87000.0,87000.0,0.4845758449113081,3.3080166801588783e-06,3.3080166802103016e-06,0.6961148216431742,0.247363905130927,0.7365828940904119,-0.736582894090384,0.4973569193878539,0.2714223076765736,168342.54634296027,0.468609094619751
6720.666666666667,87000.0,87000.0,0.4845758449113081,3.3080166801588783e-06,3.3080166802103016e-06,0.6961148216431742,0.24849921681804973,0.7485625356321066,-0.763445299347528,0.49849695783515896,0.2725434475547251,168405.74116546853,0.5596969127655029
6720.833333333333,87000.0,87000.0,0.4845758449113081,3.3080166801588783e-06,3.3080166802103016e-06,0.6961148216431742,0.249571271331665,0.7655963096793066,-0.8206448017711292,0.4995710875428646,0.27367184180507315,168488.25051007172,0.629086971282959
6721.0,87000.0,87000.0,0.4845758449113081,3.3080166801588783e-06,3.3080166802103016e-06,0.6961148216431742,0.2505938081165174,0.7915263351285674,-0.8937450005779769,0.5005934561263051,0.27469320344159504,168595.22168938542,0.32744932174682617
6721.166666666667,87000.0,87000.0,0.4845758449113081,3.3080166801588783e-06,3.3080166802103016e-06,0.6961148216431742,0.25157065779337096,0.8246847739698184,-0.9737408987470847,0.5015681987699437,0.275689351051568,168729.60742386186,0.5985913276672363
6721.333333333333,87000.0,87000.0,0.4845758449113081,3.3080166801588783e-06,3.3080166802103016e-06,0.6961148216431742,0.2524581092254211,0.8584190902161346,-1.0321615004558797,0.5024520966983173,0.2765992493577506,168882.54667688758,0.8025243282318115
6721.5,87000.0,87000.0,0.4845758449113081,3.3080166801588783e-06,3.3080166802103016e-06,0.6961148216431742,0.25323379600858414,0.8807393269413517,-1.0610322470043105,0.5032234059321997,0.2773576361456066,169048.31588701298,0.39404964447021484
6721.666666666667,87000.0,87000.0,0.4845758449113081,3.3080166801588783e-06,3.3080166802103016e-06,0.6961148216431742,0.253927892824543,0.9047982406611664,-1.0749593366479642,0.5039125847904103,0.27806505069023946,169232.69279412847,0.2356562614440918
6721.833333333333,87000.0,87000.0,0.4845758449113081,3.3080166801588783e-06,3.3080166802103016e-06,0.6961148216431742,0.25457096979437055,0.9378231885709484,-1.0905697898579012,0.5045502651881038,0.2786967647763745,169440.86414290176,0.3089468479156494
6722.0,87000.0,87000.0,0.4845758449113081,3.3080166801588783e-06,3.3080166802103016e-06,0.6961148216431742,0.2551655052861501,0.9769553306559273,-1.107543394692421,0.5051390953090384,0.2792852013481591,169670.88133990442,0.1911158561706543
6780.166666666667,88000.0,88000.0,0.481314885246018,-3.6662022476342485e-06,-3.6662022475788817e-06,0.6937686107384926,0.24324647606575253,0.701202605330049,-0.7015245417387408,0.49320023953974734,0.2670236053095962,168421.89459035473,0.1958017349243164
6780.333333333333,88000.0,88000.0,0.481314885246018,-3.6662022476342485e-06,-3.6662022475788817e-06,0.6937686107384926,0.24449883808738573,0.7163886081245384,-0.7166842918709847,0.4944682379019812,0.2683531024526255,168415.2436156147,0.4149773120880127
6780.5,88000.0,88000.0,0.481314885246018,-3.6662022476342485e-06,-3.6662022475788817e-06,0.6937686107384926,0.24570083010954116,0.7325170455380787,-0.7329383198998627,0.49568218678848636,0.2695976860872642,168416.5022430476,0.23891973495483398
6780.666666666667,88000.0,88000.0,0.481314885246018,-3.6662022476342485e-06,-3.6662022475788817e-06,0.6937686107384926,0.24682599326839288,0.7475111895549662,-0.7480770272390005,0.49681585465119055,0.2707081367804867,168425.40563212943,0.39415764808654785
6780.833333333333,88000.0,88000.0,0.481314885246018,-3.6662022476342485e-06,-3.6662022475788817e-06,0.6937686107384926,0.2478885822060889,0.7625051910181547,-0.762505191017934,0.49788410534194766,0.2718260249201274,168451.24909919078,0.21787500381469727
6781.0,88000.0,88000.0,0.481314885246018,-3.6662022476342485e-06,-3.6662022475788817e-06,0.6937686107384926,0.24890221082888997,0.7872994523177128,-0.7881260856159189,0.49890100316006475,0.2728375210897828,168501.01791136464,0.25440454483032227
6781.166666666667,88000.0,88000.0,0.481314885246018,-3.6662022476342485e-06,-3.6662022475788817e-06,0.6937686107384926,0.24987089656693853,0.8238584910467509,-0.8238579028311359,0.49987088000226326,0.2738238951824312,168579.16326226312,0.6051456928253174
6781.333333333333,88000.0,88000.0,0.481314885246018,-3.6662022476342485e-06,-3.6662022475788817e-06,0.6937686107384926,0.25075163375783577,0.8553097020232892,-0.8553058880305068,0.5007510697462613,0.27472558262962443,168679.78183759502,0.20639371871948242
6781.5,88000.0,88000.0,0.481314885246018,-3.6662022476342485e-06,-3.6662022475788817e-06,0.6937686107384926,0.25152253721003454,0.8773243491419658,-0.8773209551031874,0.5015202261946345,0.27547776398742096,168799.894146894,0.20416927337646484
6781.666666666667,88000.0,88000.0,0.481314885246018,-3.6662022476342485e-06,-3.6662022475788817e-06,0.6937686107384926,0.2522141417000828,0.9023011676189673,-0.9022356344070714,0.5022092609193195,0.2761813397820848,168947.53067408325,0.5822098255157471
6781.833333333333,88000.0,88000.0,0.481314885246018,-3.6662022476342485e-06,-3.6662022475788817e-06,0.6937686107384926,0.2528569647928337,0.9326047606836959,-0.9325870687973361,0.5028488488946159,0.27681211903679026,169129.30816977803,0.20444107055664062
6782.0,88000.0,88000.0,0.481314885246018,-3.6662022476342485e-06,-3.6662022475788817e-06,0.6937686107384926,0.2534535701246915,0.9752692222645054,-0.9748701264382078,0.5034417246853734,0.2774020407410155,169344.2250378857,0.5010719299316406
6840.166666666667,88000.0,88000.0,0.4763988164135389,6.676326117921936e-06,6.6763261179743925e-06,0.6902164996677049,0.24075581454421735,0.69677226361655,-0.6967722636165868,0.4906687422332279,0.26428971577971344,168228.46512143305,0.2718505859375
6840.333333333333,88000.0,88000.0,0.4763988164135389,6.676326117921936e-06,6.6763261179743925e-06,0.6902164996677049,0.2419969133363983,0.7124051524667565,-0.7124051524667492,0.49193181785430923,0.2656072340627,168260.59056446658,0.34996747970581055
6840.5,88000.0,88000.0,0.4763988164135389,6.676326117921936e-06,6.6763261179743925e-06,0.6902164996677049,0.2431887587914172,0.7305145994759303,-0.7305145994758483,0.49314172292958974,0.2668409705737227,168308.41584091837,0.17557525634765625
6840.666666666667,88000.0,88000.0,0.4763988164135389,6.676326117921936e-06,6.6763261179743925e-06,0.6902164996677049,0.24430506432628948,0.7435582067777017,-0.7435582067776335,0.49427225741391384,0.26794328374165494,168370.3748422323,0.5804193019866943
6840.833333333333,88000.0,88000.0,0.4763988164135389,6.676326117921936e-06,6.6763261179743925e-06,0.6902164996677049,0.24535923778436025,0.7914185732795727,-0.7571023179303681,0.4953374990149332,0.26905279637200347,168452.634428596,0.6136202812194824
6841.0,88000.0,88000.0,0.4763988164135389,6.676326117921936e-06,6.6763261179743925e-06,0.6902164996677049,0.2463648372996165,0.873026769327596,-0.785087902422764,0.49635152610665084,0.2700572292170564,168560.3436667416,0.20117688179016113
6841.166666666667,88000.0,88000.0,0.4763988164135389,6.676326117921936e-06,6.6763261179743925e-06,0.6902164996677049,0.24732562128593602,0.9634912930080097,-0.8198302257925102,0.497318430664646,0.27103705459659455,168696.5670326027,0.192643404006958
6841.333333333333,88000.0,88000.0,0.4763988164135389,6.676326117921936e-06,6.6763261179743925e-06,0.6902164996677049,0.2481985793572772,1.0331809142995745,-0.8488888051269088,0.4981953227168041,0.2719321835203242,168852.48638145486,0.4370996952056885
6841.5,88000.0,88000.0,0.4763988164135389,6.676326117921936e-06,6.6763261179743925e-06,0.6902164996677049,0.248961787019312,1.0730158081543657,-0.8743213644407952,0.49896070712967366,0.2726785775998116,169022.450489694,0.18293333053588867
6841.666666666667,88000.0,88000.0,0.4763988164135389,6.676326117921936e-06,6.6763261179743925e-06,0.6902164996677049,0.24964476557709142,1.0976563646510462,-0.8961817579726453,0.4996446395548344,0.2733749306939389,169211.9086879914,0.20095467567443848
6841.833333333333,88000.0,88000.0,0.4763988164135389,6.676326117921936e-06,6.6763261179743925e-06,0.6902164996677049,0.2502774130015128,1.1247263289401352,-0.9300624583320978,0.5002773363675769,0.2739967703965891,169425.62345157843,0.547884464263916
6842.0,88000.0,88000.0,0.4763988164135389,6.676326117921936e-06,6.6763261179743925e-06,0.6902164996677049,0.2508621661944373,1.154530708900249,-0.9690067900862774,0.5008614244428266,0.2745760546035745,169661.50904068962,0.6734590530395508
6900.166666666667,89000.0,89000.0,0.47592596175111285,-2.013314191849762e-07,-2.0133141913319016e-07,0.6898738737994887,0.2405238967325036,0.6978187720746252,-0.6978187720746822,0.4904323571787814,0.2640348596802167,168448.78344838766,0.6220705509185791
6900.333333333333,89000.0,89000.0,0.47592596175111285,-2.013314191849762e-07,-2.0133141913319016e-07,0.6898738737994887,0.24176232276919854,0.7132481375267443,-0.7132481375268095,0.49169332210012434,0.26534960758730647,168445.69709468674,0.5324957370758057
6900.5,89000.0,89000.0,0.47592596175111285,-2.013314191849762e-07,-2.0133141913319016e-07,0.6898738737994887,0.24295085565413335,0.7307137457274883,-0.7303382773484332,0.4929004522907236,0.2665803659280429,168449.70822002052,0.17925214767456055
6900.666666666667,89000.0,89000.0,0.47592596175111285,-2.013314191849762e-07,-2.0133141913319016e-07,0.6898738737994887,0.24406329205579055,0.7419730170017763,-0.7414747034178215,0.49402762295797165,0.2676783190961918,168460.3014699041,0.38864779472351074
6900.833333333333,89000.0,89000.0,0.47592596175111285,-2.013314191849762e-07,-2.0133141913319016e-07,0.6898738737994887,0.2451137955520165,0.759253795286399,-0.7584841719756557,0.4950896845264772,0.2687835576179915,168486.87739050857,0.19172096252441406
6901.0,89000.0,89000.0,0.47592596175111285,-2.013314191849762e-07,-2.0133141913319016e-07,0.6898738737994887,0.24611577784849165,0.7855700450252507,-0.7848394967989829,0.4961005724653784,0.26978345073742455,168536.40372227906,0.3379688262939453
6901.166666666667,89000.0,89000.0,0.47592596175111285,-2.013314191849762e-07,-2.0133141913319016e-07,0.6898738737994887,0.24707321709320884,0.8178619368608834,-0.8178624460963231,0.49706460065808733,0.2707583243515184,168613.20791671914,0.4733431339263916
6901.333333333333,89000.0,89000.0,0.47592596175111285,-2.013314191849762e-07,-2.0133141913319016e-07,0.6898738737994887,0.24794362215647373,0.8509962556086196,-0.8503053580635298,0.4979393761070857,0.2716493546965408,168711.31874268563,0.9396188259124756
6901.5,89000.0,89000.0,0.47592596175111285,-2.013314191849762e-07,-2.0133141913319016e-07,0.6898738737994887,0.24870528621342697,0.8735107667077772,-0.8735144659292035,0.4987036056729041,0.2723923266494702,168827.66144482765,0.5950508117675781
6901.666666666667,89000.0,89000.0,0.47592596175111285,-2.013314191849762e-07,-2.0133141913319016e-07,0.6898738737994887,0.24938854022286266,0.8965607745283807,-0.8959622413586568,0.4993881659581608,0.2730871496947272,168970.57298386298,0.6566922664642334
6901.833333333333,89000.0,89000.0,0.47592596175111285,-2.013314191849762e-07,-2.0133141913319016e-07,0.6898738737994887,0.2500237135746382,0.9298626576772394,-0.9298848612997712,0.5000237130760067,0.2737100605009578,169147.07889949414,0.46875524520874023
6902.0,89000.0,89000.0,0.47592596175111285,-2.013314191849762e-07,-2.0133141913319016e-07,0.6898738737994887,0.25061333998862395,0.9674619868257603,-0.9671454071767912,0.500612964312401,0.27429256141253805,169356.30574587337,0.6408882141113281
6960.166666666667,90000.0,90000.0,0.46999906328130714,-6.960942316001815e-06,-6.9609423159433414e-06,0.6855647768674432,0.23752079664710793,0.6933612969901125,-0.6933612969900683,0.48736105372405153,0.26073850844981267,168203.4576819929,0.422382116317749
6960.333333333333,90000.0,90000.0,0.46999906328130714,-6.960942316001815e-06,-6.9609423159433414e-06,0.6855647768674432,0.2387451261386857,0.7084669688908758,-0.7084669688908855,0.4886155198064523,0.2620381809132152,168231.7176960198,0.17286276817321777
6960.5,90000.0,90000.0,0.46999906328130714,-6.960942316001815e-06,-6.9609423159433414e-06,0.6855647768674432,0.23992094415308104,0.7244100469322008,-0.7244100469323022,0.4898172559526732,0.2632552210779155,168276.41640502797,0.19774723052978516
6960.666666666667,90000.0,90000.0,0.46999906328130714,-6.960942316001815e-06,-6.9609423159433414e-06,0.6855647768674432,0.24102235791418247,0.7382833663743987,-0.7385884431638512,0.49094027947301355,0.26434276247558086,168336.24715540628,0.6605854034423828
6960.833333333333,90000.0,90000.0,0.46999906328130714,-6.960942316001815e-06,-6.9609423159433414e-06,0.6855647768674432,0.24206253395959154,0.7538818820094293,-0.7574244964218954,0.49199851023771457,0.26543747537033996,168417.29897688684,0.17259860038757324
6961.0,90000.0,90000.0,0.46999906328130714,-6.960942316001815e-06,-6.9609423159433414e-06,0.6855647768674432,0.2430548963223698,0.7784100969107953,-0.8466752624729756,0.493005980147239,0.26642865978075825,168524.75393660337,0.2069559097290039
6961.166666666667,90000.0,90000.0,0.46999906328130714,-6.960942316001815e-06,-6.9609423159433414e-06,0.6855647768674432,0.24400314918633406,0.8135577934654669,-0.9468334866775098,0.49396674923352146,0.2673957400848909,168661.810899688,0.2182779312133789
6961.333333333333,90000.0,90000.0,0.46999906328130714,-6.960942316001815e-06,-6.9609423159433414e-06,0.6855647768674432,0.24486483135309622,0.8454945626259125,-1.0271465958480483,0.4948381872299161,0.26827937169494687,168819.74382304423,0.32163143157958984
6961.5,90000.0,90000.0,0.46999906328130714,-6.960942316001815e-06,-6.9609423159433414e-06,0.6855647768674432,0.24561838034202493,0.8658437861482692,-1.0775081035755811,0.4955990118550535,0.26901649436274455,168993.0186568842,0.18218111991882324
6961.666666666667,90000.0,90000.0,0.46999906328130714,-6.960942316001815e-06,-6.9609423159433414e-06,0.6855647768674432,0.246292791623363,0.8916037854910944,-1.1125319002693717,0.4962789456079028,0.26970435028041784,169186.80298474737,0.507157564163208
6961.833333333333,90000.0,90000.0,0.46999906328130714,-6.960942316001815e-06,-6.9609423159433414e-06,0.6855647768674432,0.24691741382642873,0.9223393927736848,-1.1507032925030387,0.4969078527053822,0.27031864672954237,169405.47015222488,0.6009557247161865
6962.0,90000.0,90000.0,0.46999906328130714,-6.960942316001815e-06,-6.9609423159433414e-06,0.6855647768674432,0.24749465315256614,0.9631149516975469,-1.1929409545990572,0.4974883450164978,0.270890986782733,169646.81690628378,0.24877285957336426
7020.166666666667,90000.0,90000.0,0.4692508439956148,3.168341537660058e-06,3.1683415377130874e-06,0.6850188639706317,0.23715115173493875,0.6912294490114774,-0.6930691983730902,0.4869816752047161,0.26033240110015604,168471.69266768623,0.21294760704040527
7020.333333333333,90000.0,90000.0,0.4692508439956148,3.168341537660058e-06,3.1683415377130874e-06,0.6850188639706317,0.23837231621158245,0.7061491775683997,-0.7071303313539556,0.48823387475519486,0.26162886659958895,168472.7396842645,0.2224583625793457
7020.5,90000.0,90000.0,0.4692508439956148,3.168341537660058e-06,3.1683415377130874e-06,0.6850188639706317,0.2395442137201241,0.7245100425786822,-0.7245100425765743,0.4894325428038388,0.26284249924398595,168480.22542760448,0.544806957244873
7020.666666666667,90000.0,90000.0,0.4692508439956148,3.168341537660058e-06,3.1683415377130874e-06,0.6850188639706317,0.24064096769179516,0.7381973497527667,-0.7381973494847678,0.4905516974838289,0.2639250446469309,168493.36831637268,0.20585346221923828
7020.833333333333,90000.0,90000.0,0.4692508439956148,3.168341537660058e-06,3.1683415377130874e-06,0.6850188639706317,0.241676597142802,0.7518065143412294,-0.7525005242585131,0.49160614046195344,0.2650147043852049,168521.61818778887,0.2495255470275879
7021.0,90000.0,90000.0,0.4692508439956148,3.168341537660058e-06,3.1683415377130874e-06,0.6850188639706317,0.2426642792455741,0.7786580563199383,-0.7786580563196216,0.4926096623323903,0.2660003610779171,168571.894463846,0.34072017669677734
7021.166666666667,90000.0,90000.0,0.4692508439956148,3.168341537660058e-06,3.1683415377130874e-06,0.6850188639706317,0.2436079381725396,0.8137897423465911,-0.8147947800684631,0.4935665490420323,0.26696118181241724,168648.38040793518,0.25890207290649414
7021.333333333333,90000.0,90000.0,0.4692508439956148,3.168341537660058e-06,3.1683415377130874e-06,0.6850188639706317,0.24446570304646562,0.8435154790513769,-0.8440995829291921,0.49443473097620916,0.26783921987426473,168744.9889696923,0.20896434783935547
7021.5,90000.0,90000.0,0.4692508439956148,3.168341537660058e-06,3.1683415377130874e-06,0.6850188639706317,0.24521610303615357,0.8673712259509603,-0.8688989260609797,0.4951929958718729,0.2685710461365303,168858.50707744705,0.32554197311401367
7021.666666666667,90000.0,90000.0,0.4692508439956148,3.168341537660058e-06,3.1683415377130874e-06,0.6850188639706317,0.24588916457144624,0.8902262228145451,-0.8907059221371925,0.4958721253234928,0.26925528230862256,168997.52632469873,0.1966557502746582
7021.833333333333,90000.0,90000.0,0.4692508439956148,3.168341537660058e-06,3.1683415377130874e-06,0.6850188639706317,0.24651493397934465,0.9224079570670967,-0.9244947125594215,0.4965027029811813,0.2698686401379958,169169.43897270746,0.6317980289459229
7022.0,90000.0,90000.0,0.4692508439956148,3.168341537660058e-06,3.1683415377130874e-06,0.6850188639706317,0.24709590659146408,0.9622996523486878,-0.9625086924150024,0.4970874235619262,0.2704421099707662,169373.47799730202,0.16321682929992676
7080.166666666667,91000.0,91000.0,0.4660770010832641,-3.5553056300946987e-06,-3.5553056300340596e-06,0.6826983236271085,0.2355380708396518,0.6901901099757831,-0.6901900981908392,0.4853226461468851,0.2585619989725665,168182.8393622281,0.2069098949432373
7080.333333333333,91000.0,91000.0,0.4660770010832641,-3.5553056300946987e-06,-3.5553056300340596e-06,0.6826983236271085,0.2367520658874425,0.7055417244083707,-0.7055398417146594,0.48657174797179686,0.2598506596577906,168206.7333869147,0.4771840572357178
7080.5,91000.0,91000.0,0.4660770010832641,-3.5553056300946987e-06,-3.5553056300340596e-06,0.6826983236271085,0.23791802030631146,0.7229014938302312,-0.7228536570573366,0.48776840852916475,0.26105739592125254,168247.63967810056,0.19565463066101074
7080.666666666667,91000.0,91000.0,0.4660770010832641,-3.5553056300946987e-06,-3.5553056300340596e-06,0.6826983236271085,0.23901029765607168,0.7349381336967936,-0.7346241245481873,0.48888679438689214,0.2621358425828664,168304.52231779616,0.1714036464691162
7080.833333333333,91000.0,91000.0,0.4660770010832641,-3.5553056300946987e-06,-3.5553056300340596e-06,0.6826983236271085,0.24004190829179026,0.7502077729871149,-0.7500963119921592,0.48994071925205374,0.26322146888006415,168383.44953724917,0.20246028900146484
7081.0,91000.0,91000.0,0.4660770010832641,-3.5553056300946987e-06,-3.5553056300340596e-06,0.6826983236271085,0.24102620842400282,0.8155472326247974,-0.7768194340511136,0.4909442010393174,0.26420455944802024,168489.66652777855,0.2062242031097412
7081.166666666667,91000.0,91000.0,0.4660770010832641,-3.5553056300946987e-06,-3.5553056300340596e-06,0.6826983236271085,0.24196687143540857,0.9246945707751145,-0.8101760188929,0.49190128234007563,0.26516390674911255,168626.52460073485,0.6337563991546631
7081.333333333333,91000.0,91000.0,0.4660770010832641,-3.5553056300946987e-06,-3.5553056300340596e-06,0.6826983236271085,0.24282177076910724,1.0150351376115987,-0.8407642276069102,0.4927694906606839,0.2660406208175618,168785.43589073388,0.20740437507629395
7081.5,91000.0,91000.0,0.4660770010832641,-3.5553056300946987e-06,-3.5553056300340596e-06,0.6826983236271085,0.2435695923595181,1.0755074102845692,-0.8647945160132,0.4935277018961227,0.26677227752886484,168961.0243666684,0.4367396831512451
7081.666666666667,91000.0,91000.0,0.4660770010832641,-3.5553056300946987e-06,-3.5553056300340596e-06,0.6826983236271085,0.24423897879639211,1.1205918873988223,-0.8856277547813822,0.4942054016273172,0.26745520788835964,169158.23213758905,0.3251972198486328
7081.833333333333,91000.0,91000.0,0.4660770010832641,-3.5553056300946987e-06,-3.5553056300340596e-06,0.6826983236271085,0.24485889875829134,1.169515500696589,-0.9203236728909032,0.49483219275154194,0.2680651892681638,169381.09181874996,0.6628167629241943
7082.0,91000.0,91000.0,0.4660770010832641,-3.5553056300946987e-06,-3.5553056300340596e-06,0.6826983236271085,0.2454317419885123,1.2237984124406742,-0.9569414463716491,0.4954106803811546,0.26863362593087564,169627.3062715619,0.610105037689209
7140.166666666667,91000.0,91000.0,0.4613492614224237,6.4176189379700354e-06,6.417618938024569e-06,0.6792269586982128,0.2331584021496982,0.6890504248265683,-0.6871661172580087,0.48286478688125684,0.2559493399520301,168489.84083303766,1.5060272216796875
7140.333333333333,91000.0,91000.0,0.4613492614224237,6.4176189379700354e-06,6.417618938024569e-06,0.6792269586982128,0.2343591294334953,0.7029055105874008,-0.7022254241337321,0.48410652721683617,0.25722414733639193,168495.44896889874,0.5307679176330566
7140.5,91000.0,91000.0,0.4613492614224237,6.4176189379700354e-06,6.417618938024569e-06,0.6792269586982128,0.23551136153881722,0.7184345244412074,-0.7184345244418197,0.48529512854646745,0.25841750147172876,168507.01290763836,0.712651252746582
7140.666666666667,91000.0,91000.0,0.4613492614224237,6.4176189379700354e-06,6.417618938024569e-06,0.6792269586982128,0.23658961831926265,0.7308267176094331,-0.730826717611537,0.48640478878292526,0.2594818646570089,168523.47820958504,0.6210436820983887
7140.833333333333,91000.0,91000.0,0.4613492614224237,6.4176189379700354e-06,6.417618938024569e-06,0.6792269586982128,0.23760772083818393,0.747050430254774,-0.7470504302566594,0.4874502241838989,0.26055315604701734,168554.28639473338,0.2142632007598877
7141.0,91000.0,91000.0,0.4613492614224237,6.4176189379700354e-06,6.417618938024569e-06,0.6792269586982128,0.2385785828995091,0.7720122618731539,-0.7720122618734558,0.4884450666150904,0.2615220746108779,168606.27942567132,0.2533681392669678
7141.166666666667,91000.0,91000.0,0.4613492614224237,6.4176189379700354e-06,6.417618938024569e-06,0.6792269586982128,0.23950606059200102,0.8052122002081518,-0.8052122474059595,0.48939356429947417,0.26246642517015945,168683.48085820494,0.3071122169494629
7141.333333333333,91000.0,91000.0,0.4613492614224237,6.4176189379700354e-06,6.417618938024569e-06,0.6792269586982128,0.24034900302179724,0.8376957796818703,-0.8376957796858935,0.4902540190529364,0.26332926565016485,168779.64388072627,0.330183744430542
7141.5,91000.0,91000.0,0.4613492614224237,6.4176189379700354e-06,6.417618938024569e-06,0.6792269586982128,0.24108623321145173,0.8602705051486795,-0.8589175366716849,0.4910053292608205,0.2640481310799869,168891.37877874938,0.162095308303833
7141.666666666667,91000.0,91000.0,0.4613492614224237,6.4176189379700354e-06,6.417618938024569e-06,0.6792269586982128,0.24174737178848063,0.8839801117701391,-0.8831018450737921,0.4916781181992142,0.26472006747588567,169027.47125171754,0.6385600566864014
7141.833333333333,91000.0,91000.0,0.4613492614224237,6.4176189379700354e-06,6.417618938024569e-06,0.6792269586982128,0.24236208541246881,0.9165582769425155,-0.914721519270078,0.4923028392431498,0.2653223007752603,169195.62569358133,0.49179911613464355
7142.0,91000.0,91000.0,0.4613492614224237,6.4176189379700354e-06,6.417618938024569e-06,0.6792269586982128,0.24293282306181618,0.955429548449139,-0.9536769571080521,0.49288215950569214,0.2658852405075844,169395.15612926625,0.22573542594909668
7200.166666666667,92000.0,92000.0,0.4608682793012954,-2.1587931789081204e-07,-2.1587931781805273e-07,0.6788728005313628,0.23290528600992666,0.6858248311058663,-0.6858248419201627,0.4826026170887625,0.2556718802025599,168167.3135859837,0.23918628692626953
7200.333333333333,92000.0,92000.0,0.4608682793012954,-2.1587931789081204e-07,-2.1587931781805273e-07,0.6788728005313628,0.23410558019249825,0.7006318566522931,-0.7006337564052724,0.4838445827052165,0.2569459600499519,168186.49000106455,1.0316531658172607
7200.5,92000.0,92000.0,0.4608682793012954,-2.1587931789081204e-07,-2.1587931781805273e-07,0.6788728005313628,0.2352584203338124,0.7172686955001917,-0.717268695500249,0.48503445276283574,0.25813904314077185,168223.06738361472,0.1792764663696289
7200.666666666667,92000.0,92000.0,0.4608682793012954,-2.1587931789081204e-07,-2.1587931781805273e-07,0.6788728005313628,0.23633849487711517,0.7315638932788237,-0.7315638932788658,0.4861465776129254,0.2592053641877328,168276.28259458076,0.31132006645202637
7200.833333333333,92000.0,92000.0,0.4608682793012954,-2.1587931789081204e-07,-2.1587931781805273e-07,0.6788728005313628,0.23735863875655233,0.7458325869946568,-0.7459612145012519,0.48719466214352947,0.2602788493733873,168352.24081957695,0.3461580276489258
7201.0,92000.0,92000.0,0.4608682793012954,-2.1587931789081204e-07,-2.1587931781805273e-07,0.6788728005313628,0.23833209773626987,0.7708985997019181,-0.7774540247915686,0.48819268513522285,0.26125105817837224,168456.27834631997,0.4070107936859131
7201.166666666667,92000.0,92000.0,0.4608682793012954,-2.1587931789081204e-07,-2.1587931781805273e-07,0.6788728005313628,0.2392625080279827,0.8063484916761299,-0.8935762755183677,0.48914466994098316,0.2621999300613461,168591.911796876,0.8934578895568848
7201.333333333333,92000.0,92000.0,0.4608682793012954,-2.1587931789081204e-07,-2.1587931781805273e-07,0.6788728005313628,0.24010820363278643,0.8366753157145641,-0.992948041509079,0.49000837111104745,0.26306721586015663,168750.73285642307,0.1822056770324707
7201.5,92000.0,92000.0,0.4608682793012954,-2.1587931789081204e-07,-2.1587931781805273e-07,0.6788728005313628,0.24084817562552063,0.8589365051892028,-1.0628310280937159,0.4907628508494787,0.26379128712762867,168927.5589739177,0.37575435638427734
7201.666666666667,92000.0,92000.0,0.4608682793012954,-2.1587931789081204e-07,-2.1587931781805273e-07,0.6788728005313628,0.24151065762618276,0.8827277537580328,-1.1174296450513248,0.49143733862703237,0.26446732787124,169127.17075534372,0.22187161445617676
7201.833333333333,92000.0,92000.0,0.4608682793012954,-2.1587931789081204e-07,-2.1587931781805273e-07,0.6788728005313628,0.24212417689421406,0.9131790011308782,-1.1765140108278724,0.4920611517770952,0.26507127451818957,169353.32010033587,0.2612776756286621
7202.0,92000.0,92000.0,0.4608682793012954,-2.1587931789081204e-07,-2.1587931781805273e-07,0.6788728005313628,0.2426911015091217,0.9539290188144508,-1.2421847873260183,0.4926368862822931,0.2656342335120421,169603.64280231757,0.19763469696044922
7260.166666666667,93000.0,93000.0,0.4551185431388556,-6.729247890081181e-06,-6.729247890016715e-06,0.6746247424597289,0.23000989738145633,0.6814319104513511,-0.6814319104512909,0.47959347123160434,0.25249305478163453,168502.60893525087,0.5962598323822021
7260.333333333333,93000.0,93000.0,0.4551185431388556,-6.729247890081181e-06,-6.729247890016715e-06,0.6746247424597289,0.23119454723391641,0.6966749012105157,-0.6981807374594718,0.4808269413254824,0.2537508273843605,168513.05035614703,0.36718153953552246
7260.5,93000.0,93000.0,0.4551185431388556,-6.729247890081181e-06,-6.729247890016715e-06,0.6746247424597289,0.23233131613475172,0.714174873217854,-0.7162397589039915,0.48200758956723927,0.2549282379808493,168529.15694414353,0.3608744144439697
7260.666666666667,93000.0,93000.0,0.4551185431388556,-6.729247890081181e-06,-6.729247890016715e-06,0.6746247424597289,0.23339503135617756,0.7265432465883421,-0.7265432465722951,0.4831097510962949,0.2559783247162354,168549.6040743488,0.16640925407409668
7260.833333333333,93000.0,93000.0,0.4551185431388556,-6.729247890081181e-06,-6.729247890016715e-06,0.6746247424597289,0.23439934874804053,0.740483007095158,-0.7427126005407422,0.4841480651475059,0.25703518420755156,168583.76763539753,0.19474196434020996
7261.0,93000.0,93000.0,0.4551185431388556,-6.729247890081181e-06,-6.729247890016715e-06,0.6746247424597289,0.23535697228926064,0.7675156224754902,-0.7675156219082478,0.4851360350581825,0.2579909497863445,168638.38563279383,0.44846487045288086
7261.166666666667,93000.0,93000.0,0.4551185431388556,-6.729247890081181e-06,-6.729247890016715e-06,0.6746247424597289,0.2362717003355943,0.8011361938868857,-0.8011361699291191,0.48607787497995597,0.25892235009693537,168717.31185083816,0.1743755340576172
7261.333333333333,93000.0,93000.0,0.4551185431388556,-6.729247890081181e-06,-6.729247890016715e-06,0.6746247424597289,0.237102943150788,0.8298525693742047,-0.8298525277844502,0.4869321753102872,0.259773217673858,168814.1012355044,0.2338426113128662
7261.5,93000.0,93000.0,0.4551185431388556,-6.729247890081181e-06,-6.729247890016715e-06,0.6746247424597289,0.23782974488714145,0.8546452272395371,-0.854644296094472,0.48767791119216386,0.26048184084988124,168925.15513584402,0.5698366165161133
7261.666666666667,93000.0,93000.0,0.4551185431388556,-6.729247890081181e-06,-6.729247890016715e-06,0.6746247424597289,0.23848140244849214,0.8754164407372099,-0.8763555910883777,0.48834557702774606,0.2611440096881955,169059.38621978994,1.173253059387207
7261.833333333333,93000.0,93000.0,0.4551185431388556,-6.729247890081181e-06,-6.729247890016715e-06,0.6746247424597289,0.23908728868496498,0.9092744085453288,-0.9092643333053907,0.48896552928262815,0.26173735687205724,169224.74577355103,0.6085941791534424
7262.0,93000.0,93000.0,0.4551185431388556,-6.729247890081181e-06,-6.729247890016715e-06,0.6746247424597289,0.23964981385897113,0.9466922890264035,-0.948417936042094,0.4895404109807021,0.26229183490513297,169420.60072220766,0.5080358982086182
7320.166666666667,93000.0,93000.0,0.4544058086924356,3.0388060466847725e-06,3.038806046750369e-06,0.674096290371365,0.22963908917806114,0.6819586950872798,-0.6819586950872792,0.4792067290650728,0.2520864257143502,168157.4100453909,0.4180331230163574
7320.333333333333,93000.0,93000.0,0.4544058086924356,3.0388060466847725e-06,3.038806046750369e-06,0.674096290371365,0.2308224079799462,0.6969917881547683,-0.6969917881547592,0.48043980683216514,0.2533424546632228,168171.67817357607,0.2136061191558838
7320.5,93000.0,93000.0,0.4544058086924356,3.0388060466847725e-06,3.038806046750369e-06,0.674096290371365,0.23195897012196964,0.7134833155137701,-0.713483315513728,0.4816211894629349,0.2545186282207931,168203.53782671984,0.21030473709106445
7320.666666666667,93000.0,93000.0,0.4544058086924356,3.0388060466847725e-06,3.038806046750369e-06,0.674096290371365,0.23302385410984336,0.7244730184476276,-0.7244351883712891,0.48272544384876864,0.2555698738227671,168252.49137812053,0.6945171356201172
7320.833333333333,93000.0,93000.0,0.4544058086924356,3.0388060466847725e-06,3.038806046750369e-06,0.674096290371365,0.2340297018604021,0.7412944282799431,-0.7412944282799725,0.4837661644879428,0.2566282423116745,168324.73746909283,0.39407825469970703
7321.0,93000.0,93000.0,0.4544058086924356,3.0388060466847725e-06,3.038806046750369e-06,0.674096290371365,0.23498960555078802,0.7667147392279638,-0.7667147392278462,0.4847572646281926,0.2575868488439541,168425.72834847908,0.37624454498291016
7321.166666666667,93000.0,93000.0,0.4544058086924356,3.0388060466847725e-06,3.038806046750369e-06,0.674096290371365,0.23590715782108265,0.8539517214354853,-0.7986308788862198,0.48570274643867567,0.25852256329699425,168559.1531812831,0.19345760345458984
7321.333333333333,93000.0,93000.0,0.4544058086924356,3.0388060466847725e-06,3.038806046750369e-06,0.674096290371365,0.23674127628823807,0.9612513358079328,-0.8311052546826639,0.4865606605399299,0.25937795928923973,168716.81846231726,0.3769869804382324
7321.5,93000.0,93000.0,0.4544058086924356,3.0388060466847725e-06,3.038806046750369e-06,0.674096290371365,0.2374713096113663,1.039730556798055,-0.8532309979457793,0.48731028075488686,0.2600923554510986,168893.76398883178,0.19987058639526367
7321.666666666667,93000.0,93000.0,0.4544058086924356,3.0388060466847725e-06,3.038806046750369e-06,0.674096290371365,0.2381250313906107,1.1031797346981882,-0.8758751145625117,0.48798056470562984,0.2607595617790941,169094.67835856273,0.38464856147766113
7321.833333333333,93000.0,93000.0,0.4544058086924356,3.0388060466847725e-06,3.038806046750369e-06,0.674096290371365,0.23873047243362785,1.1717084570200045,-0.9084079801123471,0.4886005245552769,0.2613557650243674,169323.10234638926,0.2764730453491211
7322.0,93000.0,93000.0,0.4544058086924356,3.0388060466847725e-06,3.038806046750369e-06,0.674096290371365,0.23928997385851722,1.247969652311835,-0.9455989250788704,0.4891727445833711,0.26191167516856395,169576.63377330918,0.5413148403167725
7380.166666666667,94000.0,94000.0,0.45134257957011065,-3.4551697239342036e-06,-3.4551697238718734e-06,0.6718203476898498,0.22810180166136051,0.6800501309600292,-0.6792602598832223,0.4776000438976593,0.25039843446330823,168509.56147729908,0.18272900581359863
7380.333333333333,94000.0,94000.0,0.45134257957011065,-3.4551697239342036e-06,-3.4551697238718734e-06,0.6718203476898498,0.229276770751825,0.6958852907881542,-0.6940132793455686,0.4788285403244095,0.251645957690684,168524.9434888963,0.26929187774658203
7380.5,94000.0,94000.0,0.45134257957011065,-3.4551697239342036e-06,-3.4551697238718734e-06,0.6718203476898498,0.23040423330271778,0.7107573619236893,-0.7094226129193428,0.48000440995778787,0.25281378332011195,168545.90222224922,0.3462541103363037
7380.666666666667,94000.0,94000.0,0.45134257957011065,-3.4551697239342036e-06,-3.4551697238718734e-06,0.6718203476898498,0.23145919233651005,0.7266590765841716,-0.723709867417275,0.4811020604803634,0.2538553038957815,168570.85475122614,0.27365946769714355
7380.833333333333,94000.0,94000.0,0.45134257957011065,-3.4551697239342036e-06,-3.4551697238718734e-06,0.6718203476898498,0.23245519493262246,0.7399151380587078,-0.738599017613255,0.4821360753849528,0.2549034852909646,168609.05626528533,0.4360332489013672
7381.0,94000.0,94000.0,0.45134257957011065,-3.4551697239342036e-06,-3.4551697238718734e-06,0.6718203476898498,0.23340481120019832,0.7669620230540842,-0.7622935871306475,0.4831198727465095,0.2558513278257617,168667.11786060824,0.5185403823852539
7381.166666666667,94000.0,94000.0,0.45134257957011065,-3.4551697239342036e-06,-3.4551697238718734e-06,0.6718203476898498,0.23431179891882636,0.798860044645412,-0.797564406535165,0.4840576403182572,0.2567749026136393,168748.71928352478,0.38887763023376465
7381.333333333333,94000.0,94000.0,0.45134257957011065,-3.4551697239342036e-06,-3.4551697238718734e-06,0.6718203476898498,0.23513590102622758,0.8284248569862941,-0.8284249101182798,0.4849081369214532,0.2576184908097952,168847.18552999946,0.2270979881286621
7381.5,94000.0,94000.0,0.45134257957011065,-3.4551697239342036e-06,-3.4551697238718734e-06,0.6718203476898498,0.23585627528005415,0.8490811539675563,-0.8490811539675879,0.4856503634136017,0.25832081833213705,168958.68385297759,0.20905470848083496
7381.666666666667,94000.0,94000.0,0.45134257957011065,-3.4551697239342036e-06,-3.4551697238718734e-06,0.6718203476898498,0.23650202666118333,0.8737465242968158,-0.8737466034240033,0.4863147405149208,0.258976904010892,169092.1824370565,0.4578373432159424
7381.833333333333,94000.0,94000.0,0.45134257957011065,-3.4551697239342036e-06,-3.4551697238718734e-06,0.6718203476898498,0.23710236910295104,0.903261926466828,-0.9032710776668619,0.48693158582354545,0.2595646400491838,169255.8058023562,0.2001335620880127
7382.0,94000.0,94000.0,0.45134257957011065,-3.4551697239342036e-06,-3.4551697238718734e-06,0.6718203476898498,0.23765968611312155,0.9439613157002783,-0.9439613157002396,0.4875035243622706,0.26011369781653587,169448.94381273162,0.17957806587219238
7440.166666666667,94000.0,94000.0,0.44680727016701893,6.157075617826498e-06,6.157075617891535e-06,0.6684364368936054,0.2257989572907715,0.6743631566887175,-0.6743630392237757,0.47518307765622153,0.24787092604373237,168153.4666226718,0.18036580085754395
7440.333333333333,94000.0,94000.0,0.44680727016701893,6.157075617826498e-06,6.157075617891535e-06,0.6684364368936054,0.2269623391856657,0.6895355419846305,-0.689535217754014,0.4764056456295822,0.24910576738047904,168162.80324064338,0.5027265548706055
7440.5,94000.0,94000.0,0.44680727016701893,6.157075617826498e-06,6.157075617891535e-06,0.6684364368936054,0.22807975988119492,0.7072564955532713,-0.7072579469389998,0.47757696750177886,0.2502620877466146,168189.71728679337,0.2488842010498047
7440.666666666667,94000.0,94000.0,0.44680727016701893,6.157075617826498e-06,6.157075617891535e-06,0.6684364368936054,0.2291267453250495,0.7202373404943138,-0.7202744216285079,0.47867185559628034,0.25129558759453446,168233.9603159718,0.3985285758972168
7440.833333333333,94000.0,94000.0,0.44680727016701893,6.157075617826498e-06,6.157075617891535e-06,0.6684364368936054,0.23011572993409454,0.7331161427901831,-0.7331161427901624,0.4797037939806307,0.2523361429029424,168301.87774407456,0.19989991188049316
7441.0,94000.0,94000.0,0.44680727016701893,6.157075617826498e-06,6.157075617891535e-06,0.6684364368936054,0.23105961147194087,0.7601033753537502,-0.7607684756662029,0.4806866042550024,0.2532786767443101,168399.0586883979,0.19904637336730957
7441.166666666667,94000.0,94000.0,0.44680727016701893,6.157075617826498e-06,6.157075617891535e-06,0.6684364368936054,0.2319619330763356,0.7940561401253008,-0.8064873087245841,0.4816242655116501,0.2541987919391561,168529.3662082721,0.22055816650390625
7441.333333333333,94000.0,94000.0,0.44680727016701893,6.157075617826498e-06,6.157075617891535e-06,0.6684364368936054,0.23278230802440664,0.8226151150765268,-0.9205312722145526,0.48247518909733655,0.25504005076385583,168684.84954994114,0.4887220859527588
7441.5,94000.0,94000.0,0.44680727016701893,6.157075617826498e-06,6.157075617891535e-06,0.6684364368936054,0.2335004871650943,0.8465954166972174,-1.006698102560143,0.4832188813101131,0.25574285175015793,168860.79214832257,0.2097764015197754
7441.666666666667,94000.0,94000.0,0.44680727016701893,6.157075617826498e-06,6.157075617891535e-06,0.6684364368936054,0.2341437418892601,0.8683115245819385,-1.078234014022016,0.4838840170942366,0.25639942852051123,169061.863245414,0.19943928718566895
7441.833333333333,94000.0,94000.0,0.44680727016701893,6.157075617826498e-06,6.157075617891535e-06,0.6684364368936054,0.23473956195634663,0.9004462061078738,-1.155383879961417,0.4844992900788255,0.25698630589743254,169291.46929238687,0.5714118480682373
7442.0,94000.0,94000.0,0.44680727016701893,6.157075617826498e-06,6.157075617891535e-06,0.6684364368936054,0.23529025651823993,0.9387460332488134,-1.2413181574237375,0.48506727025283314,0.25753370559748506,169547.2005231297,0.3660426139831543
7500.166666666667,95000.0,95000.0,0.4462397987440903,-2.083441332461462e-07,-2.0834413318360343e-07,0.6680118253025842,0.22552296528381216,0.6755588344836231,-0.6827463254985914,0.4748925831714274,0.24756751711606906,168510.46132256245,0.3592379093170166
7500.333333333333,95000.0,95000.0,0.4462397987440903,-2.083441332461462e-07,-2.0834413318360343e-07,0.6680118253025842,0.22668480165536448,0.6905379650625926,-0.6905379650626287,0.4761142740288637,0.248801119029822,168530.72271523153,0.6489930152893066
7500.5,95000.0,95000.0,0.4462397987440903,-2.083441332461462e-07,-2.0834413318360343e-07,0.6680118253025842,0.22779966411967492,0.7072763406068894,-0.7084463639920385,0.4772836309794179,0.24995592851063522,168556.67758352187,0.6959538459777832
7500.666666666667,95000.0,95000.0,0.4462397987440903,-2.083441332461462e-07,-2.0834413318360343e-07,0.6680118253025842,0.22884280996138706,0.7184135990310284,-0.721308118572154,0.4783751772740583,0.2509858614460075,168586.50538774414,0.8286104202270508
7500.833333333333,95000.0,95000.0,0.4462397987440903,-2.083441332461462e-07,-2.0834413318360343e-07,0.6680118253025842,0.22982762087207864,0.7342438132482121,-0.737425551336368,0.479403401259478,0.2520223322186273,168629.28967122527,1.1547839641571045
7501.0,95000.0,95000.0,0.4462397987440903,-2.083441332461462e-07,-2.0834413318360343e-07,0.6680118253025842,0.23076650423912917,0.7600673813739744,-0.764321602836799,0.48038162381258426,0.2529595375282812,168691.4959953581,0.6353836059570312
7501.166666666667,95000.0,95000.0,0.4462397987440903,-2.083441332461462e-07,-2.0834413318360343e-07,0.6680118253025842,0.2316631632876182,0.792364026883154,-0.7947915686695369,0.48131399682278375,0.2538726726405299,168776.63174280382,0.18367362022399902
7501.333333333333,95000.0,95000.0,0.4462397987440903,-2.083441332461462e-07,-2.0834413318360343e-07,0.6680118253025842,0.2324777828605394,0.8230655336587378,-0.8276373091898245,0.48215949965559346,0.2547066093982475,168877.76810569142,0.16750526428222656
7501.5,95000.0,95000.0,0.4462397987440903,-2.083441332461462e-07,-2.0834413318360343e-07,0.6680118253025842,0.23318970284063836,0.8460388673847337,-0.8460388591441392,0.48289719720414304,0.2554007103826165,168990.82107211722,0.5222201347351074
7501.666666666667,95000.0,95000.0,0.4462397987440903,-2.083441332461462e-07,-2.0834413318360343e-07,0.6680118253025842,0.2338277237331198,0.8671273670984054,-0.8707180595458585,0.4835573636486601,0.25604891221891274,169124.741018284,0.44881582260131836
7501.833333333333,95000.0,95000.0,0.4462397987440903,-2.083441332461462e-07,-2.0834413318360343e-07,0.6680118253025842,0.2344207892011918,0.9004957572975366,-0.9004957572975916,0.4841702070526579,0.25662940354418096,169287.7461421971,0.20746254920959473
7502.0,95000.0,95000.0,0.4462397987440903,-2.083441332461462e-07,-2.0834413318360343e-07,0.6680118253025842,0.23497124820230206,0.935893997215027,-0.9380015824040441,0.4847383298052591,0.25717150227958835,169479.2184994829,0.1991591453552246
7560.166666666667,96000.0,96000.0,0.44080245974099674,-6.538991050744224e-06,-6.538991050685763e-06,0.6639295593216171,0.22276441902988964,0.6716093440494875,-0.6716094697273406,0.47197925699276244,0.24453975961582963,168155.61785785822,0.17764592170715332
7560.333333333333,96000.0,96000.0,0.44080245974099674,-6.538991050744224e-06,-6.538991050685763e-06,0.6639295593216171,0.22391201584270345,0.6862828284785095,-0.6862831778715106,0.4731934232876807,0.24575782755020348,168160.16799236933,0.37587881088256836
7560.5,96000.0,96000.0,0.44080245974099674,-6.538991050744224e-06,-6.538991050685763e-06,0.6639295593216171,0.22501426451539197,0.70191970962327,-0.7019183628044467,0.47435668490764815,0.24689842258192796,168182.07727886777,0.19494915008544922
7560.666666666667,96000.0,96000.0,0.44080245974099674,-6.538991050744224e-06,-6.538991050685763e-06,0.6639295593216171,0.22604704538385262,0.7147173302444461,-0.7147173302444515,0.4754440507454784,0.24791782852749794,168221.32161455744,0.21407532691955566
7560.833333333333,96000.0,96000.0,0.44080245974099674,-6.538991050744224e-06,-6.538991050685763e-06,0.6639295593216171,0.22702264596318142,0.7301863366210629,-0.7301870724655265,0.47646893495316567,0.24894423791386422,168284.4415032154,0.6998515129089355
7561.0,96000.0,96000.0,0.44080245974099674,-6.538991050744224e-06,-6.538991050685763e-06,0.6639295593216171,0.2279538070332603,0.7549093187086416,-0.7542528193825536,0.47744508276351694,0.24987399189570048,168377.17916582548,0.34952759742736816
7561.166666666667,96000.0,96000.0,0.44080245974099674,-6.538991050744224e-06,-6.538991050685763e-06,0.6639295593216171,0.2288440374265776,0.7875284350370688,-0.7875292036541148,0.4783764599770835,0.25078169022070884,168503.56697796893,0.3224031925201416
7561.333333333333,96000.0,96000.0,0.44080245974099674,-6.538991050744224e-06,-6.538991050685763e-06,0.6639295593216171,0.22965351065592987,0.8740813929329303,-0.818855754222879,0.47922177611533345,0.25161170288269424,168655.9166065435,0.3875463008880615
7561.5,96000.0,96000.0,0.44080245974099674,-6.538991050744224e-06,-6.538991050685763e-06,0.6639295593216171,0.23036229888029164,0.9672260585034073,-0.8390524317980169,0.4799607264605015,0.2523052754397455,168829.76810666572,0.22117042541503906
7561.666666666667,96000.0,96000.0,0.44080245974099674,-6.538991050744224e-06,-6.538991050685763e-06,0.6639295593216171,0.23099729590231008,1.0462337406052866,-0.8633810572909952,0.48062178059791166,0.25295342516426167,169029.84469879497,0.24347591400146484
7561.833333333333,96000.0,96000.0,0.44080245974099674,-6.538991050744224e-06,-6.538991050685763e-06,0.6639295593216171,0.23158557532032711,1.1313430379904272,-0.8936973134035512,0.48123338976172075,0.25353296024363353,169259.49990860347,0.24059152603149414
7562.0,96000.0,96000.0,0.44080245974099674,-6.538991050744224e-06,-6.538991050685763e-06,0.6639295593216171,0.23212942312373772,1.2262122812271294,-0.9325043804744536,0.48179811461366095,0.2540737066984939,169516.3470264625,0.33966565132141113
7620.166666666667,96000.0,96000.0,0.44017221422353575,2.8658071436533173e-06,2.8658071437141736e-06,0.6634547567268892,0.2224563492733945,0.678800181770669,-0.669873111197022,0.4716527849313031,0.24420114783781566,168505.27777970364,0.501582145690918
7620.333333333333,96000.0,96000.0,0.44017221422353575,2.8658071436533173e-06,2.8658071437141736e-06,0.6634547567268892,0.2236025370297992,0.6991439865755897,-0.6842907957318034,0.47286629960736287,0.24541814965634207,168530.19091891413,0.6015558242797852
7620.5,96000.0,96000.0,0.44017221422353575,2.8658071436533173e-06,2.8658071437141736e-06,0.6634547567268892,0.22470240320356877,0.7022636648994752,-0.7013836350395084,0.47402785095848815,0.24655744065579868,168561.11550053456,0.6912798881530762
7620.666666666667,96000.0,96000.0,0.44017221422353575,2.8658071436533173e-06,2.8658071437141736e-06,0.6634547567268892,0.22573151881797673,0.7149844582206113,-0.7149844582412156,0.47511211212930404,0.24757359072897242,168596.02215626198,0.38710451126098633
7620.833333333333,96000.0,96000.0,0.44017221422353575,2.8658071436533173e-06,2.8658071437141736e-06,0.6634547567268892,0.22670305548535227,0.7331937215263986,-0.7285335422578408,0.4761334432271975,0.24859615165683369,168643.77769069537,0.6182510852813721
7621.0,96000.0,96000.0,0.44017221422353575,2.8658071436533173e-06,2.8658071437141736e-06,0.6634547567268892,0.22762923969279214,0.754315674090559,-0.753814105739572,0.4771050617640881,0.2495207601548166,168710.6884658108,0.931652307510376
7621.166666666667,96000.0,96000.0,0.44017221422353575,2.8658071436533173e-06,2.8658071437141736e-06,0.6634547567268892,0.22851370974494792,0.7941572046998929,-0.788139345045594,0.47803107640462406,0.2504215788218372,168800.09705580448,0.8330960273742676
7621.333333333333,96000.0,96000.0,0.44017221422353575,2.8658071436533173e-06,2.8658071437141736e-06,0.6634547567268892,0.22931717018166783,0.8205710290624295,-0.8173387374333604,0.47887072414810994,0.2512441699111361,168904.80565988258,0.6812899112701416
7621.5,96000.0,96000.0,0.44017221422353575,2.8658071436533173e-06,2.8658071437141736e-06,0.6634547567268892,0.2300191968013916,0.8464573929370908,-0.8397950234872193,0.47960316621972304,0.2519286843094193,169020.47040704757,0.6449565887451172
7621.666666666667,96000.0,96000.0,0.44017221422353575,2.8658071436533173e-06,2.8658071437141736e-06,0.6634547567268892,0.2306481962894779,0.8645038461349411,-0.8624684730830526,0.48025846844908315,0.2525677430474976,169155.9511690667,0.5383274555206299
7621.833333333333,96000.0,96000.0,0.44017221422353575,2.8658071436533173e-06,2.8658071437141736e-06,0.6634547567268892,0.2312327524575052,0.8999923856407864,-0.8929604839163368,0.4808666682956774,0.25313984936629297,169319.47708795147,1.0593652725219727
7622.0,96000.0,96000.0,0.44017221422353575,2.8658071436533173e-06,2.8658071437141736e-06,0.6634547567268892,0.23177517417088697,0.9325762506063833,-0.9321699115824648,0.4814303421853613,0.2536739194819667,169510.39193251097,0.6016790866851807
7680.166666666667,97000.0,97000.0,0.4368534690578005,-3.2833081093387654e-06,-3.2833081092803095e-06,0.6609489156189006,0.22076898901552675,0.6679489795707328,-0.667948979675008,0.4698606059492019,0.24234926753238553,168163.79035665543,0.23445367813110352
7680.333333333333,97000.0,97000.0,0.4368534690578005,-3.2833081093387654e-06,-3.2833081092803095e-06,0.6609489156189006,0.2219061589752207,0.6828456033400259,-0.6828456136160975,0.47106916581100383,0.2435562569090958,168163.8623380498,0.4154245853424072
7680.5,97000.0,97000.0,0.4368534690578005,-3.2833081093387654e-06,-3.2833081092803095e-06,0.6609489156189006,0.22299836473456147,0.6997929397896319,-0.6997930827617448,0.4722270266881957,0.24468645429264124,168180.87846095153,0.9109673500061035
7680.666666666667,97000.0,97000.0,0.4368534690578005,-3.2833081093387654e-06,-3.2833081092803095e-06,0.6609489156189006,0.22402172231316927,0.711536618073668,-0.7115366180736817,0.4733093304740539,0.24569649288275922,168215.00646448656,0.22040843963623047
7680.833333333333,97000.0,97000.0,0.4368534690578005,-3.2833081093387654e-06,-3.2833081092803095e-06,0.6609489156189006,0.22498844470909743,0.7258799420737548,-0.7258799420737126,0.47432946852680635,0.24671350503050707,168273.02359548374,0.21541619300842285
7681.0,97000.0,97000.0,0.4368534690578005,-3.2833081093387654e-06,-3.2833081092803095e-06,0.6609489156189006,0.2259111664578125,0.7520478748326194,-0.7520478748326385,0.47530113240731203,0.24763475191774603,168360.836186862,0.8676896095275879
7681.166666666667,97000.0,97000.0,0.4368534690578005,-3.2833081093387654e-06,-3.2833081092803095e-06,0.6609489156189006,0.2267933805555,0.7846546450444126,-0.7846537626950864,0.47622828619665003,0.24853417232574476,168482.63557620847,0.1801600456237793
7681.333333333333,97000.0,97000.0,0.4368534690578005,-3.2833081093387654e-06,-3.2833081092803095e-06,0.6609489156189006,0.2275956428392504,0.8135563478265562,-0.8226579511306132,0.477069851141096,0.2493567027843034,168631.00657349487,0.5176427364349365
7681.5,97000.0,97000.0,0.4368534690578005,-3.2833081093387654e-06,-3.2833081092803095e-06,0.6609489156189006,0.22829824420608583,0.8373165161703797,-0.9221168462406569,0.4778056553126292,0.2500441411309185,168801.7500845291,0.26120758056640625
7681.666666666667,97000.0,97000.0,0.4368534690578005,-3.2833081093387654e-06,-3.2833081092803095e-06,0.6609489156189006,0.22892785288383066,0.8570826651391579,-1.0080160157878764,0.47846405606131515,0.2506867419900098,168999.7148219739,0.23439621925354004
7681.833333333333,97000.0,97000.0,0.4368534690578005,-3.2833081093387654e-06,-3.2833081092803095e-06,0.6609489156189006,0.22951127962084686,0.8909608441263985,-1.100460648322647,0.4790733552345147,0.25126151751646014,169228.28460949447,0.230743408203125
7682.0,97000.0,97000.0,0.4368534690578005,-3.2833081093387654e-06,-3.2833081092803095e-06,0.6609489156189006,0.230050798240393,0.9269988037352989,-1.2035684892550564,0.4796361103311427,0.2517980222171154,169485.12565559574,0.3965597152709961
7740.166666666667,97000.0,97000.0,0.4323992244388061,6.007942979916149e-06,6.007942979976969e-06,0.6575706991942434,0.2185276788745894,0.6652768384061483,-0.6677352930016218,0.4674694419126326,0.2398884665462825,168494.18764898152,0.7004964351654053
7740.333333333333,97000.0,97000.0,0.4323992244388061,6.007942979916149e-06,6.007942979976969e-06,0.6575706991942434,0.21965376740872306,0.6798977283004047,-0.7016095417118822,0.46867234575291117,0.24108413491270164,168523.36623966854,0.34526515007019043
7740.5,97000.0,97000.0,0.4323992244388061,6.007942979916149e-06,6.007942979976969e-06,0.6575706991942434,0.22073438297029507,0.695780841265491,-0.7137511180853829,0.4698237789264022,0.2422034805779939,168559.0646075832,0.41384434700012207
7740.666666666667,97000.0,97000.0,0.4323992244388061,6.007942979916149e-06,6.007942979976969e-06,0.6575706991942434,0.22174551162100994,0.7071458672316236,-0.7071458672310709,0.47089862167196866,0.24320193206409813,168599.0804564863,0.5620212554931641
7740.833333333333,97000.0,97000.0,0.4323992244388061,6.007942979916149e-06,6.007942979976969e-06,0.6575706991942434,0.22270004990714226,0.7232090596071561,-0.7232090596023348,0.4719110617290855,0.2442066538416112,168652.0261479277,0.4159362316131592
7741.0,97000.0,97000.0,0.4323992244388061,6.007942979916149e-06,6.007942979976969e-06,0.6575706991942434,0.22361000482503024,0.7476799330050528,-0.750936874560463,0.4728741958469245,0.24511514118733063,168724.04060602238,0.6770825386047363
7741.166666666667,97000.0,97000.0,0.4323992244388061,6.007942979916149e-06,6.007942979976969e-06,0.6575706991942434,0.22447893399441815,0.7790610191709019,-0.7851320726428855,0.47379207915096666,0.24600024263053563,168818.31477197536,0.43528079986572266
7741.333333333333,97000.0,97000.0,0.4323992244388061,6.007942979916149e-06,6.007942979976969e-06,0.6575706991942434,0.22526820683570511,0.8108976340850222,-0.8167170508952926,0.47462427994318024,0.2468084055022768,168927.37584219972,0.6677227020263672
7741.5,97000.0,97000.0,0.4323992244388061,6.007942979916149e-06,6.007942979976969e-06,0.6575706991942434,0.22595772476266623,0.8319434990705129,-0.8384404397924756,0.4753501078404845,0.24748082202284344,169046.6203575218,0.38657450675964355
7741.666666666667,97000.0,97000.0,0.4323992244388061,6.007942979916149e-06,6.007942979976969e-06,0.6575706991942434,0.22657536473290496,0.8547196402823106,-0.8627326261477586,0.47599933295967733,0.24810841131466635,169184.74809613448,0.5891084671020508
7741.833333333333,97000.0,97000.0,0.4323992244388061,6.007942979916149e-06,6.007942979976969e-06,0.6575706991942434,0.22714921272172556,0.8858742670674802,-0.8916522936248634,0.47660173411576295,0.24867004600566356,169349.916058149,0.7771627902984619
7742.0,97000.0,97000.0,0.4323992244388061,6.007942979916149e-06,6.007942979976969e-06,0.6575706991942434,0.22768152844471778,0.9228957416384359,-0.9325552057485577,0.4771598565187032,0.24919414319426245,169541.40055998808,0.8232567310333252
7800.166666666667,98000.0,98000.0,0.4325803516204441,-3.429269908808507e-07,-3.429269908246323e-07,0.6577084092669365,0.21860992182673564,0.6647356781791702,-0.6647356780776398,0.46755739951806197,0.23997913584066605,168177.70529545716,0.25782084465026855
7800.333333333333,98000.0,98000.0,0.4325803516204441,-3.429269908808507e-07,-3.429269908246323e-07,0.6577084092669365,0.21973583151925435,0.6791287411261088,-0.6791287309241016,0.46875988686002745,0.24117416976350156,168173.76023724198,0.7010810375213623
7800.5,98000.0,98000.0,0.4325803516204441,-3.429269908808507e-07,-3.429269908246323e-07,0.6577084092669365,0.2208171779312284,0.6944781002804378,-0.6944813706423035,0.469911883160226,0.24229314432693597,168186.1617372938,0.3815617561340332
7800.666666666667,98000.0,98000.0,0.4325803516204441,-3.429269908808507e-07,-3.429269908246323e-07,0.6577084092669365,0.22183032387115775,0.7086668202867461,-0.7086668202867635,0.4709886663941058,0.24329304644226352,168215.2303246305,0.5726034641265869
7800.833333333333,98000.0,98000.0,0.4325803516204441,-3.429269908808507e-07,-3.429269908246323e-07,0.6577084092669365,0.22278741227039592,0.722853576500907,-0.7228535765009436,0.4720036146795552,0.2442998758634291,168268.01356117902,0.8221662044525146
7801.0,98000.0,98000.0,0.4325803516204441,-3.429269908808507e-07,-3.429269908246323e-07,0.6577084092669365,0.22370095339970375,0.7464489162215782,-0.7464147425335692,0.4729703515044632,0.24521187614596862,168350.5872970384,0.6418070793151855
7801.166666666667,98000.0,98000.0,0.4325803516204441,-3.429269908808507e-07,-3.429269908246323e-07,0.6577084092669365,0.22457442338835015,0.781114822456872,-0.7810507982720145,0.47389283957010336,0.2461022643932107,168467.2860517685,1.0678699016571045
7801.333333333333,98000.0,98000.0,0.4325803516204441,-3.429269908808507e-07,-3.429269908246323e-07,0.6577084092669365,0.22536879646631416,0.810833399987987,-0.8108333999880191,0.47473023548179716,0.2469166001286855,168610.96918431952,0.37801289558410645
7801.5,98000.0,98000.0,0.4325803516204441,-3.429269908808507e-07,-3.429269908246323e-07,0.6577084092669365,0.22606458633831816,0.8691866374149433,-0.8317540377618214,0.4754624973258716,0.24759725579395409,168777.6937827364,0.3219008445739746
7801.666666666667,98000.0,98000.0,0.4325803516204441,-3.429269908808507e-07,-3.429269908246323e-07,0.6577084092669365,0.2266882411408878,0.9611447855184962,-0.8553330231060582,0.47611788580048725,0.24823368307395738,168972.50130229257,0.43903422355651855
7801.833333333333,98000.0,98000.0,0.4325803516204441,-3.429269908808507e-07,-3.429269908246323e-07,0.6577084092669365,0.22726631568396843,1.0600295692605324,-0.8841590161928053,0.47672457009831254,0.24880314311207716,169198.8880765965,0.36719465255737305
7802.0,98000.0,98000.0,0.4325803516204441,-3.429269908808507e-07,-3.429269908246323e-07,0.6577084092669365,0.22780107000797703,1.17037703164678,-0.924201131104397,0.47728510355485965,0.2493348826592007,169454.60129783463,0.7525277137756348
7860.166666666667,99000.0,99000.0,0.4262037079989877,-6.161980832648459e-06,-6.161980832589402e-06,0.6528427896507609,0.21539608875213098,0.6590731936125008,-0.6590731936124595,0.46410784197674,0.23645078534260894,168477.56919440333,1.0614838600158691
7860.333333333333,99000.0,99000.0,0.4262037079989877,-6.161980832648459e-06,-6.161980832589402e-06,0.6528427896507609,0.21650617187927462,0.6992156755245117,-0.6738570974225966,0.4653022374017853,0.23762945932623278,168510.48145455946,0.42636799812316895
7860.5,99000.0,99000.0,0.4262037079989877,-6.161980832648459e-06,-6.161980832589402e-06,0.6528427896507609,0.21757147972927177,0.7245453710219253,-0.6909721459086741,0.46644558095640287,0.238732924905174,168550.5948609936,0.21272540092468262
7860.666666666667,99000.0,99000.0,0.4262037079989877,-6.161980832648459e-06,-6.161980832589402e-06,0.6528427896507609,0.21856833272646398,0.7246148139511916,-0.7032831782495637,0.4675129228074023,0.2397173319566942,168595.57598275278,0.5588481426239014
7860.833333333333,99000.0,99000.0,0.4262037079989877,-6.161980832648459e-06,-6.161980832589402e-06,0.6528427896507609,0.21950938757356822,0.7161424811144451,-0.7161424811660329,0.46851828976679727,0.24070790333076703,168653.7537048894,0.31977105140686035
7861.0,99000.0,99000.0,0.4262037079989877,-6.161980832648459e-06,-6.161980832589402e-06,0.6528427896507609,0.2204064840923061,0.7427009581068836,-0.7425905959157105,0.46947468980347723,0.24160363191964568,168731.09698225235,0.5550601482391357
7861.166666666667,99000.0,99000.0,0.4262037079989877,-6.161980832648459e-06,-6.161980832589402e-06,0.6528427896507609,0.22126311118419847,0.7754284862273857,-0.7754284862615379,0.4703861301742987,0.24247632377136707,168830.6634666893,0.19504499435424805
7861.333333333333,99000.0,99000.0,0.4262037079989877,-6.161980832648459e-06,-6.161980832589402e-06,0.6528427896507609,0.2220411564995681,0.8116218048031205,-0.8028821391665004,0.47121243275517727,0.24327310310318057,168944.70872208942,0.7625000476837158
7861.5,99000.0,99000.0,0.4262037079989877,-6.161980832648459e-06,-6.161980832589402e-06,0.6528427896507609,0.22272078507707954,0.8298946866197926,-0.8269863884208963,0.47193303057698527,0.24393600967544446,169068.37882534583,0.8868942260742188
7861.666666666667,99000.0,99000.0,0.4262037079989877,-6.161980832648459e-06,-6.161980832589402e-06,0.6528427896507609,0.22332942215198615,0.8575968850245567,-0.8476223694046633,0.47257742477988685,0.24455456850742638,169210.14934809066,0.21761512756347656
7861.833333333333,99000.0,99000.0,0.4262037079989877,-6.161980832648459e-06,-6.161980832589402e-06,0.6528427896507609,0.22389473206503732,0.8866892878065923,-0.8797189055377181,0.47317516029766193,0.2451079176747119,169378.02454555623,0.17998600006103516
7862.0,99000.0,99000.0,0.4262037079989877,-6.161980832648459e-06,-6.161980832589402e-06,0.6528427896507609,0.22441893381480393,0.9268322375154927,-0.9165149949066435,0.47372875579062207,0.2456240923857677,169571.186428099,0.26334547996520996
7920.166666666667,99000.0,99000.0,0.4253998850269376,2.9351030018722985e-06,2.9351030019323887e-06,0.6522268662259609,0.21498173072028118,0.659749104200888,-0.6597470514387115,0.4636612241183848,0.2359962667642138,168196.88793788035,0.19443321228027344
7920.333333333333,99000.0,99000.0,0.4253998850269376,2.9351030018722985e-06,2.9351030019323887e-06,0.6522268662259609,0.21608882863285508,0.6743359628687337,-0.6743314651648705,0.4648535561375208,0.23717133768060714,168189.52400156454,0.18512558937072754
7920.5,99000.0,99000.0,0.4253998850269376,2.9351030018722985e-06,2.9351030019323887e-06,0.6522268662259609,0.21715204950443345,0.6904779499992051,-0.690474659403238,0.4659957612645361,0.23827158876525129,168197.74686176644,0.1998276710510254
7920.666666666667,99000.0,99000.0,0.4253998850269376,2.9351030018722985e-06,2.9351030019323887e-06,0.6522268662259609,0.21814815486334538,0.7009767344859738,-0.7009767344859702,0.4670633306826128,0.2392546257925407,168221.98556788944,0.5070855617523193
7920.833333333333,99000.0,99000.0,0.4253998850269376,2.9351030018722985e-06,2.9351030019323887e-06,0.6522268662259609,0.21908914694314147,0.7171122537676945,-0.7171138652645931,0.4680695962614808,0.24024448559711126,168269.58233759511,0.3315153121948242
7921.0,99000.0,99000.0,0.4253998850269376,2.9351030018722985e-06,2.9351030019323887e-06,0.6522268662259609,0.21998731935343283,0.7420001311191341,-0.7420323099803352,0.4690280581728944,0.2411410655523369,168346.78215616025,0.8003265857696533
7921.166666666667,99000.0,99000.0,0.4253998850269376,2.9351030018722985e-06,2.9351030019323887e-06,0.6522268662259609,0.22084610877910726,0.7731964288155805,-0.773250944442243,0.46994266541833296,0.2420163632828003,168458.0420551927,0.44260072708129883
7921.333333333333,99000.0,99000.0,0.4253998850269376,2.9351030018722985e-06,2.9351030019323887e-06,0.6522268662259609,0.22162717534071655,0.8039238328509579,-0.8044127997991107,0.47077295519764906,0.24281693873775886,168596.48797995585,0.2773144245147705
7921.5,99000.0,99000.0,0.4253998850269376,2.9351030018722985e-06,2.9351030019323887e-06,0.6522268662259609,0.22231137508080018,0.8258241062561841,-0.8258241062546151,0.4714990722075869,0.24348610592381933,168758.4197900751,0.20717906951904297
7921.666666666667,99000.0,99000.0,0.4253998850269376,2.9351030018722985e-06,2.9351030019323887e-06,0.6522268662259609,0.22292478097614749,0.8470992907162591,-0.9034087456476314,0.47214910886044736,0.24411193479805574,168949.1323706935,0.24693989753723145
7921.833333333333,99000.0,99000.0,0.4253998850269376,2.9351030018722985e-06,2.9351030019323887e-06,0.6522268662259609,0.22349353902912403,0.8791088632082824,-1.0074672629207968,0.4727510328500916,0.2446721143010175,169172.31296047443,0.20395994186401367
7922.0,99000.0,99000.0,0.4253998850269376,2.9351030018722985e-06,2.9351030019323887e-06,0.6522268662259609,0.2240198800230448,0.9144097963748634,-1.1236404280409642,0.47330738433680763,0.2451953738260029,169425.8150506127,0.5500857830047607
7980.166666666667,100000.0,100000.0,0.4241856810677275,-3.4062750152364336e-06,-3.406275015187e-06,0.6512953869541281,0.21437559670510975,0.6586902811701716,-0.6586902811702293,0.4630071240498385,0.23533056506711694,168455.98924689688,0.6428732872009277
7980.333333333333,100000.0,100000.0,0.4241856810677275,-3.4062750152364336e-06,-3.406275015187e-06,0.6512953869541281,0.21548053839939482,0.6730374555786761,-0.6942411222800173,0.4641988136961014,0.23650377249695947,168491.97604153998,0.6501920223236084
7980.5,100000.0,100000.0,0.4241856810677275,-3.4062750152364336e-06,-3.406275015187e-06,0.6512953869541281,0.2165409770780611,0.6881687918631678,-0.7325387651585015,0.46533963653549265,0.2376021526556623,168535.99515341848,0.8640167713165283
7980.666666666667,100000.0,100000.0,0.4241856810677275,-3.4062750152364336e-06,-3.406275015187e-06,0.6512953869541281,0.21753334231974933,0.7013966205392002,-0.7426383797047389,0.4664046982796025,0.23858216959450448,168585.6282793137,1.1199986934661865
7980.833333333333,100000.0,100000.0,0.4241856810677275,-3.4062750152364336e-06,-3.406275015187e-06,0.6512953869541281,0.2184701648342947,0.7161879748857621,-0.7422070361194241,0.4674079215225825,0.2395683169499856,168648.90145321263,1.1353039741516113
7981.0,100000.0,100000.0,0.4241856810677275,-3.4062750152364336e-06,-3.406275015187e-06,0.6512953869541281,0.2193632414162635,0.7394664703840012,-0.7442359013162775,0.46836229746735897,0.24046010710843121,168731.6169231445,0.41583681106567383
7981.166666666667,100000.0,100000.0,0.4241856810677275,-3.4062750152364336e-06,-3.406275015187e-06,0.6512953869541281,0.22021602585439648,0.772914697059685,-0.7729146961605347,0.46927180411020886,0.241329013036179,168836.72193558488,0.6769194602966309
7981.333333333333,100000.0,100000.0,0.4241856810677275,-3.4062750152364336e-06,-3.406275015187e-06,0.6512953869541281,0.22099054571796542,0.8032249244873367,-0.8035531067589013,0.4700963156704708,0.24212230716898014,168956.21305337752,0.754080057144165
7981.5,100000.0,100000.0,0.4241856810677275,-3.4062750152364336e-06,-3.406275015187e-06,0.6512953869541281,0.22166704670395554,0.8226065157463812,-0.8293309113021725,0.4708153002884628,0.24278232859072724,169085.00355346026,0.6482813358306885
7981.666666666667,100000.0,100000.0,0.4241856810677275,-3.4062750152364336e-06,-3.406275015187e-06,0.6512953869541281,0.2222727494343841,0.847038893728617,-0.8493168900200752,0.47145811023538936,0.2433980646686306,169231.28834449724,0.45021629333496094
7981.833333333333,100000.0,100000.0,0.4241856810677275,-3.4062750152364336e-06,-3.406275015187e-06,0.6512953869541281,0.22283514287930004,0.8761963438845854,-0.8869578184421716,0.4720541739595989,0.24394868936453473,169402.84356407076,0.24437403678894043
7982.0,100000.0,100000.0,0.4241856810677275,-3.4062750152364336e-06,-3.406275015187e-06,0.6512953869541281,0.2233564274325784,0.9149851227576458,-0.9177128213224156,0.4726059962583112,0.24446214330513535,169598.73329321182,0.21317243576049805
8040.166666666667,100000.0,100000.0,0.42016979250956205,5.540459195277877e-06,5.540459195331243e-06,0.6482050543690338,0.21233930407995308,0.6540494193505455,-0.654051490203656,0.4608028907536936,0.23309551598296582,168220.68383748943,0.23215842247009277
8040.333333333333,100000.0,100000.0,0.42016979250956205,5.540459195277877e-06,5.540459195331243e-06,0.6482050543690338,0.2134326856379512,0.6682350820793438,-0.6682350816660388,0.46198775489553423,0.23425603931661607,168210.61582017914,1.0366957187652588
8040.5,100000.0,100000.0,0.42016979250956205,5.540459195277877e-06,5.540459195331243e-06,0.6482050543690338,0.21448266355811077,0.6855957451102928,-0.6855957109442568,0.463122730582611,0.23534263602931543,168215.23858917024,0.19095802307128906
8040.666666666667,100000.0,100000.0,0.42016979250956205,5.540459195277877e-06,5.540459195331243e-06,0.6482050543690338,0.21546628464102904,0.6985223855739547,-0.698526257990039,0.46418346012616,0.23631331688312163,168235.0417401054,0.35544371604919434
8040.833333333333,100000.0,100000.0,0.42016979250956205,5.540459195277877e-06,5.540459195331243e-06,0.6482050543690338,0.21639547376159887,0.7113791134280315,-0.7113779039714253,0.46518326901172247,0.23729073560888478,168277.67642361496,0.4072449207305908
8041.0,100000.0,100000.0,0.42016979250956205,5.540459195277877e-06,5.540459195331243e-06,0.6482050543690338,0.2172823565668165,0.7368345504971812,-0.7368435116148181,0.4661355560016407,0.23817597377074715,168349.5506046933,0.22208690643310547
8041.166666666667,100000.0,100000.0,0.42016979250956205,5.540459195277877e-06,5.540459195331243e-06,0.6482050543690338,0.21813034613416402,0.7700879930095682,-0.7700689195393713,0.4670442657118267,0.23904013426787496,168455.21897063978,0.18523573875427246
8041.333333333333,100000.0,100000.0,0.42016979250956205,5.540459195277877e-06,5.540459195331243e-06,0.6482050543690338,0.21890161629428906,0.7986146539093468,-0.7981534493496885,0.46786922990796076,0.2398305399856547,168588.05698972836,0.6651296615600586
8041.5,100000.0,100000.0,0.42016979250956205,5.540459195277877e-06,5.540459195331243e-06,0.6482050543690338,0.21957726595875343,0.8209590507958484,-0.8207945154725347,0.4685907232994019,0.24049116758288372,168744.58559569583,0.7475869655609131
8041.666666666667,100000.0,100000.0,0.42016979250956205,5.540459195277877e-06,5.540459195331243e-06,0.6482050543690338,0.22018313194476388,0.84476939727954,-0.8423615477208471,0.46923675469250636,0.2411091268161843,168930.40515013746,0.20460247993469238
8041.833333333333,100000.0,100000.0,0.42016979250956205,5.540459195277877e-06,5.540459195331243e-06,0.6482050543690338,0.22074509476545118,0.9515469699735118,-0.8728918346813928,0.4698351783147512,0.2416624552597164,169149.46569708796,0.36263298988342285
8042.0,100000.0,100000.0,0.42016979250956205,5.540459195277877e-06,5.540459195331243e-06,0.6482050543690338,0.22126536559565266,1.070413570903222,-0.9105691953585711,0.4703885262440999,0.2421794853086781,169399.74872988387,0.23172402381896973
8100.166666666667,101000.0,101000.0,0.4171946444167827,-1.209308542497007e-07,-1.2093085420667505e-07,0.6459060647004197,0.21084173056219027,0.6530682504285217,-0.6530110082072588,0.4591750545885775,0.2314512958862721,168430.18387752812,0.3530752658843994
8100.333333333333,101000.0,101000.0,0.4171946444167827,-1.209308542497007e-07,-1.2093085420667505e-07,0.6459060647004197,0.21192855665865054,0.6793224618351207,-0.6675307588325227,0.46035698851624135,0.23260525413555982,168468.48119533074,0.3122434616088867
8100.5,101000.0,101000.0,0.4171946444167827,-1.209308542497007e-07,-1.2093085420667505e-07,0.6459060647004197,0.21297168452789086,0.7298987821997975,-0.6838975050318277,0.46148855323026305,0.23368564645422504,168515.7634634077,0.9335694313049316
8100.666666666667,101000.0,101000.0,0.4171946444167827,-1.209308542497007e-07,-1.2093085420667505e-07,0.6459060647004197,0.2139479359893409,0.7497765607622706,-0.6950074080464645,0.4625450640012395,0.23464977944698576,168569.5766627303,0.20757031440734863
8100.833333333333,101000.0,101000.0,0.4171946444167827,-1.209308542497007e-07,-1.2093085420667505e-07,0.6459060647004197,0.21486956139279453,0.7580917680885553,-0.709693545507709,0.46354024814290884,0.23561994848307286,168637.6349205733,0.2145700454711914
8101.0,101000.0,101000.0,0.4171946444167827,-1.209308542497007e-07,-1.2093085420667505e-07,0.6459060647004197,0.2157481835466452,0.7709207500994293,-0.7349541164102329,0.464487011454996,0.23649737353048408,168725.58272418758,0.40982937812805176
8101.166666666667,101000.0,101000.0,0.4171946444167827,-1.209308542497007e-07,-1.2093085420667505e-07,0.6459060647004197,0.21658718073647273,0.7792590493145835,-0.7664894930180415,0.46538927900115706,0.23735236168651708,168836.2835572012,0.23204517364501953
8101.333333333333,101000.0,101000.0,0.4171946444167827,-1.209308542497007e-07,-1.2093085420667505e-07,0.6459060647004197,0.21734916250917072,0.7954825802105875,-0.7954825805914847,0.4662072101494241,0.2381329454202518,168961.49643990834,0.8184301853179932
8101.5,101000.0,101000.0,0.4171946444167827,-1.209308542497007e-07,-1.2093085420667505e-07,0.6459060647004197,0.21801469833727874,0.818180574576953,-0.8181805753173395,0.4669204414246233,0.23878245742634344,169095.92744867955,0.26415181159973145
8101.666666666667,101000.0,101000.0,0.4171946444167827,-1.209308542497007e-07,-1.2093085420667505e-07,0.6459060647004197,0.21861046686380284,0.8379397084215883,-0.8379397117660147,0.46755798265142956,0.23938828796977574,169247.44394750058,0.5498647689819336
8101.833333333333,101000.0,101000.0,0.4171946444167827,-1.209308542497007e-07,-1.2093085420667505e-07,0.6459060647004197,0.21916343700281235,0.874451441571232,-0.8707256870679599,0.4681489477550244,0.23992986912823758,169423.52637994237,0.7399442195892334
8102.0,101000.0,101000.0,0.4171946444167827,-1.209308542497007e-07,-1.2093085420667505e-07,0.6459060647004197,0.21967576538898376,0.9095126885642393,-0.9053258652914603,0.4686958135794362,0.240434730079673,169623.10131139169,0.4129626750946045
8160.166666666667,102000.0,102000.0,0.41464165240646556,-6.142556462048538e-06,-6.142556462001548e-06,0.6439267445963598,0.20954634472036365,0.6514496691124217,-0.6514496691130385,0.45776232346699225,0.2300295139132018,168248.28117288346,1.130462408065796
8160.333333333333,102000.0,102000.0,0.41464165240646556,-6.142556462048538e-06,-6.142556462001548e-06,0.6439267445963598,0.21062525637506377,0.665723133834959,-0.6657231342142083,0.458939273137496,0.23117469635912377,168236.3161149735,0.6635565757751465
8160.5,102000.0,102000.0,0.41464165240646556,-6.142556462048538e-06,-6.142556462001548e-06,0.6439267445963598,0.21166125944298814,0.6810753915822144,-0.681075423604638,0.4600665815755806,0.23224689551354852,168238.04016427428,0.4260835647583008
8160.666666666667,102000.0,102000.0,0.41464165240646556,-6.142556462048538e-06,-6.142556462001548e-06,0.6439267445963598,0.21263169567480783,0.6928711648557404,-0.6928711648557118,0.4611200447832389,0.2332045418118875,168253.95342346176,0.2434532642364502
8160.833333333333,102000.0,102000.0,0.41464165240646556,-6.142556462048538e-06,-6.142556462001548e-06,0.6439267445963598,0.21354840992124366,0.7082247647496903,-0.7082247647495995,0.4621129839528546,0.23416882515459156,168292.01970287497,0.24076247215270996
8161.0,102000.0,102000.0,0.41464165240646556,-6.142556462048538e-06,-6.142556462001548e-06,0.6439267445963598,0.2144233444386235,0.7318753837032183,-0.7318662347138202,0.463058683589165,0.23504207267096353,168358.79822956093,0.204010009765625
8161.166666666667,102000.0,102000.0,0.41464165240646556,-6.142556462048538e-06,-6.142556462001548e-06,0.6439267445963598,0.21525988577589766,0.7633979567164575,-0.7633979567163965,0.4639610821819653,0.23589443727347764,168458.91315096704,0.5804290771484375
8161.333333333333,102000.0,102000.0,0.41464165240646556,-6.142556462048538e-06,-6.142556462001548e-06,0.6439267445963598,0.21602075044611785,0.7941767176945599,-0.7941639185917282,0.464780324935356,0.23667404608191472,168585.96387372128,0.2031698226928711
8161.5,102000.0,102000.0,0.41464165240646556,-6.142556462048538e-06,-6.142556462001548e-06,0.6439267445963598,0.21668728219263506,0.8142645996177328,-0.8144443150080487,0.46549681222617484,0.23732556097835147,168736.66316016967,0.5325005054473877
8161.666666666667,102000.0,102000.0,0.41464165240646556,-6.142556462048538e-06,-6.142556462001548e-06,0.6439267445963598,0.21728507938686495,0.8372390019208311,-0.8372186820608561,0.4661384766238917,0.23793508294136,168916.95847088867,0.20417451858520508
8161.833333333333,102000.0,102000.0,0.41464165240646556,-6.142556462048538e-06,-6.142556462001548e-06,0.6439267445963598,0.21783975943383657,0.8671834373412293,-0.8880547710025464,0.46673307086609606,0.2384810336259222,169131.1256020348,0.6424970626831055
8162.0,102000.0,102000.0,0.41464165240646556,-6.142556462048538e-06,-6.142556462001548e-06,0.6439267445963598,0.21835351153433677,0.9041677863627897,-1.0082681500551334,0.4672831171218321,0.23899131879888777,169377.29139939207,0.4936234951019287
8220.166666666666,102000.0,102000.0,0.41405322981995596,2.684563850889423e-06,2.6845638509331614e-06,0.6434696805755155,0.20925330854133187,0.6500350586611484,-0.6501001577416227,0.4574421370117695,0.2297076394548762,168401.03329879447,0.3813014030456543
8220.333333333334,102000.0,102000.0,0.41405322981995596,2.684563850889423e-06,2.6845638509331614e-06,0.6434696805755155,0.21033202446220106,0.6640662523929587,-0.6657372692946747,0.458619695017978,0.23085296581123665,168440.79830575068,0.42220425605773926
8220.5,102000.0,102000.0,0.41405322981995596,2.684563850889423e-06,2.6845638509331614e-06,0.6434696805755155,0.2113674515532324,0.6798933615056174,-0.7243397791702462,0.4597471606967449,0.23192531058363425,168490.58987567862,0.6872878074645996
8220.666666666666,102000.0,102000.0,0.41405322981995596,2.684563850889423e-06,2.6845638509331614e-06,0.6434696805755155,0.21233659642225658,0.6934174729866889,-0.7537978718881917,0.46079995296069653,0.23288244180049203,168547.96865042558,0.8631007671356201
8220.833333333334,102000.0,102000.0,0.41405322981995596,2.684563850889423e-06,2.6845638509331614e-06,0.6434696805755155,0.2132515375934924,0.706914637894303,-0.7707209193961713,0.461791660638568,0.23384558121518145,168620.33842350592,0.5497491359710693
8221.0,102000.0,102000.0,0.41405322981995596,2.684563850889423e-06,2.6845638509331614e-06,0.6434696805755155,0.2141238375112096,0.7307279141932561,-0.7941683849512935,0.46273517022615185,0.23471675270234404,168713.20024732556,0.6961839199066162
8221.166666666666,102000.0,102000.0,0.41405322981995596,2.684563850889423e-06,2.6845638509331614e-06,0.6434696805755155,0.21495683091897108,0.7643070445833255,-0.8151162673328151,0.463634372306405,0.23556575078406966,168829.36333474182,1.475151777267456
8221.333333333334,102000.0,102000.0,0.41405322981995596,2.684563850889423e-06,2.6845638509331614e-06,0.6434696805755155,0.21571336292579935,0.7930219244859348,-0.8156711262069629,0.4644495270821596,0.23634088632302463,168960.37871481763,0.5205059051513672
8221.5,102000.0,102000.0,0.41405322981995596,2.684563850889423e-06,2.6845638509331614e-06,0.6434696805755155,0.21637415874920904,0.814170925195515,-0.8141709169349097,0.4651603584044145,0.23698597889230721,169100.77792394484,0.20990467071533203
8221.666666666666,102000.0,102000.0,0.41405322981995596,2.684563850889423e-06,2.6845638509331614e-06,0.6434696805755155,0.2169655869767504,0.8366813767978224,-0.8366813766845593,0.4657956496755637,0.23758761715867077,169258.06506584503,0.6752970218658447
8221.833333333334,102000.0,102000.0,0.41405322981995596,2.684563850889423e-06,2.6845638509331614e-06,0.6434696805755155,0.21751432603489976,0.865595667936435,-0.8655955407223086,0.4663843118307939,0.23812528338787145,169439.36740838422,0.16670918464660645
8222.0,102000.0,102000.0,0.41405322981995596,2.684563850889423e-06,2.6845638509331614e-06,0.6434696805755155,0.2180225096016522,0.904178495162105,-0.9041778918010931,0.4669288060170788,0.2386263579036814,169643.45911883216,0.33736395835876465
8280.166666666666,103000.0,103000.0,0.4086358658700534,-3.2711912861245207e-06,-3.271191286076146e-06,0.6392463264423609,0.20651205696249428,0.6457213362827258,-0.6457491639943792,0.454435976841543,0.22669859087806954,168278.73845186448,0.3741276264190674
8280.333333333334,103000.0,103000.0,0.4086358658700534,-3.2711912861245207e-06,-3.271191286076146e-06,0.6392463264423609,0.2075752801154132,0.6601624198302858,-0.6602038474534029,0.45560430220509185,0.22782714460520903,168265.74809808456,0.6121270656585693
8280.5,103000.0,103000.0,0.4086358658700534,-3.2711912861245207e-06,-3.271191286076146e-06,0.6392463264423609,0.2085961331560461,0.6767310328717517,-0.6767399250283456,0.4567232567034406,0.22888374128408157,168265.37368761026,1.0653958320617676
8280.666666666666,103000.0,103000.0,0.4086358658700534,-3.2711912861245207e-06,-3.271191286076146e-06,0.6392463264423609,0.20955227279966723,0.688424966989679,-0.6884249669896924,0.4577687984575819,0.22982726925303124,168278.0754358627,0.5968997478485107
8280.833333333334,103000.0,103000.0,0.4086358658700534,-3.2711912861245207e-06,-3.271191286076146e-06,0.6392463264423609,0.21045545298656712,0.7016818909902097,-0.7017155577484462,0.4587542403253364,0.23077731553420439,168312.12286356863,0.3903846740722656
8281.0,103000.0,103000.0,0.4086358658700534,-3.2711912861245207e-06,-3.271191286076146e-06,0.6392463264423609,0.21131741313879823,0.7272783003464296,-0.7272743468450886,0.4596927377695581,0.2316375589303084,168374.20958129494,0.7539451122283936
8281.166666666666,103000.0,103000.0,0.4086358658700534,-3.2711912861245207e-06,-3.271191286076146e-06,0.6392463264423609,0.21214150822431216,0.759108842411431,-0.7591088424114845,0.4605882198185934,0.23247711744930402,168468.99862412896,0.4442768096923828
8281.333333333334,103000.0,103000.0,0.4086358658700534,-3.2711912861245207e-06,-3.271191286076146e-06,0.6392463264423609,0.21289104079996424,0.7864511730776396,-0.7863724758307375,0.46140117122317176,0.2332449819182585,168590.28010228864,0.42212748527526855
8281.5,103000.0,103000.0,0.4086358658700534,-3.2711912861245207e-06,-3.271191286076146e-06,0.6392463264423609,0.21354761007876072,0.8098275341996695,-0.8098275341996819,0.4621121185170161,0.23388654859069158,168734.92281035273,0.3248918056488037
8281.666666666666,103000.0,103000.0,0.4086358658700534,-3.2711912861245207e-06,-3.271191286076146e-06,0.6392463264423609,0.21413655820180705,0.8294696041092281,-0.8294902701748638,0.46274891485751435,0.23448681816239403,168909.25107903007,0.24285554885864258
8281.833333333334,103000.0,103000.0,0.4086358658700534,-3.2711912861245207e-06,-3.271191286076146e-06,0.6392463264423609,0.21468322705224807,0.8615923844201022,-0.8615923844202434,0.4633392138089643,0.23502463683843133,169117.91829490033,0.3559253215789795
8282.0,103000.0,103000.0,0.4086358658700534,-3.2711912861245207e-06,-3.271191286076146e-06,0.6392463264423609,0.21518978030940786,0.937704959118952,-0.8970543395288364,0.4638855250095327,0.23552744442083748,169359.2090596731,0.6782519817352295
8340.166666666666,103000.0,103000.0,0.40480988925157857,5.256814484307912e-06,5.2568144843518615e-06,0.6362467204250082,0.2045810676915788,0.6436721218238399,-0.6436721218238021,0.4523063871303599,0.2245787255509572,168369.53184873596,0.356795072555542
8340.333333333334,103000.0,103000.0,0.40480988925157857,5.256814484307912e-06,5.2568144843518615e-06,0.6362467204250082,0.205635751307514,0.6578581499704688,-0.6578581499704768,0.4534707834891318,0.22569850964749713,168409.87163129536,0.506986141204834
8340.5,103000.0,103000.0,0.40480988925157857,5.256814484307912e-06,5.2568144843518615e-06,0.6362467204250082,0.2066481977064067,0.7073137205428768,-0.6734096284128499,0.4545857431742363,0.22674697257194912,168461.33305027126,0.20427441596984863
8340.666666666666,103000.0,103000.0,0.40480988925157857,5.256814484307912e-06,5.2568144843518615e-06,0.6362467204250082,0.20759594285857605,0.7457391231716681,-0.6837936841674386,0.4556269779792864,0.22768297280001698,168521.54128964813,0.732215166091919
8340.833333333334,103000.0,103000.0,0.40480988925157857,5.256814484307912e-06,5.2568144843518615e-06,0.6362467204250082,0.20849071433811633,0.7708714312186452,-0.6996799401585329,0.4566078345356434,0.22862487447077992,168597.60195937558,0.705634593963623
8341.0,103000.0,103000.0,0.40480988925157857,5.256814484307912e-06,5.2568144843518615e-06,0.6362467204250082,0.20934384882770532,0.8044046948965126,-0.7236504406693072,0.4575410900263817,0.2294769542976832,168694.89189585103,0.20888161659240723
8341.166666666666,103000.0,103000.0,0.40480988925157857,5.256814484307912e-06,5.2568144843518615e-06,0.6362467204250082,0.21015858985942915,0.8374395565794358,-0.7537507319508979,0.45843057283367833,0.23030746932485113,168816.19737765577,0.2937936782836914
8341.333333333334,103000.0,103000.0,0.40480988925157857,5.256814484307912e-06,5.2568144843518615e-06,0.6362467204250082,0.21089856615836183,0.850106461040273,-0.7844537671760636,0.4592369393086939,0.23106577304260323,168952.89807790474,0.2314918041229248
8341.5,103000.0,103000.0,0.40480988925157857,5.256814484307912e-06,5.2568144843518615e-06,0.6362467204250082,0.21154495311220775,0.8393072846784712,-0.8053000742128026,0.4599401628297703,0.23169701285631553,169099.38960065736,0.25864577293395996
8341.666666666666,103000.0,103000.0,0.40480988925157857,5.256814484307912e-06,5.2568144843518615e-06,0.6362467204250082,0.21212341141445953,0.8267203175024872,-0.8267203232572834,0.46056857436013,0.2322856951178215,169262.78945141984,0.19698834419250488
8341.833333333334,103000.0,103000.0,0.40480988925157857,5.256814484307912e-06,5.2568144843518615e-06,0.6362467204250082,0.2126599209274378,0.8573864394499487,-0.8573865855999971,0.4611506491493666,0.23281164151904507,169449.82628817894,0.554194450378418
8342.0,103000.0,103000.0,0.40480988925157857,5.256814484307912e-06,5.2568144843518615e-06,0.6362467204250082,0.2131565620575767,0.8925403823330591,-0.8925403823330785,0.461688815485304,0.23330168587237038,169659.11220617397,0.19423508644104004
8400.166666666666,104000.0,104000.0,0.4059721524940251,7.574603752257269e-08,7.574603756656744e-08,0.6371594404024985,0.20516678379973657,0.6442267413333292,-0.6441996918082935,0.45295340147368557,0.22522178177614496,168311.01663816118,0.9884397983551025
8400.333333333334,104000.0,104000.0,0.4059721524940251,7.574603752257269e-08,7.574603756656744e-08,0.6371594404024985,0.2062230392766378,0.6582285021954437,-0.6581881400746352,0.45411786946840155,0.22634296824395853,168297.90769257513,0.501697301864624
8400.5,104000.0,104000.0,0.4059721524940251,7.574603752257269e-08,7.574603756656744e-08,0.6371594404024985,0.20723711309589862,0.6727963596825302,-0.6727878993815994,0.4552330317258241,0.22739263513716157,168296.306662083,0.2435908317565918
8400.666666666666,104000.0,104000.0,0.4059721524940251,7.574603752257269e-08,7.574603756656744e-08,0.6371594404024985,0.20818678868750354,0.6864758924109121,-0.6863849349776882,0.45627490479711624,0.22832978714439683,168306.58484712095,0.3303666114807129
8400.833333333334,104000.0,104000.0,0.4059721524940251,7.574603752257269e-08,7.574603756656744e-08,0.6371594404024985,0.2090838256324669,0.7005126101534503,-0.7004795895227434,0.4572568486956639,0.22927338275912854,168337.3000934505,0.4939389228820801
8401.0,104000.0,104000.0,0.4059721524940251,7.574603752257269e-08,7.574603756656744e-08,0.6371594404024985,0.2099398518672578,0.7229278021475393,-0.7229313757508146,0.45819193783919215,0.23012766024935638,168395.25893326945,0.30281686782836914
8401.166666666666,104000.0,104000.0,0.4059721524940251,7.574603752257269e-08,7.574603756656744e-08,0.6371594404024985,0.21075821661908722,0.756481425578544,-0.7564424495598249,0.4590841062837092,0.23096126456426583,168485.13138415222,0.20551180839538574
8401.333333333334,104000.0,104000.0,0.4059721524940251,7.574603752257269e-08,7.574603756656744e-08,0.6371594404024985,0.2115025074723863,0.7856735354155417,-0.7857461461223904,0.4598940176695819,0.23172362965393828,168600.858508734,0.1905050277709961
8401.5,104000.0,104000.0,0.4059721524940251,7.574603752257269e-08,7.574603756656744e-08,0.6371594404024985,0.21215441854112516,0.8053848620095926,-0.805362027430772,0.4606022346327935,0.2323604273247237,168739.4240081587,0.28174734115600586
8401.666666666666,104000.0,104000.0,0.4059721524940251,7.574603752257269e-08,7.574603756656744e-08,0.6371594404024985,0.2127392511193863,0.8286660734404135,-0.8291374526341402,0.4612366541394448,0.2329562565100686,168907.5459814755,0.360034704208374
8401.833333333334,104000.0,104000.0,0.4059721524940251,7.574603752257269e-08,7.574603756656744e-08,0.6371594404024985,0.2132822926893445,0.8566176517751217,-0.8566772054638536,0.4618249589289714,0.23349022692351165,169110.29435907333,0.3484666347503662
8402.0,104000.0,104000.0,0.4059721524940251,7.574603752257269e-08,7.574603756656744e-08,0.6371594404024985,0.21378569794161434,0.8952673865551769,-0.8952673865520284,0.462369655083233,0.23398953159356267,169346.11852842956,0.41726136207580566
8460.166666666666,105000.0,105000.0,0.3999274254062465,-6.342035510712574e-06,-6.3420355106653095e-06,0.632398154176818,0.20211270242528326,0.6380377602688995,-0.6380385117417025,0.44956946354135313,0.2218691151024986,168336.7540803608,0.5609292984008789
8460.333333333334,105000.0,105000.0,0.3999274254062465,-6.342035510712574e-06,-6.3420355106653095e-06,0.632398154176818,0.20315468955823976,0.6523896033944006,-0.6524851698462345,0.45072684599944896,0.22297538864416871,168376.75609863363,0.33356547355651855
8460.5,105000.0,105000.0,0.3999274254062465,-6.342035510712574e-06,-6.3420355106653095e-06,0.632398154176818,0.20415503682207067,0.6691418430167857,-0.688185315226794,0.45183518786055593,0.22401123239288936,168428.99094196275,0.33501553535461426
8460.666666666666,105000.0,105000.0,0.3999274254062465,-6.342035510712574e-06,-6.3420355106653095e-06,0.632398154176818,0.20509157240428677,0.6813976998036756,-0.7352936099381547,0.4528703706206632,0.22493615264335082,168491.1960229169,1.1803500652313232
8460.833333333334,105000.0,105000.0,0.3999274254062465,-6.342035510712574e-06,-6.3420355106653095e-06,0.632398154176818,0.20597580138262647,0.6935550694833243,-0.7684088203444285,0.45384557019215266,0.2258669393155005,168570.2010843759,0.1789090633392334
8461.0,105000.0,105000.0,0.3999274254062465,-6.342035510712574e-06,-6.3420355106653095e-06,0.632398154176818,0.20681896032568012,0.7191398303337138,-0.8117407867129661,0.45477352665008813,0.22670909303446504,168671.28220457368,0.1986408233642578
8461.166666666666,105000.0,105000.0,0.3999274254062465,-6.342035510712574e-06,-6.3420355106653095e-06,0.632398154176818,0.20762423856770337,0.7512402533119923,-0.8565427878054788,0.45565802835043145,0.22753007137774167,168797.23484160998,0.6970334053039551
8461.333333333334,105000.0,105000.0,0.3999274254062465,-6.342035510712574e-06,-6.3420355106653095e-06,0.632398154176818,0.20835565891387273,0.7782291662024301,-0.8810704421477533,0.4564599206569556,0.2282797316212144,168939.30978290015,0.4371449947357178
8461.5,105000.0,105000.0,0.3999274254062465,-6.342035510712574e-06,-6.3420355106653095e-06,0.632398154176818,0.20899465329281047,0.8009639782751863,-0.8809969836760845,0.4571593305981829,0.22890396768291532,169091.80993880524,0.25708770751953125
8461.666666666666,105000.0,105000.0,0.3999274254062465,-6.342035510712574e-06,-6.3420355106653095e-06,0.632398154176818,0.20956644675944253,0.8214696006079809,-0.8687006253765194,0.4577842800109957,0.2294861153584879,169261.45604748916,0.4099006652832031
8461.833333333334,105000.0,105000.0,0.3999274254062465,-6.342035510712574e-06,-6.3420355106653095e-06,0.632398154176818,0.2100965902306395,0.8519210887979192,-0.8561586749399649,0.4583629462649903,0.23000611046046615,169454.54631231853,0.2245185375213623
8462.0,105000.0,105000.0,0.3999274254062465,-6.342035510712574e-06,-6.3420355106653095e-06,0.632398154176818,0.2105871345567327,0.8881135982652869,-0.8881135982653022,0.4588977389802761,0.230490532425568,169669.52661684866,0.19850373268127441
8520.166666666666,105000.0,105000.0,0.3999412324565356,2.043336160131505e-06,2.0433361601745602e-06,0.6324090705046344,0.202119821577457,0.6395662759535018,-0.6395662759534558,0.4495773812202507,0.2218769435741757,168344.01460344385,0.19304847717285156
8520.333333333334,105000.0,105000.0,0.3999412324565356,2.043336160131505e-06,2.0433361601745602e-06,0.6324090705046344,0.20316037412522756,0.6537442869210356,-0.6537442869210068,0.4507331519208224,0.22298149417190086,168331.69779409067,0.18786168098449707
8520.5,105000.0,105000.0,0.3999412324565356,2.043336160131505e-06,2.0433361601745602e-06,0.6324090705046344,0.20415928298519723,0.6695767719597805,-0.6695866938346208,0.45183988655810087,0.22401555670047638,168329.78381342086,0.504204273223877
8520.666666666666,105000.0,105000.0,0.3999412324565356,2.043336160131505e-06,2.0433361601745602e-06,0.6324090705046344,0.2050946379045811,0.6800947132200664,-0.680182468604448,0.45287375501848365,0.22493859231359856,168338.50905993755,0.35918378829956055
8520.833333333334,105000.0,105000.0,0.3999412324565356,2.043336160131505e-06,2.0433361601745602e-06,0.6324090705046344,0.2059781041426139,0.6951279218778671,-0.6951279218778924,0.4538481069785308,0.2258679355398411,168366.69248008737,0.20038199424743652
8521.0,105000.0,105000.0,0.3999412324565356,2.043336160131505e-06,2.0433361601745602e-06,0.6324090705046344,0.20682109841139495,0.7195531220710326,-0.7196815809357389,0.4547758771768252,0.22670917645521993,168421.2282162055,0.20061087608337402
8521.166666666666,105000.0,105000.0,0.3999412324565356,2.043336160131505e-06,2.0433361601745602e-06,0.6324090705046344,0.20762693432103038,0.7501121694366475,-0.7501499997795659,0.4556609862160494,0.22752991505000306,168506.76112115933,0.20842576026916504
8521.333333333334,105000.0,105000.0,0.3999412324565356,2.043336160131505e-06,2.0433361601745602e-06,0.6324090705046344,0.20835978406668454,0.7792225164152465,-0.7794375205439655,0.4564644390268592,0.22828044071366727,168617.33829989738,0.3877873420715332
8521.5,105000.0,105000.0,0.3999412324565356,2.043336160131505e-06,2.0433361601745602e-06,0.6324090705046344,0.20900157963920074,0.8009835360869696,-0.8010032217386099,0.45716690568879603,0.22890714237841947,168750.01330944613,0.6461081504821777
8521.666666666666,105000.0,105000.0,0.3999412324565356,2.043336160131505e-06,2.0433361601745602e-06,0.6324090705046344,0.20957737518341807,0.8209469217272474,-0.8212431164251752,0.45779621579106244,0.22949351350767416,168911.90146230918,0.3012270927429199
8521.833333333334,105000.0,105000.0,0.3999412324565356,2.043336160131505e-06,2.0433361601745602e-06,0.6324090705046344,0.21011220359577487,0.8532019333589749,-0.8525523760141931,0.4583799773119315,0.23001910780967916,169108.5139648103,0.57389235496521
8522.0,105000.0,105000.0,0.3999412324565356,2.043336160131505e-06,2.0433361601745602e-06,0.6324090705046344,0.21060819140878895,0.8860604222624308,-0.8864116766148248,0.4589206809570711,0.23051064329038334,169338.46640183943,0.21201515197753906
8580.166666666666,106000.0,106000.0,0.39578792095776516,-2.4951653934926517e-06,-2.495165393447331e-06,0.6291167784742075,0.2000198239555503,0.6363869338829209,-0.6363862109512908,0.4472357589191259,0.21957169481744404,168303.81811195984,0.20605707168579102
8580.333333333334,106000.0,106000.0,0.39578792095776516,-2.4951653934926517e-06,-2.495165393447331e-06,0.6291167784742075,0.20105102502048547,0.650385706569934,-0.6502870873846965,0.44838713757483156,0.22066648311515757,168342.58132502664,0.633371114730835
8580.5,106000.0,106000.0,0.39578792095776516,-2.4951653934926517e-06,-2.495165393447331e-06,0.6291167784742075,0.20204110493454994,0.665867833760292,-0.6650882259898159,0.44948982755673245,0.22169160077323374,168394.66676735025,0.7147669792175293
8580.666666666666,106000.0,106000.0,0.39578792095776516,-2.4951653934926517e-06,-2.495165393447331e-06,0.6291167784742075,0.2029681470710716,0.7193229548303774,-0.6772628879548681,0.45051986330195715,0.22260712380888903,168457.9679462657,0.1922914981842041
8580.833333333334,106000.0,106000.0,0.39578792095776516,-2.4951653934926517e-06,-2.495165393447331e-06,0.6291167784742075,0.2038434592362428,0.760077503141186,-0.6918943625230968,0.4514902650270431,0.22352849612790365,168539.07046338133,0.5356948375701904
8581.0,106000.0,106000.0,0.39578792095776516,-2.4951653934926517e-06,-2.495165393447331e-06,0.6291167784742075,0.20467820129917597,0.8127658622419511,-0.7146757402061125,0.4524137503373664,0.22436226731399125,168643.176536899,0.20281505584716797
8581.166666666666,106000.0,106000.0,0.39578792095776516,-2.4951653934926517e-06,-2.495165393447331e-06,0.6291167784742075,0.20547551664210034,0.8688593538306414,-0.7462627792138758,0.4532940732628644,0.2251752228424095,168773.122602579,0.5846719741821289
8581.333333333334,106000.0,106000.0,0.39578792095776516,-2.4951653934926517e-06,-2.495165393447331e-06,0.6291167784742075,0.20619975849879146,0.9049266331515414,-0.7759177821639921,0.45409223593114495,0.225917639494923,168920.07742071888,0.5854990482330322
8581.5,106000.0,106000.0,0.39578792095776516,-2.4951653934926517e-06,-2.495165393447331e-06,0.6291167784742075,0.20683258893654172,0.9154592611335558,-0.7950191454774289,0.45478851038883195,0.22653606443720148,169078.29760437104,0.7487919330596924
8581.666666666666,106000.0,106000.0,0.39578792095776516,-2.4951653934926517e-06,-2.495165393447331e-06,0.6291167784742075,0.20739884308446488,0.913209182758275,-0.8181175812237927,0.45541063156067013,0.2271128224768506,169254.11046860204,0.9373719692230225
8581.833333333334,106000.0,106000.0,0.39578792095776516,-2.4951653934926517e-06,-2.495165393447331e-06,0.6291167784742075,0.20792368318721616,0.9114289475097668,-0.8468051936505804,0.45598649481737635,0.22762792160671352,169453.36658630538,0.5686473846435547
8582.0,106000.0,106000.0,0.39578792095776516,-2.4951653934926517e-06,-2.495165393447331e-06,0.6291167784742075,0.20840913569608957,0.9089924209633294,-0.8836258157478963,0.4565184946681753,0.22810773763213324,169674.34716012207,1.135066270828247
8640.166666666666,106000.0,107000.0,0.3914501441641281,5.925062667310185e-06,-9.296189396320078e-06,0.6256597670972044,0.19782951250380795,0.6316849605269909,-0.6316849605270468,0.4447802970567935,0.21716722331864416,168376.60669422374,0.30144309997558594
8640.333333333334,106000.0,107000.0,0.3914501441641281,5.925062667310185e-06,-9.296189396320078e-06,0.6256597670972044,0.19884798636722364,0.6452776904533307,-0.6452776904533424,0.4459237451657369,0.21824837204528563,168365.96570340075,0.17392444610595703
8640.5,106000.0,107000.0,0.3914501441641281,5.925062667310185e-06,-9.296189396320078e-06,0.6256597670972044,0.19982561467708448,0.6614529612059551,-0.6614529613961443,0.4470185843983275,0.21926050011637152,168364.6630975683,0.20859527587890625
8640.666666666666,106000.0,107000.0,0.3914501441641281,5.925062667310185e-06,-9.296189396320078e-06,0.6256597670972044,0.20074092496471818,0.6742540175373694,-0.6742540213244604,0.4480412091145227,0.2201637820617513,168372.7589965907,0.8986830711364746
8640.833333333334,106000.0,107000.0,0.3914501441641281,5.925062667310185e-06,-9.296189396320078e-06,0.6256597670972044,0.20160541015834696,0.6870045428430249,-0.687004542843004,0.44900491115740265,0.2210731912786358,168399.29731739085,0.5519504547119141
8641.0,106000.0,107000.0,0.3914501441641281,5.925062667310185e-06,-9.296189396320078e-06,0.6256597670972044,0.20243020424270178,0.7108977084174998,-0.7108977084175673,0.4499224425519389,0.22189625201480692,168451.23151608204,0.38113999366760254
8641.166666666666,106000.0,107000.0,0.3914501441641281,5.925062667310185e-06,-9.296189396320078e-06,0.6256597670972044,0.20321856212769085,0.7432458887580362,-0.7432458887579644,0.45079769540613,0.22269910226454964,168533.14999097094,0.6250889301300049
8641.333333333334,106000.0,107000.0,0.3914501441641281,5.925062667310185e-06,-9.296189396320078e-06,0.6256597670972044,0.20393545654667336,0.7709561234587439,-0.7707522170731869,0.4515921352199877,0.22343318075799334,168639.15735503816,0.40012097358703613
8641.5,106000.0,107000.0,0.3914501441641281,5.925062667310185e-06,-9.296189396320078e-06,0.6256597670972044,0.2045631616905205,0.7920139322041377,-0.7919763955379506,0.45228659246336383,0.22404591907337343,168766.32958437304,0.2995164394378662
8641.666666666666,106000.0,107000.0,0.3914501441641281,5.925062667310185e-06,-9.296189396320078e-06,0.6256597670972044,0.20512632754991494,0.8136012320657511,-0.8133192103626693,0.4529087408848052,0.2246191822712057,168922.169078512,0.23246455192565918
8641.833333333334,106000.0,107000.0,0.3914501441641281,5.925062667310185e-06,-9.296189396320078e-06,0.6256597670972044,0.20564958168526176,0.8422344640729467,-0.8421230538298525,0.4534860325286945,0.2251330942086927,169112.6379809588,1.4162001609802246
8642.0,106000.0,107000.0,0.3914501441641281,5.925062667310185e-06,-9.296189396320078e-06,0.6256597670972044,0.2061350079583793,0.8793921240309199,-0.8790576428340745,0.45402093340009103,0.2256137343995078,169336.51381413444,0.8571085929870605
8700.166666666666,107000.0,107000.0,0.3944864891379866,-5.531946529113126e-07,-5.531946528687705e-07,0.6280815943314902,0.19936126271600363,0.6347538383018276,-0.6347540711041685,0.44649889450580044,0.21884879460586298,168271.84748768568,0.6071605682373047
8700.333333333334,107000.0,107000.0,0.3944864891379866,-5.531946529113126e-07,-5.531946528687705e-07,0.6280815943314902,0.20038904748194014,0.6489071030611349,-0.648907313555696,0.44764835259492086,0.21993991983965738,168308.5130897678,0.26494383811950684
8700.5,107000.0,107000.0,0.3944864891379866,-5.531946529113126e-07,-5.531946528687705e-07,0.6280815943314902,0.20137593146709434,0.6649981923809423,-0.6649981923809121,0.4487492970310125,0.22096163187988657,168359.53137920005,0.37297868728637695
8700.666666666666,107000.0,107000.0,0.3944864891379866,-5.531946529113126e-07,-5.531946528687705e-07,0.6280815943314902,0.20230009946916733,0.6761324431238306,-0.6998664368770642,0.4497778336075582,0.22187428354201974,168422.99050776614,0.20969700813293457
8700.833333333334,107000.0,107000.0,0.3944864891379866,-5.531946529113126e-07,-5.531946528687705e-07,0.6280815943314902,0.20317274885719613,0.6898090757386157,-0.7480045051663655,0.4507468790934499,0.22279281498604112,168505.2719931038,0.18791675567626953
8701.0,107000.0,107000.0,0.3944864891379866,-5.531946529113126e-07,-5.531946528687705e-07,0.6280815943314902,0.20400504428873958,0.7146541431106647,-0.8097220788032026,0.45166917590456085,0.2236241534280991,168611.5336152932,0.3042447566986084
8701.166666666666,107000.0,107000.0,0.3944864891379866,-5.531946529113126e-07,-5.531946528687705e-07,0.6280815943314902,0.20480010832631826,0.7456158849828664,-0.8767496568750918,0.4525484598570969,0.22443489246592377,168744.6831884014,0.20177793502807617
8701.333333333334,107000.0,107000.0,0.3944864891379866,-5.531946529113126e-07,-5.531946528687705e-07,0.6280815943314902,0.20552237319514396,0.7731333204010566,-0.924097546060514,0.45334575481603323,0.22517538302405307,168895.85709731473,0.7802455425262451
8701.5,107000.0,107000.0,0.3944864891379866,-5.531946529113126e-07,-5.531946528687705e-07,0.6280815943314902,0.2061536065225476,0.7956747326749466,-0.9451112288888432,0.45404141523748115,0.22579244690681058,169059.31363155151,0.18728041648864746
8701.666666666666,107000.0,107000.0,0.3944864891379866,-5.531946529113126e-07,-5.531946528687705e-07,0.6280815943314902,0.2067184337669695,0.8144180741040651,-0.9528501024944956,0.454662989484673,0.22636799668003557,169241.00342716472,0.9841070175170898
8701.833333333334,107000.0,107000.0,0.3944864891379866,-5.531946529113126e-07,-5.531946528687705e-07,0.6280815943314902,0.20724180509277085,0.8466591588317717,-0.96176702306603,0.4552381852937263,0.22688196807281302,169446.3275007086,0.1725304126739502
8702.0,107000.0,107000.0,0.3944864891379866,-5.531946529113126e-07,-5.531946528687705e-07,0.6280815943314902,0.20772573847701592,0.8808625944689474,-0.9712987687842426,0.4557693920678872,0.22736072189847817,169673.40951776603,0.5145981311798096
8760.166666666666,107000.0,107000.0,0.3876467753298554,7.700445325769986e-06,7.700445325808517e-06,0.6226128615197853,0.19590819830312028,0.6299096090916677,-0.6302120034934928,0.4426151810185326,0.2150580680855174,168407.68113152316,0.25590968132019043
8760.333333333334,107000.0,107000.0,0.3876467753298554,7.700445325769986e-06,7.700445325808517e-06,0.6226128615197853,0.1969168134783045,0.6437502181565454,-0.644027114784717,0.4437530998588657,0.21612878769960917,168399.54245189886,0.582763671875
8760.5,107000.0,107000.0,0.3876467753298554,7.700445325769986e-06,7.700445325808517e-06,0.6226128615197853,0.1978848984775207,0.6587750826420861,-0.658775082468654,0.44484255486582625,0.21713113060618316,168399.75466546876,0.690220832824707
8760.666666666666,107000.0,107000.0,0.3876467753298554,7.700445325769986e-06,7.700445325808517e-06,0.6226128615197853,0.19879115913216427,0.6695820271785139,-0.6701164776333122,0.4458600220401677,0.2180255193780128,168408.16625805284,1.242475986480713
8760.833333333334,107000.0,107000.0,0.3876467753298554,7.700445325769986e-06,7.700445325808517e-06,0.6226128615197853,0.19964704545781806,0.684765301358998,-0.6847653013588045,0.44681880618924813,0.21892592454063686,168434.00231779,1.4676060676574707
8761.0,107000.0,107000.0,0.3876467753298554,7.700445325769986e-06,7.700445325808517e-06,0.6226128615197853,0.20046354202748967,0.7079130874625256,-0.7079130874624588,0.44773155139822907,0.21974070072699103,168484.24529939957,0.7298142910003662
8761.166666666666,107000.0,107000.0,0.3876467753298554,7.700445325769986e-06,7.700445325808517e-06,0.6226128615197853,0.20124388110439304,0.7376819583363151,-0.7376813988972365,0.448602141301363,0.22053531559979475,168563.39778439756,0.5991790294647217
8761.333333333334,107000.0,107000.0,0.3876467753298554,7.700445325769986e-06,7.700445325808517e-06,0.6226128615197853,0.2019534110524845,0.76780113078058,-0.7677972522745264,0.44939226864490106,0.22126176155113458,168665.5713946416,1.0413720607757568
8761.5,107000.0,107000.0,0.3876467753298554,7.700445325769986e-06,7.700445325808517e-06,0.6226128615197853,0.20257453071242115,0.7876878318231604,-0.7877292884713958,0.4500828043384063,0.2218678820622388,168787.8163230315,0.9766638278961182
8761.666666666666,107000.0,107000.0,0.3876467753298554,7.700445325769986e-06,7.700445325808517e-06,0.6226128615197853,0.2031317745495652,0.80936348960936,-0.8092992294006272,0.450701425096434,0.22243488093741687,168937.9987056104,0.6932210922241211
8761.833333333334,107000.0,107000.0,0.3876467753298554,7.700445325769986e-06,7.700445325808517e-06,0.6226128615197853,0.20364965904460225,0.8387582957037172,-0.8388740731311661,0.45127559104239545,0.22294321047616594,169122.5258803188,0.4911537170410156
8762.0,107000.0,107000.0,0.3876467753298554,7.700445325769986e-06,7.700445325808517e-06,0.6226128615197853,0.20413024890272158,0.8742523369688916,-0.8738583524797692,0.45180775659565336,0.22341862697128378,169340.3275161267,1.102463960647583
